uuid,spot_number,shot_number,shots_in_spot,image_filename,image_width,image_height,image_quality,capture_datetime,latitude,longitude,altitude_m,altitude_accuracy_m,gps_accuracy_m,gps_reading_count,camera_pitch,camera_roll,camera_heading,municipality,barangay,farm_name,crops,temperature_c,humidity_percent,notes,device_id,capture_mode,source_file,source_directory
aeeed204,1,1,10,images/2026/01/21/latrinidad_balili_bsuback_20260121_003127_aeeed204.jpg,1080,1080,1080p,2026-01-21T00:31:27.435Z,16.453933,120.591581,1363.0,6.0,3.3,1.0,18,-8,4,La Trinidad,Balili,BSU Back,"cabbage,custom_chinese_cabbage",16.9,79.0,,TECNO_TECNO_CM8_5EAA20,field,agricapture_data.csv,1st-50-batch
a18676dc,1,2,10,images/2026/01/21/latrinidad_balili_bsuback_20260121_003130_a18676dc.jpg,1080,1080,1080p,2026-01-21T00:31:30.356Z,16.453933,120.591581,1363.0,6.0,3.3,1.0,18,1,355,La Trinidad,Balili,BSU Back,"cabbage,custom_chinese_cabbage",16.9,79.0,,TECNO_TECNO_CM8_5EAA20,field,agricapture_data.csv,1st-50-batch
f781136b,1,3,10,images/2026/01/21/latrinidad_balili_bsuback_20260121_003133_f781136b.jpg,1080,1080,1080p,2026-01-21T00:31:33.202Z,16.453933,120.591581,1363.0,6.0,3.3,1.0,18,26,346,La Trinidad,Balili,BSU Back,"cabbage,custom_chinese_cabbage",16.9,79.0,,TECNO_TECNO_CM8_5EAA20,field,agricapture_data.csv,1st-50-batch
7cfb041f,1,4,10,images/2026/01/21/latrinidad_balili_bsuback_20260121_003137_7cfb041f.jpg,1080,1080,1080p,2026-01-21T00:31:37.907Z,16.453933,120.591581,1363.0,6.0,3.3,1.0,38,33,331,La Trinidad,Balili,BSU Back,"cabbage,custom_chinese_cabbage",16.9,79.0,,TECNO_TECNO_CM8_5EAA20,field,agricapture_data.csv,1st-50-batch
db27f1eb,1,5,10,images/2026/01/21/latrinidad_balili_bsuback_20260121_003140_db27f1eb.jpg,1080,1080,1080p,2026-01-21T00:31:40.736Z,16.453933,120.591581,1363.0,6.0,3.3,1.0,46,32,342,La Trinidad,Balili,BSU Back,"cabbage,custom_chinese_cabbage",16.9,79.0,,TECNO_TECNO_CM8_5EAA20,field,agricapture_data.csv,1st-50-batch
96bf360c,1,6,10,images/2026/01/21/latrinidad_balili_bsuback_20260121_003144_96bf360c.jpg,1080,1080,1080p,2026-01-21T00:31:44.907Z,16.453933,120.591581,1363.0,6.0,3.3,1.0,39,-18,8,La Trinidad,Balili,BSU Back,"cabbage,custom_chinese_cabbage",16.9,79.0,,TECNO_TECNO_CM8_5EAA20,field,agricapture_data.csv,1st-50-batch
112ef8c4,1,7,10,images/2026/01/21/latrinidad_balili_bsuback_20260121_003149_112ef8c4.jpg,1080,1080,1080p,2026-01-21T00:31:49.926Z,16.453933,120.591581,1363.0,6.0,3.3,1.0,20,-43,325,La Trinidad,Balili,BSU Back,"cabbage,custom_chinese_cabbage",16.9,79.0,,TECNO_TECNO_CM8_5EAA20,field,agricapture_data.csv,1st-50-batch
1275bf50,1,8,10,images/2026/01/21/latrinidad_balili_bsuback_20260121_003200_1275bf50.jpg,1080,1080,1080p,2026-01-21T00:32:00.437Z,16.453933,120.591581,1363.0,6.0,3.3,1.0,43,11,99,La Trinidad,Balili,BSU Back,"cabbage,custom_chinese_cabbage",16.9,79.0,,TECNO_TECNO_CM8_5EAA20,field,agricapture_data.csv,1st-50-batch
7abe8ee7,1,9,10,images/2026/01/21/latrinidad_balili_bsuback_20260121_003203_7abe8ee7.jpg,1080,1080,1080p,2026-01-21T00:32:03.762Z,16.453933,120.591581,1363.0,6.0,3.3,1.0,20,51,72,La Trinidad,Balili,BSU Back,"cabbage,custom_chinese_cabbage",16.9,79.0,,TECNO_TECNO_CM8_5EAA20,field,agricapture_data.csv,1st-50-batch
fb7138ab,1,10,10,images/2026/01/21/latrinidad_balili_bsuback_20260121_003211_fb7138ab.jpg,1080,1080,1080p,2026-01-21T00:32:11.445Z,16.453933,120.591581,1363.0,6.0,3.3,1.0,15,-6,356,La Trinidad,Balili,BSU Back,"cabbage,custom_chinese_cabbage",16.9,79.0,,TECNO_TECNO_CM8_5EAA20,field,agricapture_data.csv,1st-50-batch
6c88ac7d,2,1,10,images/2026/01/21/latrinidad_balili_bsuback_20260121_003253_6c88ac7d.jpg,1080,1080,1080p,2026-01-21T00:32:53.239Z,16.453927,120.591525,1359.0,2.0,3.0,1.0,24,33,301,La Trinidad,Balili,BSU Back,"cabbage,custom_chinese_cabbage",16.9,79.0,,TECNO_TECNO_CM8_5EAA20,field,agricapture_data.csv,1st-50-batch
334240c9,2,2,10,images/2026/01/21/latrinidad_balili_bsuback_20260121_003256_334240c9.jpg,1080,1080,1080p,2026-01-21T00:32:56.622Z,16.453922,120.591506,1358.0,15.0,3.0,1.0,23,33,294,La Trinidad,Balili,BSU Back,"cabbage,custom_chinese_cabbage",16.9,79.0,,TECNO_TECNO_CM8_5EAA20,field,agricapture_data.csv,1st-50-batch
ab7d4593,2,3,10,images/2026/01/21/latrinidad_balili_bsuback_20260121_003300_ab7d4593.jpg,1080,1080,1080p,2026-01-21T00:33:00.045Z,16.453922,120.591506,1358.0,15.0,3.0,1.0,30,37,329,La Trinidad,Balili,BSU Back,"cabbage,custom_chinese_cabbage",16.9,79.0,,TECNO_TECNO_CM8_5EAA20,field,agricapture_data.csv,1st-50-batch
89dd44c7,2,4,10,images/2026/01/21/latrinidad_balili_bsuback_20260121_003304_89dd44c7.jpg,1080,1080,1080p,2026-01-21T00:33:04.403Z,16.453922,120.591506,1358.0,15.0,3.0,1.0,15,-46,3,La Trinidad,Balili,BSU Back,"cabbage,custom_chinese_cabbage",16.9,79.0,,TECNO_TECNO_CM8_5EAA20,field,agricapture_data.csv,1st-50-batch
7a20fcfe,2,5,10,images/2026/01/21/latrinidad_balili_bsuback_20260121_003309_7a20fcfe.jpg,1080,1080,1080p,2026-01-21T00:33:09.890Z,16.453922,120.591506,1358.0,15.0,3.0,1.0,12,52,110,La Trinidad,Balili,BSU Back,"cabbage,custom_chinese_cabbage",16.9,79.0,,TECNO_TECNO_CM8_5EAA20,field,agricapture_data.csv,1st-50-batch
2a6889bd,2,6,10,images/2026/01/21/latrinidad_balili_bsuback_20260121_003313_2a6889bd.jpg,1080,1080,1080p,2026-01-21T00:33:13.683Z,16.453922,120.591506,1358.0,15.0,3.0,1.0,16,-50,199,La Trinidad,Balili,BSU Back,"cabbage,custom_chinese_cabbage",16.9,79.0,,TECNO_TECNO_CM8_5EAA20,field,agricapture_data.csv,1st-50-batch
c169c15d,2,7,10,images/2026/01/21/latrinidad_balili_bsuback_20260121_003316_c169c15d.jpg,1080,1080,1080p,2026-01-21T00:33:16.708Z,16.453922,120.591506,1358.0,15.0,3.0,1.0,18,-41,200,La Trinidad,Balili,BSU Back,"cabbage,custom_chinese_cabbage",16.9,79.0,,TECNO_TECNO_CM8_5EAA20,field,agricapture_data.csv,1st-50-batch
14b7b2d2,2,8,10,images/2026/01/21/latrinidad_balili_bsuback_20260121_003320_14b7b2d2.jpg,1080,1080,1080p,2026-01-21T00:33:20.770Z,16.453922,120.591506,1358.0,15.0,3.0,1.0,16,51,166,La Trinidad,Balili,BSU Back,"cabbage,custom_chinese_cabbage",16.9,79.0,,TECNO_TECNO_CM8_5EAA20,field,agricapture_data.csv,1st-50-batch
8089d36b,2,9,10,images/2026/01/21/latrinidad_balili_bsuback_20260121_003324_8089d36b.jpg,1080,1080,1080p,2026-01-21T00:33:24.573Z,16.453922,120.591506,1358.0,15.0,3.0,1.0,48,1,159,La Trinidad,Balili,BSU Back,"cabbage,custom_chinese_cabbage",16.9,79.0,,TECNO_TECNO_CM8_5EAA20,field,agricapture_data.csv,1st-50-batch
f3a634a8,2,10,10,images/2026/01/21/latrinidad_balili_bsuback_20260121_003328_f3a634a8.jpg,1080,1080,1080p,2026-01-21T00:33:28.796Z,16.453922,120.591506,1358.0,15.0,3.0,1.0,33,2,177,La Trinidad,Balili,BSU Back,"cabbage,custom_chinese_cabbage",16.9,79.0,,TECNO_TECNO_CM8_5EAA20,field,agricapture_data.csv,1st-50-batch
55315d2c,4,1,10,images/2026/01/21/latrinidad_balili_bsuback_20260121_003629_55315d2c.jpg,1080,1080,1080p,2026-01-21T00:36:29.431Z,16.453982,120.59158,1358.0,8.0,3.2,1.0,18,-46,12,La Trinidad,Balili,BSU Back,"cabbage,custom_chinese_cabbage",16.9,79.0,,TECNO_TECNO_CM8_5EAA20,field,agricapture_data.csv,1st-50-batch
ee421acd,4,2,10,images/2026/01/21/latrinidad_balili_bsuback_20260121_003632_ee421acd.jpg,1080,1080,1080p,2026-01-21T00:36:32.033Z,16.453982,120.59158,1358.0,8.0,3.2,1.0,10,-45,19,La Trinidad,Balili,BSU Back,"cabbage,custom_chinese_cabbage",16.9,79.0,,TECNO_TECNO_CM8_5EAA20,field,agricapture_data.csv,1st-50-batch
281325cc,4,3,10,images/2026/01/21/latrinidad_balili_bsuback_20260121_003635_281325cc.jpg,1080,1080,1080p,2026-01-21T00:36:35.067Z,16.45397,120.591565,1358.0,8.0,3.0,1.0,6,-52,64,La Trinidad,Balili,BSU Back,"cabbage,custom_chinese_cabbage",16.9,79.0,,TECNO_TECNO_CM8_5EAA20,field,agricapture_data.csv,1st-50-batch
a267e8e4,4,4,10,images/2026/01/21/latrinidad_balili_bsuback_20260121_003642_a267e8e4.jpg,1080,1080,1080p,2026-01-21T00:36:42.426Z,16.453973,120.591587,1358.0,8.0,3.0,1.0,-3,-58,94,La Trinidad,Balili,BSU Back,"cabbage,custom_chinese_cabbage",16.9,79.0,,TECNO_TECNO_CM8_5EAA20,field,agricapture_data.csv,1st-50-batch
1cbd1b47,4,5,10,images/2026/01/21/latrinidad_balili_bsuback_20260121_003652_1cbd1b47.jpg,1080,1080,1080p,2026-01-21T00:36:52.449Z,16.453985,120.591603,1358.0,8.0,3.0,1.0,-3,-64,168,La Trinidad,Balili,BSU Back,"cabbage,custom_chinese_cabbage",16.9,79.0,,TECNO_TECNO_CM8_5EAA20,field,agricapture_data.csv,1st-50-batch
e1fd8742,4,6,10,images/2026/01/21/latrinidad_balili_bsuback_20260121_003655_e1fd8742.jpg,1080,1080,1080p,2026-01-21T00:36:55.349Z,16.453985,120.591603,1358.0,8.0,3.0,1.0,-4,-62,180,La Trinidad,Balili,BSU Back,"cabbage,custom_chinese_cabbage",16.9,79.0,,TECNO_TECNO_CM8_5EAA20,field,agricapture_data.csv,1st-50-batch
4c2520cf,4,7,10,images/2026/01/21/latrinidad_balili_bsuback_20260121_003658_4c2520cf.jpg,1080,1080,1080p,2026-01-21T00:36:58.394Z,16.453985,120.591603,1358.0,8.0,3.0,1.0,-3,-59,184,La Trinidad,Balili,BSU Back,"cabbage,custom_chinese_cabbage",16.9,79.0,,TECNO_TECNO_CM8_5EAA20,field,agricapture_data.csv,1st-50-batch
159c3310,4,8,10,images/2026/01/21/latrinidad_balili_bsuback_20260121_003702_159c3310.jpg,1080,1080,1080p,2026-01-21T00:37:02.237Z,16.453985,120.591603,1358.0,8.0,3.0,1.0,-2,-61,195,La Trinidad,Balili,BSU Back,"cabbage,custom_chinese_cabbage",16.9,79.0,,TECNO_TECNO_CM8_5EAA20,field,agricapture_data.csv,1st-50-batch
5b589b5c,4,9,10,images/2026/01/21/latrinidad_balili_bsuback_20260121_003705_5b589b5c.jpg,1080,1080,1080p,2026-01-21T00:37:05.648Z,16.453985,120.591603,1358.0,8.0,3.0,1.0,-1,-59,186,La Trinidad,Balili,BSU Back,"cabbage,custom_chinese_cabbage",16.9,79.0,,TECNO_TECNO_CM8_5EAA20,field,agricapture_data.csv,1st-50-batch
acc00303,4,10,10,images/2026/01/21/latrinidad_balili_bsuback_20260121_003708_acc00303.jpg,1080,1080,1080p,2026-01-21T00:37:08.459Z,16.453985,120.591603,1358.0,8.0,3.0,1.0,-1,-55,187,La Trinidad,Balili,BSU Back,"cabbage,custom_chinese_cabbage",16.9,79.0,,TECNO_TECNO_CM8_5EAA20,field,agricapture_data.csv,1st-50-batch
fe0d4ddb,7,1,10,images/2026/01/21/latrinidad_balili_bsuback_20260121_004256_fe0d4ddb.jpg,1080,1080,1080p,2026-01-21T00:42:56.726Z,16.45386,120.591508,1365.0,15.0,3.5,1.0,21,-41,165,La Trinidad,Balili,BSU Back,potato,18.0,71.0,,TECNO_TECNO_CM8_5EAA20,field,agricapture_data.csv,1st-50-batch
526d2fca,7,2,10,images/2026/01/21/latrinidad_balili_bsuback_20260121_004259_526d2fca.jpg,1080,1080,1080p,2026-01-21T00:42:59.596Z,16.45386,120.591508,1365.0,15.0,3.5,1.0,11,-48,190,La Trinidad,Balili,BSU Back,potato,18.0,71.0,,TECNO_TECNO_CM8_5EAA20,field,agricapture_data.csv,1st-50-batch
704ad8fd,7,3,10,images/2026/01/21/latrinidad_balili_bsuback_20260121_004302_704ad8fd.jpg,1080,1080,1080p,2026-01-21T00:43:02.282Z,16.45386,120.591508,1365.0,15.0,3.5,1.0,10,-47,189,La Trinidad,Balili,BSU Back,potato,18.0,71.0,,TECNO_TECNO_CM8_5EAA20,field,agricapture_data.csv,1st-50-batch
13418f60,7,4,10,images/2026/01/21/latrinidad_balili_bsuback_20260121_004305_13418f60.jpg,1080,1080,1080p,2026-01-21T00:43:05.906Z,16.45386,120.591508,1365.0,15.0,3.5,1.0,-5,-52,250,La Trinidad,Balili,BSU Back,potato,18.0,71.0,,TECNO_TECNO_CM8_5EAA20,field,agricapture_data.csv,1st-50-batch
235aad83,7,5,10,images/2026/01/21/latrinidad_balili_bsuback_20260121_004308_235aad83.jpg,1080,1080,1080p,2026-01-21T00:43:08.741Z,16.45386,120.591508,1365.0,15.0,3.5,1.0,-4,-49,220,La Trinidad,Balili,BSU Back,potato,18.0,71.0,,TECNO_TECNO_CM8_5EAA20,field,agricapture_data.csv,1st-50-batch
9e08a19a,7,6,10,images/2026/01/21/latrinidad_balili_bsuback_20260121_004318_9e08a19a.jpg,1080,1080,1080p,2026-01-21T00:43:18.280Z,16.45386,120.591508,1365.0,15.0,3.5,1.0,-2,-59,97,La Trinidad,Balili,BSU Back,potato,18.0,71.0,,TECNO_TECNO_CM8_5EAA20,field,agricapture_data.csv,1st-50-batch
40bd9f39,7,7,10,images/2026/01/21/latrinidad_balili_bsuback_20260121_004321_40bd9f39.jpg,1080,1080,1080p,2026-01-21T00:43:21.464Z,16.45386,120.591508,1365.0,15.0,3.5,1.0,2,-47,103,La Trinidad,Balili,BSU Back,potato,18.0,71.0,,TECNO_TECNO_CM8_5EAA20,field,agricapture_data.csv,1st-50-batch
730b76a9,7,8,10,images/2026/01/21/latrinidad_balili_bsuback_20260121_004326_730b76a9.jpg,1080,1080,1080p,2026-01-21T00:43:26.719Z,16.45386,120.591508,1365.0,15.0,3.5,1.0,2,-19,14,La Trinidad,Balili,BSU Back,potato,18.0,71.0,,TECNO_TECNO_CM8_5EAA20,field,agricapture_data.csv,1st-50-batch
663a63e2,7,9,10,images/2026/01/21/latrinidad_balili_bsuback_20260121_004329_663a63e2.jpg,1080,1080,1080p,2026-01-21T00:43:29.819Z,16.45386,120.591508,1365.0,15.0,3.5,1.0,3,-20,17,La Trinidad,Balili,BSU Back,potato,18.0,71.0,,TECNO_TECNO_CM8_5EAA20,field,agricapture_data.csv,1st-50-batch
888bf576,7,10,10,images/2026/01/21/latrinidad_balili_bsuback_20260121_004333_888bf576.jpg,1080,1080,1080p,2026-01-21T00:43:33.672Z,16.45386,120.591508,1365.0,15.0,3.5,1.0,7,-5,8,La Trinidad,Balili,BSU Back,potato,18.0,71.0,,TECNO_TECNO_CM8_5EAA20,field,agricapture_data.csv,1st-50-batch
9a63018a,8,1,10,images/2026/01/21/latrinidad_balili_bsuback_20260121_004639_9a63018a.jpg,1080,1080,1080p,2026-01-21T00:46:39.638Z,16.453808,120.591487,1363.0,4.0,1.5,1.0,37,12,327,La Trinidad,Balili,BSU Back,potato,18.0,71.0,,TECNO_TECNO_CM8_5EAA20,field,agricapture_data.csv,1st-50-batch
643f5477,8,2,10,images/2026/01/21/latrinidad_balili_bsuback_20260121_004642_643f5477.jpg,1080,1080,1080p,2026-01-21T00:46:42.675Z,16.453808,120.591487,1363.0,4.0,1.5,1.0,19,49,310,La Trinidad,Balili,BSU Back,potato,18.0,71.0,,TECNO_TECNO_CM8_5EAA20,field,agricapture_data.csv,1st-50-batch
80dc8c99,8,3,10,images/2026/01/21/latrinidad_balili_bsuback_20260121_004649_80dc8c99.jpg,1080,1080,1080p,2026-01-21T00:46:49.749Z,16.453808,120.591487,1363.0,4.0,1.5,1.0,26,-41,351,La Trinidad,Balili,BSU Back,potato,18.0,71.0,,TECNO_TECNO_CM8_5EAA20,field,agricapture_data.csv,1st-50-batch
908c8c89,8,4,10,images/2026/01/21/latrinidad_balili_bsuback_20260121_004700_908c8c89.jpg,1080,1080,1080p,2026-01-21T00:47:00.150Z,16.453808,120.591487,1363.0,4.0,1.5,1.0,-3,-50,253,La Trinidad,Balili,BSU Back,potato,18.0,71.0,,TECNO_TECNO_CM8_5EAA20,field,agricapture_data.csv,1st-50-batch
3ddfd0d0,8,5,10,images/2026/01/21/latrinidad_balili_bsuback_20260121_004703_3ddfd0d0.jpg,1080,1080,1080p,2026-01-21T00:47:03.560Z,16.453808,120.591487,1363.0,4.0,1.5,1.0,5,-27,238,La Trinidad,Balili,BSU Back,potato,18.0,71.0,,TECNO_TECNO_CM8_5EAA20,field,agricapture_data.csv,1st-50-batch
130f20c5,8,6,10,images/2026/01/21/latrinidad_balili_bsuback_20260121_004706_130f20c5.jpg,1080,1080,1080p,2026-01-21T00:47:06.744Z,16.453808,120.591487,1363.0,4.0,1.5,1.0,42,2,210,La Trinidad,Balili,BSU Back,potato,18.0,71.0,,TECNO_TECNO_CM8_5EAA20,field,agricapture_data.csv,1st-50-batch
d0fb74d2,8,7,10,images/2026/01/21/latrinidad_balili_bsuback_20260121_004710_d0fb74d2.jpg,1080,1080,1080p,2026-01-21T00:47:10.043Z,16.453808,120.591487,1363.0,4.0,1.5,1.0,-2,-20,243,La Trinidad,Balili,BSU Back,potato,18.0,71.0,,TECNO_TECNO_CM8_5EAA20,field,agricapture_data.csv,1st-50-batch
e896f4e9,8,8,10,images/2026/01/21/latrinidad_balili_bsuback_20260121_004729_e896f4e9.jpg,1080,1080,1080p,2026-01-21T00:47:29.690Z,16.453808,120.591487,1363.0,4.0,1.5,1.0,-7,-67,100,La Trinidad,Balili,BSU Back,potato,18.0,71.0,,TECNO_TECNO_CM8_5EAA20,field,agricapture_data.csv,1st-50-batch
6c7a7e79,8,9,10,images/2026/01/21/latrinidad_balili_bsuback_20260121_004737_6c7a7e79.jpg,1080,1080,1080p,2026-01-21T00:47:37.456Z,16.453808,120.591487,1363.0,4.0,1.5,1.0,7,-55,70,La Trinidad,Balili,BSU Back,potato,18.0,71.0,,TECNO_TECNO_CM8_5EAA20,field,agricapture_data.csv,1st-50-batch
60f88874,8,10,10,images/2026/01/21/latrinidad_balili_bsuback_20260121_004741_60f88874.jpg,1080,1080,1080p,2026-01-21T00:47:41.368Z,16.453808,120.591487,1363.0,4.0,1.5,1.0,30,-21,83,La Trinidad,Balili,BSU Back,potato,18.0,71.0,,TECNO_TECNO_CM8_5EAA20,field,agricapture_data.csv,1st-50-batch
86ec222d,9,1,10,images/2026/01/21/latrinidad_balili_bsuback_20260121_004831_86ec222d.jpg,1080,1080,1080p,2026-01-21T00:48:31.068Z,16.453718,120.59147,1363.0,21.0,1.5,1.0,1,-63,91,La Trinidad,Balili,BSU Back,potato,18.0,71.0,,TECNO_TECNO_CM8_5EAA20,field,agricapture_data.csv,1st-50-batch
dc8968d2,9,2,10,images/2026/01/21/latrinidad_balili_bsuback_20260121_004845_dc8968d2.jpg,1080,1080,1080p,2026-01-21T00:48:45.977Z,16.453718,120.59147,1363.0,21.0,1.5,1.0,-17,-53,231,La Trinidad,Balili,BSU Back,potato,18.0,71.0,,TECNO_TECNO_CM8_5EAA20,field,agricapture_data.csv,1st-50-batch
f1eb70fe,9,3,10,images/2026/01/21/latrinidad_balili_bsuback_20260121_004849_f1eb70fe.jpg,1080,1080,1080p,2026-01-21T00:48:49.695Z,16.453718,120.59147,1363.0,21.0,1.5,1.0,15,-37,197,La Trinidad,Balili,BSU Back,potato,18.0,71.0,,TECNO_TECNO_CM8_5EAA20,field,agricapture_data.csv,1st-50-batch
8c4f74e7,9,4,10,images/2026/01/21/latrinidad_balili_bsuback_20260121_004854_8c4f74e7.jpg,1080,1080,1080p,2026-01-21T00:48:54.571Z,16.453718,120.59147,1363.0,21.0,1.5,1.0,-1,-53,197,La Trinidad,Balili,BSU Back,potato,18.0,71.0,,TECNO_TECNO_CM8_5EAA20,field,agricapture_data.csv,1st-50-batch
0d20c4d1,9,5,10,images/2026/01/21/latrinidad_balili_bsuback_20260121_004858_0d20c4d1.jpg,1080,1080,1080p,2026-01-21T00:48:58.815Z,16.453718,120.59147,1363.0,21.0,1.5,1.0,14,-30,188,La Trinidad,Balili,BSU Back,potato,18.0,71.0,,TECNO_TECNO_CM8_5EAA20,field,agricapture_data.csv,1st-50-batch
f30c5579,9,6,10,images/2026/01/21/latrinidad_balili_bsuback_20260121_004902_f30c5579.jpg,1080,1080,1080p,2026-01-21T00:49:02.652Z,16.453718,120.59147,1363.0,21.0,1.5,1.0,32,-6,181,La Trinidad,Balili,BSU Back,potato,18.0,71.0,,TECNO_TECNO_CM8_5EAA20,field,agricapture_data.csv,1st-50-batch
1d21bac0,9,7,10,images/2026/01/21/latrinidad_balili_bsuback_20260121_004907_1d21bac0.jpg,1080,1080,1080p,2026-01-21T00:49:07.596Z,16.453718,120.59147,1363.0,21.0,1.5,1.0,8,-15,200,La Trinidad,Balili,BSU Back,potato,18.0,71.0,,TECNO_TECNO_CM8_5EAA20,field,agricapture_data.csv,1st-50-batch
232d4de4,9,8,10,images/2026/01/21/latrinidad_balili_bsuback_20260121_004911_232d4de4.jpg,1080,1080,1080p,2026-01-21T00:49:11.213Z,16.453718,120.59147,1363.0,21.0,1.5,1.0,-7,-47,230,La Trinidad,Balili,BSU Back,potato,18.0,71.0,,TECNO_TECNO_CM8_5EAA20,field,agricapture_data.csv,1st-50-batch
960122a6,9,9,10,images/2026/01/21/latrinidad_balili_bsuback_20260121_004915_960122a6.jpg,1080,1080,1080p,2026-01-21T00:49:15.702Z,16.453718,120.59147,1363.0,21.0,1.5,1.0,3,-9,170,La Trinidad,Balili,BSU Back,potato,18.0,71.0,,TECNO_TECNO_CM8_5EAA20,field,agricapture_data.csv,1st-50-batch
8c15db20,9,10,10,images/2026/01/21/latrinidad_balili_bsuback_20260121_004919_8c15db20.jpg,1080,1080,1080p,2026-01-21T00:49:19.752Z,16.453718,120.59147,1363.0,21.0,1.5,1.0,0,-8,180,La Trinidad,Balili,BSU Back,potato,18.0,71.0,,TECNO_TECNO_CM8_5EAA20,field,agricapture_data.csv,1st-50-batch
930f5c84,10,1,10,images/2026/01/21/latrinidad_balili_bsuback_20260121_005210_930f5c84.jpg,1080,1080,1080p,2026-01-21T00:52:10.726Z,16.453633,120.591582,1363.0,4.0,1.5,1.0,3,-51,218,La Trinidad,Balili,BSU Back,potato,18.5,67.0,,TECNO_TECNO_CM8_5EAA20,field,agricapture_data.csv,1st-50-batch
8f850494,10,2,10,images/2026/01/21/latrinidad_balili_bsuback_20260121_005214_8f850494.jpg,1080,1080,1080p,2026-01-21T00:52:14.522Z,16.453633,120.591582,1363.0,4.0,1.5,1.0,-2,-48,234,La Trinidad,Balili,BSU Back,potato,18.5,67.0,,TECNO_TECNO_CM8_5EAA20,field,agricapture_data.csv,1st-50-batch
0d441527,10,3,10,images/2026/01/21/latrinidad_balili_bsuback_20260121_005218_0d441527.jpg,1080,1080,1080p,2026-01-21T00:52:18.271Z,16.453633,120.591582,1363.0,4.0,1.5,1.0,-2,-46,226,La Trinidad,Balili,BSU Back,potato,18.5,67.0,,TECNO_TECNO_CM8_5EAA20,field,agricapture_data.csv,1st-50-batch
8bc7149b,10,4,10,images/2026/01/21/latrinidad_balili_bsuback_20260121_005222_8bc7149b.jpg,1080,1080,1080p,2026-01-21T00:52:22.408Z,16.453633,120.591582,1363.0,4.0,1.5,1.0,1,-1,216,La Trinidad,Balili,BSU Back,potato,18.5,67.0,,TECNO_TECNO_CM8_5EAA20,field,agricapture_data.csv,1st-50-batch
ff0fd30c,10,5,10,images/2026/01/21/latrinidad_balili_bsuback_20260121_005226_ff0fd30c.jpg,1080,1080,1080p,2026-01-21T00:52:26.410Z,16.453633,120.591582,1363.0,4.0,1.5,1.0,-3,-2,217,La Trinidad,Balili,BSU Back,potato,18.5,67.0,,TECNO_TECNO_CM8_5EAA20,field,agricapture_data.csv,1st-50-batch
195352ee,10,6,10,images/2026/01/21/latrinidad_balili_bsuback_20260121_005233_195352ee.jpg,1080,1080,1080p,2026-01-21T00:52:33.388Z,16.453633,120.591582,1363.0,4.0,1.5,1.0,53,-17,29,La Trinidad,Balili,BSU Back,potato,18.5,67.0,,TECNO_TECNO_CM8_5EAA20,field,agricapture_data.csv,1st-50-batch
4132f226,10,7,10,images/2026/01/21/latrinidad_balili_bsuback_20260121_005237_4132f226.jpg,1080,1080,1080p,2026-01-21T00:52:37.374Z,16.453633,120.591582,1363.0,4.0,1.5,1.0,56,-14,31,La Trinidad,Balili,BSU Back,potato,18.5,67.0,,TECNO_TECNO_CM8_5EAA20,field,agricapture_data.csv,1st-50-batch
189d3cdc,10,8,10,images/2026/01/21/latrinidad_balili_bsuback_20260121_005241_189d3cdc.jpg,1080,1080,1080p,2026-01-21T00:52:41.461Z,16.453633,120.591582,1363.0,4.0,1.5,1.0,4,-52,43,La Trinidad,Balili,BSU Back,potato,18.5,67.0,,TECNO_TECNO_CM8_5EAA20,field,agricapture_data.csv,1st-50-batch
bf49cef6,10,9,10,images/2026/01/21/latrinidad_balili_bsuback_20260121_005245_bf49cef6.jpg,1080,1080,1080p,2026-01-21T00:52:45.692Z,16.453633,120.591582,1363.0,4.0,1.5,1.0,6,-46,45,La Trinidad,Balili,BSU Back,potato,18.5,67.0,,TECNO_TECNO_CM8_5EAA20,field,agricapture_data.csv,1st-50-batch
1b863410,10,10,10,images/2026/01/21/latrinidad_balili_bsuback_20260121_005249_1b863410.jpg,1080,1080,1080p,2026-01-21T00:52:49.957Z,16.453633,120.591582,1363.0,4.0,1.5,1.0,5,-18,38,La Trinidad,Balili,BSU Back,potato,18.5,67.0,,TECNO_TECNO_CM8_5EAA20,field,agricapture_data.csv,1st-50-batch
32277658,12,1,10,images/2026/01/21/latrinidad_balili_bsuback_20260121_005442_32277658.jpg,1080,1080,1080p,2026-01-21T00:54:42.300Z,16.453633,120.591582,1363.0,4.0,1.5,1.0,5,-46,14,La Trinidad,Balili,BSU Back,"lettuce,custom_iceberg_lettuce",18.5,67.0,,TECNO_TECNO_CM8_5EAA20,field,agricapture_data.csv,1st-50-batch
1f64a960,12,2,10,images/2026/01/21/latrinidad_balili_bsuback_20260121_005446_1f64a960.jpg,1080,1080,1080p,2026-01-21T00:54:46.509Z,16.453633,120.591582,1363.0,4.0,1.5,1.0,8,-28,8,La Trinidad,Balili,BSU Back,"lettuce,custom_iceberg_lettuce",18.5,67.0,,TECNO_TECNO_CM8_5EAA20,field,agricapture_data.csv,1st-50-batch
b47b749a,12,3,10,images/2026/01/21/latrinidad_balili_bsuback_20260121_005450_b47b749a.jpg,1080,1080,1080p,2026-01-21T00:54:50.757Z,16.453633,120.591582,1363.0,4.0,1.5,1.0,36,-11,358,La Trinidad,Balili,BSU Back,"lettuce,custom_iceberg_lettuce",18.5,67.0,,TECNO_TECNO_CM8_5EAA20,field,agricapture_data.csv,1st-50-batch
d61aeed2,12,4,10,images/2026/01/21/latrinidad_balili_bsuback_20260121_005455_d61aeed2.jpg,1080,1080,1080p,2026-01-21T00:54:55.864Z,16.453633,120.591582,1363.0,4.0,1.5,1.0,55,-8,14,La Trinidad,Balili,BSU Back,"lettuce,custom_iceberg_lettuce",18.5,67.0,,TECNO_TECNO_CM8_5EAA20,field,agricapture_data.csv,1st-50-batch
0cec6d29,12,5,10,images/2026/01/21/latrinidad_balili_bsuback_20260121_005500_0cec6d29.jpg,1080,1080,1080p,2026-01-21T00:55:00.356Z,16.453633,120.591582,1363.0,4.0,1.5,1.0,0,-22,50,La Trinidad,Balili,BSU Back,"lettuce,custom_iceberg_lettuce",18.5,67.0,,TECNO_TECNO_CM8_5EAA20,field,agricapture_data.csv,1st-50-batch
36a132ed,12,6,10,images/2026/01/21/latrinidad_balili_bsuback_20260121_005506_36a132ed.jpg,1080,1080,1080p,2026-01-21T00:55:06.237Z,16.453633,120.591582,1363.0,4.0,1.5,1.0,-35,-4,5,La Trinidad,Balili,BSU Back,"lettuce,custom_iceberg_lettuce",18.5,67.0,,TECNO_TECNO_CM8_5EAA20,field,agricapture_data.csv,1st-50-batch
ca2288ec,12,7,10,images/2026/01/21/latrinidad_balili_bsuback_20260121_005511_ca2288ec.jpg,1080,1080,1080p,2026-01-21T00:55:11.782Z,16.453633,120.591582,1363.0,4.0,1.5,1.0,32,25,342,La Trinidad,Balili,BSU Back,"lettuce,custom_iceberg_lettuce",18.5,67.0,,TECNO_TECNO_CM8_5EAA20,field,agricapture_data.csv,1st-50-batch
8ac27d83,12,8,10,images/2026/01/21/latrinidad_balili_bsuback_20260121_005517_8ac27d83.jpg,1080,1080,1080p,2026-01-21T00:55:17.681Z,16.453633,120.591582,1363.0,4.0,1.5,1.0,-7,-48,203,La Trinidad,Balili,BSU Back,"lettuce,custom_iceberg_lettuce",18.5,67.0,,TECNO_TECNO_CM8_5EAA20,field,agricapture_data.csv,1st-50-batch
832a1dd7,12,9,10,images/2026/01/21/latrinidad_balili_bsuback_20260121_005522_832a1dd7.jpg,1080,1080,1080p,2026-01-21T00:55:22.307Z,16.453633,120.591582,1363.0,4.0,1.5,1.0,-4,-46,191,La Trinidad,Balili,BSU Back,"lettuce,custom_iceberg_lettuce",18.5,67.0,,TECNO_TECNO_CM8_5EAA20,field,agricapture_data.csv,1st-50-batch
d18a3fe1,12,10,10,images/2026/01/21/latrinidad_balili_bsuback_20260121_005527_d18a3fe1.jpg,1080,1080,1080p,2026-01-21T00:55:27.074Z,16.453633,120.591582,1363.0,4.0,1.5,1.0,1,-27,187,La Trinidad,Balili,BSU Back,"lettuce,custom_iceberg_lettuce",18.5,67.0,,TECNO_TECNO_CM8_5EAA20,field,agricapture_data.csv,1st-50-batch
a0df6fc8,15,1,10,images/2026/01/21/latrinidad_balili_bsuback_20260121_005859_a0df6fc8.jpg,1080,1080,1080p,2026-01-21T00:58:59.222Z,16.453567,120.591606,1363.0,12.0,2.5,1.0,29,-19,164,La Trinidad,Balili,BSU Back,"lettuce,custom_iceberg_lettuce",18.5,67.0,,TECNO_TECNO_CM8_5EAA20,field,agricapture_data.csv,1st-50-batch
a428ddaa,15,2,10,images/2026/01/21/latrinidad_balili_bsuback_20260121_005903_a428ddaa.jpg,1080,1080,1080p,2026-01-21T00:59:03.790Z,16.453567,120.591606,1363.0,12.0,2.5,1.0,18,-5,157,La Trinidad,Balili,BSU Back,"lettuce,custom_iceberg_lettuce",18.5,67.0,,TECNO_TECNO_CM8_5EAA20,field,agricapture_data.csv,1st-50-batch
b092d941,15,3,10,images/2026/01/21/latrinidad_balili_bsuback_20260121_005908_b092d941.jpg,1080,1080,1080p,2026-01-21T00:59:08.377Z,16.453567,120.591606,1363.0,12.0,2.5,1.0,20,40,124,La Trinidad,Balili,BSU Back,"lettuce,custom_iceberg_lettuce",18.5,67.0,,TECNO_TECNO_CM8_5EAA20,field,agricapture_data.csv,1st-50-batch
1a215050,15,4,10,images/2026/01/21/latrinidad_balili_bsuback_20260121_005912_1a215050.jpg,1080,1080,1080p,2026-01-21T00:59:12.912Z,16.453567,120.591606,1363.0,12.0,2.5,1.0,44,3,150,La Trinidad,Balili,BSU Back,"lettuce,custom_iceberg_lettuce",18.5,67.0,,TECNO_TECNO_CM8_5EAA20,field,agricapture_data.csv,1st-50-batch
beb3992c,15,5,10,images/2026/01/21/latrinidad_balili_bsuback_20260121_005919_beb3992c.jpg,1080,1080,1080p,2026-01-21T00:59:19.278Z,16.453554,120.591626,1360.0,12.0,3.0,1.0,46,0,6,La Trinidad,Balili,BSU Back,"lettuce,custom_iceberg_lettuce",18.5,67.0,,TECNO_TECNO_CM8_5EAA20,field,agricapture_data.csv,1st-50-batch
733400b4,15,6,10,images/2026/01/21/latrinidad_balili_bsuback_20260121_005924_733400b4.jpg,1080,1080,1080p,2026-01-21T00:59:24.393Z,16.453554,120.591626,1360.0,12.0,3.0,1.0,31,3,6,La Trinidad,Balili,BSU Back,"lettuce,custom_iceberg_lettuce",18.5,67.0,,TECNO_TECNO_CM8_5EAA20,field,agricapture_data.csv,1st-50-batch
3080111c,15,7,10,images/2026/01/21/latrinidad_balili_bsuback_20260121_005929_3080111c.jpg,1080,1080,1080p,2026-01-21T00:59:29.161Z,16.453554,120.591626,1360.0,12.0,3.0,1.0,15,9,345,La Trinidad,Balili,BSU Back,"lettuce,custom_iceberg_lettuce",18.5,67.0,,TECNO_TECNO_CM8_5EAA20,field,agricapture_data.csv,1st-50-batch
5caeb2ab,15,8,10,images/2026/01/21/latrinidad_balili_bsuback_20260121_005934_5caeb2ab.jpg,1080,1080,1080p,2026-01-21T00:59:34.153Z,16.453556,120.591649,1363.0,4.0,3.0,1.0,8,4,349,La Trinidad,Balili,BSU Back,"lettuce,custom_iceberg_lettuce",18.5,67.0,,TECNO_TECNO_CM8_5EAA20,field,agricapture_data.csv,1st-50-batch
42b024fb,15,9,10,images/2026/01/21/latrinidad_balili_bsuback_20260121_005940_42b024fb.jpg,1080,1080,1080p,2026-01-21T00:59:40.119Z,16.453556,120.591649,1363.0,4.0,3.0,1.0,29,14,1,La Trinidad,Balili,BSU Back,"lettuce,custom_iceberg_lettuce",18.5,67.0,,TECNO_TECNO_CM8_5EAA20,field,agricapture_data.csv,1st-50-batch
b053118b,15,10,10,images/2026/01/21/latrinidad_balili_bsuback_20260121_005951_b053118b.jpg,1080,1080,1080p,2026-01-21T00:59:51.308Z,16.453556,120.591649,1363.0,4.0,3.0,1.0,10,8,357,La Trinidad,Balili,BSU Back,"lettuce,custom_iceberg_lettuce",18.5,67.0,,TECNO_TECNO_CM8_5EAA20,field,agricapture_data.csv,1st-50-batch
3f430253,17,1,10,images/2026/01/21/latrinidad_balili_bsuback_20260121_010135_3f430253.jpg,1080,1080,1080p,2026-01-21T01:01:35.183Z,16.453598,120.591664,1358.0,7.0,3.0,1.0,32,-4,109,La Trinidad,Balili,BSU Back,"lettuce,custom_iceberg_lettuce",18.5,67.0,,TECNO_TECNO_CM8_5EAA20,field,agricapture_data.csv,1st-50-batch
f7e5d6f0,17,2,10,images/2026/01/21/latrinidad_balili_bsuback_20260121_010140_f7e5d6f0.jpg,1080,1080,1080p,2026-01-21T01:01:40.102Z,16.453598,120.591664,1358.0,7.0,3.0,1.0,30,18,91,La Trinidad,Balili,BSU Back,"lettuce,custom_iceberg_lettuce",18.5,67.0,,TECNO_TECNO_CM8_5EAA20,field,agricapture_data.csv,1st-50-batch
9665d8fe,17,3,10,images/2026/01/21/latrinidad_balili_bsuback_20260121_010145_9665d8fe.jpg,1080,1080,1080p,2026-01-21T01:01:45.019Z,16.453609,120.591639,1360.0,5.0,3.0,1.0,44,-3,101,La Trinidad,Balili,BSU Back,"lettuce,custom_iceberg_lettuce",18.5,67.0,,TECNO_TECNO_CM8_5EAA20,field,agricapture_data.csv,1st-50-batch
9fee8afb,17,4,10,images/2026/01/21/latrinidad_balili_bsuback_20260121_010152_9fee8afb.jpg,1080,1080,1080p,2026-01-21T01:01:52.018Z,16.453609,120.591639,1360.0,5.0,3.0,1.0,11,-6,337,La Trinidad,Balili,BSU Back,"lettuce,custom_iceberg_lettuce",18.5,67.0,,TECNO_TECNO_CM8_5EAA20,field,agricapture_data.csv,1st-50-batch
b375bf3f,17,5,10,images/2026/01/21/latrinidad_balili_bsuback_20260121_010159_b375bf3f.jpg,1080,1080,1080p,2026-01-21T01:01:59.718Z,16.453609,120.591639,1360.0,5.0,3.0,1.0,35,29,326,La Trinidad,Balili,BSU Back,"lettuce,custom_iceberg_lettuce",18.5,67.0,,TECNO_TECNO_CM8_5EAA20,field,agricapture_data.csv,1st-50-batch
8b604acf,17,6,10,images/2026/01/21/latrinidad_balili_bsuback_20260121_010204_8b604acf.jpg,1080,1080,1080p,2026-01-21T01:02:04.876Z,16.453609,120.591639,1360.0,5.0,3.0,1.0,33,20,345,La Trinidad,Balili,BSU Back,"lettuce,custom_iceberg_lettuce",18.5,67.0,,TECNO_TECNO_CM8_5EAA20,field,agricapture_data.csv,1st-50-batch
0b5538c5,17,7,10,images/2026/01/21/latrinidad_balili_bsuback_20260121_010210_0b5538c5.jpg,1080,1080,1080p,2026-01-21T01:02:10.333Z,16.453636,120.591719,1360.0,14.0,2.7,1.0,10,-2,337,La Trinidad,Balili,BSU Back,"lettuce,custom_iceberg_lettuce",18.5,67.0,,TECNO_TECNO_CM8_5EAA20,field,agricapture_data.csv,1st-50-batch
53dab6f2,17,8,10,images/2026/01/21/latrinidad_balili_bsuback_20260121_010215_53dab6f2.jpg,1080,1080,1080p,2026-01-21T01:02:15.565Z,16.453636,120.591719,1360.0,14.0,2.7,1.0,4,7,339,La Trinidad,Balili,BSU Back,"lettuce,custom_iceberg_lettuce",18.5,67.0,,TECNO_TECNO_CM8_5EAA20,field,agricapture_data.csv,1st-50-batch
2f98ac81,17,9,10,images/2026/01/21/latrinidad_balili_bsuback_20260121_010221_2f98ac81.jpg,1080,1080,1080p,2026-01-21T01:02:21.086Z,16.453636,120.591719,1360.0,14.0,2.7,1.0,4,9,341,La Trinidad,Balili,BSU Back,"lettuce,custom_iceberg_lettuce",18.5,67.0,,TECNO_TECNO_CM8_5EAA20,field,agricapture_data.csv,1st-50-batch
41c1951b,17,10,10,images/2026/01/21/latrinidad_balili_bsuback_20260121_010226_41c1951b.jpg,1080,1080,1080p,2026-01-21T01:02:26.617Z,16.453636,120.591719,1360.0,14.0,2.7,1.0,13,37,317,La Trinidad,Balili,BSU Back,"lettuce,custom_iceberg_lettuce",18.5,67.0,,TECNO_TECNO_CM8_5EAA20,field,agricapture_data.csv,1st-50-batch
54a4c933,19,1,10,images/2026/01/21/latrinidad_balili_bsuback_20260121_010650_54a4c933.jpg,1080,1080,1080p,2026-01-21T01:06:50.100Z,16.45367,120.591626,1358.0,2.0,4.1,1.0,42,4,339,La Trinidad,Balili,BSU Back,lettuce,18.5,67.0,,TECNO_TECNO_CM8_5EAA20,field,agricapture_data.csv,1st-50-batch
df1095d8,19,2,10,images/2026/01/21/latrinidad_balili_bsuback_20260121_010653_df1095d8.jpg,1080,1080,1080p,2026-01-21T01:06:53.873Z,16.453687,120.591637,1358.0,3.0,3.9,1.0,23,38,318,La Trinidad,Balili,BSU Back,lettuce,18.5,67.0,,TECNO_TECNO_CM8_5EAA20,field,agricapture_data.csv,1st-50-batch
768f84b5,19,3,10,images/2026/01/21/latrinidad_balili_bsuback_20260121_010658_768f84b5.jpg,1080,1080,1080p,2026-01-21T01:06:58.701Z,16.453705,120.591652,1358.0,10.0,4.1,1.0,23,-39,3,La Trinidad,Balili,BSU Back,lettuce,18.5,67.0,,TECNO_TECNO_CM8_5EAA20,field,agricapture_data.csv,1st-50-batch
2d9235c6,19,4,10,images/2026/01/21/latrinidad_balili_bsuback_20260121_010702_2d9235c6.jpg,1080,1080,1080p,2026-01-21T01:07:02.745Z,16.453718,120.591668,1358.0,10.0,4.5,1.0,14,4,342,La Trinidad,Balili,BSU Back,lettuce,18.5,67.0,,TECNO_TECNO_CM8_5EAA20,field,agricapture_data.csv,1st-50-batch
be35ca2c,19,5,10,images/2026/01/21/latrinidad_balili_bsuback_20260121_010705_be35ca2c.jpg,1080,1080,1080p,2026-01-21T01:07:05.341Z,16.453718,120.591668,1358.0,10.0,4.5,1.0,11,5,343,La Trinidad,Balili,BSU Back,lettuce,18.5,67.0,,TECNO_TECNO_CM8_5EAA20,field,agricapture_data.csv,1st-50-batch
608bbec2,19,6,10,images/2026/01/21/latrinidad_balili_bsuback_20260121_010713_608bbec2.jpg,1080,1080,1080p,2026-01-21T01:07:13.595Z,16.453718,120.591668,1358.0,10.0,4.5,1.0,-18,-35,233,La Trinidad,Balili,BSU Back,lettuce,18.5,67.0,,TECNO_TECNO_CM8_5EAA20,field,agricapture_data.csv,1st-50-batch
1a27b44f,19,7,10,images/2026/01/21/latrinidad_balili_bsuback_20260121_010717_1a27b44f.jpg,1080,1080,1080p,2026-01-21T01:07:17.659Z,16.45371,120.591687,1363.0,19.0,3.0,1.0,0,-31,271,La Trinidad,Balili,BSU Back,lettuce,18.5,67.0,,TECNO_TECNO_CM8_5EAA20,field,agricapture_data.csv,1st-50-batch
0df75e31,19,8,10,images/2026/01/21/latrinidad_balili_bsuback_20260121_010721_0df75e31.jpg,1080,1080,1080p,2026-01-21T01:07:21.784Z,16.45371,120.591687,1363.0,19.0,3.0,1.0,-4,-6,239,La Trinidad,Balili,BSU Back,lettuce,18.5,67.0,,TECNO_TECNO_CM8_5EAA20,field,agricapture_data.csv,1st-50-batch
b295f4dc,19,9,10,images/2026/01/21/latrinidad_balili_bsuback_20260121_010726_b295f4dc.jpg,1080,1080,1080p,2026-01-21T01:07:26.616Z,16.45371,120.591687,1363.0,19.0,3.0,1.0,2,-15,237,La Trinidad,Balili,BSU Back,lettuce,18.5,67.0,,TECNO_TECNO_CM8_5EAA20,field,agricapture_data.csv,1st-50-batch
313f1e0b,19,10,10,images/2026/01/21/latrinidad_balili_bsuback_20260121_010731_313f1e0b.jpg,1080,1080,1080p,2026-01-21T01:07:31.467Z,16.45371,120.591687,1363.0,19.0,3.0,1.0,4,-2,167,La Trinidad,Balili,BSU Back,lettuce,18.5,67.0,,TECNO_TECNO_CM8_5EAA20,field,agricapture_data.csv,1st-50-batch
6fd476b7,20,1,10,images/2026/01/21/latrinidad_balili_bsuback_20260121_011307_6fd476b7.jpg,1080,1080,1080p,2026-01-21T01:13:07.337Z,16.453779,120.591772,1358.0,42.0,3.4,1.0,34,0,263,La Trinidad,Balili,BSU Back,"lettuce,custom_iceberg_lettuce",18.5,67.0,,TECNO_TECNO_CM8_5EAA20,field,agricapture_data.csv,1st-50-batch
3c47cabf,20,2,10,images/2026/01/21/latrinidad_balili_bsuback_20260121_011310_3c47cabf.jpg,1080,1080,1080p,2026-01-21T01:13:10.587Z,16.453779,120.591772,1358.0,42.0,3.4,1.0,46,4,280,La Trinidad,Balili,BSU Back,"lettuce,custom_iceberg_lettuce",18.5,67.0,,TECNO_TECNO_CM8_5EAA20,field,agricapture_data.csv,1st-50-batch
807e97a8,20,3,10,images/2026/01/21/latrinidad_balili_bsuback_20260121_011313_807e97a8.jpg,1080,1080,1080p,2026-01-21T01:13:13.722Z,16.453779,120.591772,1358.0,42.0,3.4,1.0,16,-7,289,La Trinidad,Balili,BSU Back,"lettuce,custom_iceberg_lettuce",18.5,67.0,,TECNO_TECNO_CM8_5EAA20,field,agricapture_data.csv,1st-50-batch
4ad14889,20,4,10,images/2026/01/21/latrinidad_balili_bsuback_20260121_011319_4ad14889.jpg,1080,1080,1080p,2026-01-21T01:13:19.159Z,16.453779,120.591772,1358.0,42.0,3.4,1.0,37,22,245,La Trinidad,Balili,BSU Back,"lettuce,custom_iceberg_lettuce",18.5,67.0,,TECNO_TECNO_CM8_5EAA20,field,agricapture_data.csv,1st-50-batch
4095148a,20,5,10,images/2026/01/21/latrinidad_balili_bsuback_20260121_011322_4095148a.jpg,1080,1080,1080p,2026-01-21T01:13:22.875Z,16.453788,120.591756,1363.0,6.0,3.0,1.0,26,18,263,La Trinidad,Balili,BSU Back,"lettuce,custom_iceberg_lettuce",18.5,67.0,,TECNO_TECNO_CM8_5EAA20,field,agricapture_data.csv,1st-50-batch
e97c8cb4,20,6,10,images/2026/01/21/latrinidad_balili_bsuback_20260121_011327_e97c8cb4.jpg,1080,1080,1080p,2026-01-21T01:13:27.022Z,16.453788,120.591756,1363.0,6.0,3.0,1.0,1,8,287,La Trinidad,Balili,BSU Back,"lettuce,custom_iceberg_lettuce",18.5,67.0,,TECNO_TECNO_CM8_5EAA20,field,agricapture_data.csv,1st-50-batch
732a415b,20,7,10,images/2026/01/21/latrinidad_balili_bsuback_20260121_011329_732a415b.jpg,1080,1080,1080p,2026-01-21T01:13:29.689Z,16.453788,120.591756,1363.0,6.0,3.0,1.0,-2,4,290,La Trinidad,Balili,BSU Back,"lettuce,custom_iceberg_lettuce",18.5,67.0,,TECNO_TECNO_CM8_5EAA20,field,agricapture_data.csv,1st-50-batch
4a746d8f,20,8,10,images/2026/01/21/latrinidad_balili_bsuback_20260121_011333_4a746d8f.jpg,1080,1080,1080p,2026-01-21T01:13:33.263Z,16.453788,120.591756,1363.0,6.0,3.0,1.0,-9,15,282,La Trinidad,Balili,BSU Back,"lettuce,custom_iceberg_lettuce",18.5,67.0,,TECNO_TECNO_CM8_5EAA20,field,agricapture_data.csv,1st-50-batch
204455c3,20,9,10,images/2026/01/21/latrinidad_balili_bsuback_20260121_011336_204455c3.jpg,1080,1080,1080p,2026-01-21T01:13:36.483Z,16.453788,120.591756,1363.0,6.0,3.0,1.0,-13,-23,267,La Trinidad,Balili,BSU Back,"lettuce,custom_iceberg_lettuce",18.5,67.0,,TECNO_TECNO_CM8_5EAA20,field,agricapture_data.csv,1st-50-batch
a1ffc6f7,20,10,10,images/2026/01/21/latrinidad_balili_bsuback_20260121_011339_a1ffc6f7.jpg,1080,1080,1080p,2026-01-21T01:13:39.172Z,16.453788,120.591756,1363.0,6.0,3.0,1.0,-4,-5,277,La Trinidad,Balili,BSU Back,"lettuce,custom_iceberg_lettuce",18.5,67.0,,TECNO_TECNO_CM8_5EAA20,field,agricapture_data.csv,1st-50-batch
41477579,23,1,10,images/2026/01/21/latrinidad_balili_bsuback_20260121_011732_41477579.jpg,1080,1080,1080p,2026-01-21T01:17:32.673Z,16.453648,120.591802,1360.0,5.0,5.8,1.0,46,-5,25,La Trinidad,Balili,BSU Back,lettuce,18.5,67.0,,TECNO_TECNO_CM8_5EAA20,field,agricapture_data.csv,1st-50-batch
4f425290,23,2,10,images/2026/01/21/latrinidad_balili_bsuback_20260121_011736_4f425290.jpg,1080,1080,1080p,2026-01-21T01:17:36.970Z,16.453648,120.591802,1360.0,5.0,5.8,1.0,17,-52,53,La Trinidad,Balili,BSU Back,lettuce,18.5,67.0,,TECNO_TECNO_CM8_5EAA20,field,agricapture_data.csv,1st-50-batch
a3baa6ee,23,3,10,images/2026/01/21/latrinidad_balili_bsuback_20260121_011740_a3baa6ee.jpg,1080,1080,1080p,2026-01-21T01:17:40.238Z,16.453648,120.591802,1360.0,5.0,5.8,1.0,17,-45,51,La Trinidad,Balili,BSU Back,lettuce,18.5,67.0,,TECNO_TECNO_CM8_5EAA20,field,agricapture_data.csv,1st-50-batch
8fdeb51e,23,4,10,images/2026/01/21/latrinidad_balili_bsuback_20260121_011756_8fdeb51e.jpg,1080,1080,1080p,2026-01-21T01:17:56.186Z,16.453665,120.591813,1360.0,7.0,3.0,1.0,-3,-19,295,La Trinidad,Balili,BSU Back,lettuce,18.5,67.0,,TECNO_TECNO_CM8_5EAA20,field,agricapture_data.csv,1st-50-batch
306357ad,23,5,10,images/2026/01/21/latrinidad_balili_bsuback_20260121_011759_306357ad.jpg,1080,1080,1080p,2026-01-21T01:17:59.458Z,16.453665,120.591813,1360.0,7.0,3.0,1.0,-5,-8,311,La Trinidad,Balili,BSU Back,lettuce,18.5,67.0,,TECNO_TECNO_CM8_5EAA20,field,agricapture_data.csv,1st-50-batch
ce40c095,23,6,10,images/2026/01/21/latrinidad_balili_bsuback_20260121_011802_ce40c095.jpg,1080,1080,1080p,2026-01-21T01:18:02.659Z,16.453665,120.591813,1360.0,7.0,3.0,1.0,-15,-1,317,La Trinidad,Balili,BSU Back,lettuce,18.5,67.0,,TECNO_TECNO_CM8_5EAA20,field,agricapture_data.csv,1st-50-batch
fa05d776,23,7,10,images/2026/01/21/latrinidad_balili_bsuback_20260121_011805_fa05d776.jpg,1080,1080,1080p,2026-01-21T01:18:05.751Z,16.453665,120.591813,1360.0,7.0,3.0,1.0,-23,-2,316,La Trinidad,Balili,BSU Back,lettuce,18.5,67.0,,TECNO_TECNO_CM8_5EAA20,field,agricapture_data.csv,1st-50-batch
1fe2e18c,23,8,10,images/2026/01/21/latrinidad_balili_bsuback_20260121_011809_1fe2e18c.jpg,1080,1080,1080p,2026-01-21T01:18:09.181Z,16.453665,120.591813,1360.0,7.0,3.0,1.0,20,0,305,La Trinidad,Balili,BSU Back,lettuce,18.5,67.0,,TECNO_TECNO_CM8_5EAA20,field,agricapture_data.csv,1st-50-batch
e048720e,23,9,10,images/2026/01/21/latrinidad_balili_bsuback_20260121_011812_e048720e.jpg,1080,1080,1080p,2026-01-21T01:18:12.116Z,16.453665,120.591813,1360.0,7.0,3.0,1.0,31,8,295,La Trinidad,Balili,BSU Back,lettuce,18.5,67.0,,TECNO_TECNO_CM8_5EAA20,field,agricapture_data.csv,1st-50-batch
03273e6e,23,10,10,images/2026/01/21/latrinidad_balili_bsuback_20260121_011814_03273e6e.jpg,1080,1080,1080p,2026-01-21T01:18:14.991Z,16.453665,120.591813,1360.0,7.0,3.0,1.0,26,5,303,La Trinidad,Balili,BSU Back,lettuce,18.5,67.0,,TECNO_TECNO_CM8_5EAA20,field,agricapture_data.csv,1st-50-batch
0607de5c,25,1,10,images/2026/01/21/latrinidad_balili_bsuback_20260121_012435_0607de5c.jpg,1080,1080,1080p,2026-01-21T01:24:35.087Z,16.453659,120.591604,1363.0,8.0,29.8,1.0,38,0,286,La Trinidad,Balili,BSU Back,"lettuce,custom_iceberg_lettuce",18.6,66.0,,TECNO_TECNO_CM8_5EAA20,field,agricapture_data.csv,1st-50-batch
5842a69a,25,2,10,images/2026/01/21/latrinidad_balili_bsuback_20260121_012439_5842a69a.jpg,1080,1080,1080p,2026-01-21T01:24:39.158Z,16.453781,120.591792,1363.0,8.0,2.0,1.0,26,-7,285,La Trinidad,Balili,BSU Back,"lettuce,custom_iceberg_lettuce",18.6,66.0,,TECNO_TECNO_CM8_5EAA20,field,agricapture_data.csv,1st-50-batch
1f73aef2,25,3,10,images/2026/01/21/latrinidad_balili_bsuback_20260121_012442_1f73aef2.jpg,1080,1080,1080p,2026-01-21T01:24:43.000Z,16.453781,120.591792,1363.0,8.0,2.0,1.0,34,3,297,La Trinidad,Balili,BSU Back,"lettuce,custom_iceberg_lettuce",18.6,66.0,,TECNO_TECNO_CM8_5EAA20,field,agricapture_data.csv,1st-50-batch
43ab01e0,25,4,10,images/2026/01/21/latrinidad_balili_bsuback_20260121_012446_43ab01e0.jpg,1080,1080,1080p,2026-01-21T01:24:46.058Z,16.453799,120.591803,1363.0,8.0,2.0,1.0,34,6,299,La Trinidad,Balili,BSU Back,"lettuce,custom_iceberg_lettuce",18.6,66.0,,TECNO_TECNO_CM8_5EAA20,field,agricapture_data.csv,1st-50-batch
24192f9c,25,5,10,images/2026/01/21/latrinidad_balili_bsuback_20260121_012451_24192f9c.jpg,1080,1080,1080p,2026-01-21T01:24:51.779Z,16.453799,120.591803,1363.0,8.0,2.0,1.0,21,-37,239,La Trinidad,Balili,BSU Back,"lettuce,custom_iceberg_lettuce",18.6,66.0,,TECNO_TECNO_CM8_5EAA20,field,agricapture_data.csv,1st-50-batch
0b984dd8,25,6,10,images/2026/01/21/latrinidad_balili_bsuback_20260121_012454_0b984dd8.jpg,1080,1080,1080p,2026-01-21T01:24:54.751Z,16.453799,120.591803,1363.0,8.0,2.0,1.0,17,-39,226,La Trinidad,Balili,BSU Back,"lettuce,custom_iceberg_lettuce",18.6,66.0,,TECNO_TECNO_CM8_5EAA20,field,agricapture_data.csv,1st-50-batch
74b4d3e0,25,7,10,images/2026/01/21/latrinidad_balili_bsuback_20260121_012457_74b4d3e0.jpg,1080,1080,1080p,2026-01-21T01:24:57.618Z,16.453815,120.591814,1358.0,3.0,3.0,1.0,17,0,193,La Trinidad,Balili,BSU Back,"lettuce,custom_iceberg_lettuce",18.6,66.0,,TECNO_TECNO_CM8_5EAA20,field,agricapture_data.csv,1st-50-batch
d42bf993,25,8,10,images/2026/01/21/latrinidad_balili_bsuback_20260121_012500_d42bf993.jpg,1080,1080,1080p,2026-01-21T01:25:00.758Z,16.453815,120.591814,1358.0,3.0,3.0,1.0,14,0,194,La Trinidad,Balili,BSU Back,"lettuce,custom_iceberg_lettuce",18.6,66.0,,TECNO_TECNO_CM8_5EAA20,field,agricapture_data.csv,1st-50-batch
e3856127,25,9,10,images/2026/01/21/latrinidad_balili_bsuback_20260121_012505_e3856127.jpg,1080,1080,1080p,2026-01-21T01:25:05.440Z,16.453815,120.591814,1358.0,3.0,3.0,1.0,3,-23,145,La Trinidad,Balili,BSU Back,"lettuce,custom_iceberg_lettuce",18.6,66.0,,TECNO_TECNO_CM8_5EAA20,field,agricapture_data.csv,1st-50-batch
6fbad58d,25,10,10,images/2026/01/21/latrinidad_balili_bsuback_20260121_012508_6fbad58d.jpg,1080,1080,1080p,2026-01-21T01:25:08.809Z,16.453815,120.591814,1358.0,3.0,3.0,1.0,5,-3,134,La Trinidad,Balili,BSU Back,"lettuce,custom_iceberg_lettuce",18.6,66.0,,TECNO_TECNO_CM8_5EAA20,field,agricapture_data.csv,1st-50-batch
96608900,27,1,10,images/2026/01/21/latrinidad_balili_bsuback_20260121_013028_96608900.jpg,1080,1080,1080p,2026-01-21T01:30:28.751Z,16.453306,120.591652,1360.0,6.0,3.4,1.0,1,-40,217,La Trinidad,Balili,BSU Back,"lettuce,custom_iceberg_lettuce",18.6,66.0,,TECNO_TECNO_CM8_5EAA20,field,agricapture_data.csv,1st-50-batch
9584729f,27,2,10,images/2026/01/21/latrinidad_balili_bsuback_20260121_013032_9584729f.jpg,1080,1080,1080p,2026-01-21T01:30:32.188Z,16.453318,120.591633,1363.0,7.0,3.0,1.0,1,-40,179,La Trinidad,Balili,BSU Back,"lettuce,custom_iceberg_lettuce",18.6,66.0,,TECNO_TECNO_CM8_5EAA20,field,agricapture_data.csv,1st-50-batch
6bb55ff5,27,3,10,images/2026/01/21/latrinidad_balili_bsuback_20260121_013035_6bb55ff5.jpg,1080,1080,1080p,2026-01-21T01:30:35.465Z,16.453318,120.591633,1363.0,7.0,3.0,1.0,3,-38,157,La Trinidad,Balili,BSU Back,"lettuce,custom_iceberg_lettuce",18.6,66.0,,TECNO_TECNO_CM8_5EAA20,field,agricapture_data.csv,1st-50-batch
64e60a11,27,4,10,images/2026/01/21/latrinidad_balili_bsuback_20260121_013038_64e60a11.jpg,1080,1080,1080p,2026-01-21T01:30:38.949Z,16.453335,120.591625,1363.0,8.0,3.0,1.0,15,-6,144,La Trinidad,Balili,BSU Back,"lettuce,custom_iceberg_lettuce",18.6,66.0,,TECNO_TECNO_CM8_5EAA20,field,agricapture_data.csv,1st-50-batch
0a56ee5c,27,5,10,images/2026/01/21/latrinidad_balili_bsuback_20260121_013042_0a56ee5c.jpg,1080,1080,1080p,2026-01-21T01:30:42.413Z,16.453335,120.591625,1363.0,8.0,3.0,1.0,21,30,141,La Trinidad,Balili,BSU Back,"lettuce,custom_iceberg_lettuce",18.6,66.0,,TECNO_TECNO_CM8_5EAA20,field,agricapture_data.csv,1st-50-batch
ea19f7a7,27,6,10,images/2026/01/21/latrinidad_balili_bsuback_20260121_013045_ea19f7a7.jpg,1080,1080,1080p,2026-01-21T01:30:45.617Z,16.453335,120.591625,1363.0,8.0,3.0,1.0,6,-43,228,La Trinidad,Balili,BSU Back,"lettuce,custom_iceberg_lettuce",18.6,66.0,,TECNO_TECNO_CM8_5EAA20,field,agricapture_data.csv,1st-50-batch
932e1faa,27,7,10,images/2026/01/21/latrinidad_balili_bsuback_20260121_013055_932e1faa.jpg,1080,1080,1080p,2026-01-21T01:30:55.333Z,16.453335,120.591625,1363.0,8.0,3.0,1.0,30,-1,357,La Trinidad,Balili,BSU Back,"lettuce,custom_iceberg_lettuce",18.6,66.0,,TECNO_TECNO_CM8_5EAA20,field,agricapture_data.csv,1st-50-batch
7c0f618d,27,8,10,images/2026/01/21/latrinidad_balili_bsuback_20260121_013059_7c0f618d.jpg,1080,1080,1080p,2026-01-21T01:30:59.044Z,16.453335,120.591625,1363.0,8.0,3.0,1.0,21,-17,34,La Trinidad,Balili,BSU Back,"lettuce,custom_iceberg_lettuce",18.6,66.0,,TECNO_TECNO_CM8_5EAA20,field,agricapture_data.csv,1st-50-batch
789c8517,27,9,10,images/2026/01/21/latrinidad_balili_bsuback_20260121_013103_789c8517.jpg,1080,1080,1080p,2026-01-21T01:31:03.075Z,16.453335,120.591625,1363.0,8.0,3.0,1.0,-5,-10,59,La Trinidad,Balili,BSU Back,"lettuce,custom_iceberg_lettuce",18.6,66.0,,TECNO_TECNO_CM8_5EAA20,field,agricapture_data.csv,1st-50-batch
373cf437,27,10,10,images/2026/01/21/latrinidad_balili_bsuback_20260121_013108_373cf437.jpg,1080,1080,1080p,2026-01-21T01:31:08.787Z,16.453335,120.591625,1363.0,8.0,3.0,1.0,23,-41,41,La Trinidad,Balili,BSU Back,"lettuce,custom_iceberg_lettuce",18.6,66.0,,TECNO_TECNO_CM8_5EAA20,field,agricapture_data.csv,1st-50-batch
5f7e0b78,26,1,10,images/2026/01/21/latrinidad_balili_bsuback_20260121_013148_5f7e0b78.jpg,1080,1080,1080p,2026-01-21T01:31:48.201Z,16.453451,120.591663,1359.0,31.0,6.1,1.0,25,5,107,La Trinidad,Balili,BSU Back,"lettuce,custom_iceberg_lettuce",18.6,66.0,,TECNO_TECNO_CM8_5EAA20,field,agricapture_data.csv,1st-50-batch
555a2d71,26,2,10,images/2026/01/21/latrinidad_balili_bsuback_20260121_013152_555a2d71.jpg,1080,1080,1080p,2026-01-21T01:31:52.051Z,16.453451,120.591663,1359.0,31.0,6.1,1.0,5,38,87,La Trinidad,Balili,BSU Back,"lettuce,custom_iceberg_lettuce",18.6,66.0,,TECNO_TECNO_CM8_5EAA20,field,agricapture_data.csv,1st-50-batch
03e7af99,26,3,10,images/2026/01/21/latrinidad_balili_bsuback_20260121_013155_03e7af99.jpg,1080,1080,1080p,2026-01-21T01:31:55.583Z,16.453451,120.591663,1359.0,31.0,6.1,1.0,22,7,108,La Trinidad,Balili,BSU Back,"lettuce,custom_iceberg_lettuce",18.6,66.0,,TECNO_TECNO_CM8_5EAA20,field,agricapture_data.csv,1st-50-batch
bd0c1620,26,4,10,images/2026/01/21/latrinidad_balili_bsuback_20260121_013159_bd0c1620.jpg,1080,1080,1080p,2026-01-21T01:31:59.497Z,16.453451,120.591663,1359.0,31.0,6.1,1.0,0,5,93,La Trinidad,Balili,BSU Back,"lettuce,custom_iceberg_lettuce",18.6,66.0,,TECNO_TECNO_CM8_5EAA20,field,agricapture_data.csv,1st-50-batch
6a46f9d8,26,5,10,images/2026/01/21/latrinidad_balili_bsuback_20260121_013203_6a46f9d8.jpg,1080,1080,1080p,2026-01-21T01:32:03.265Z,16.453451,120.591663,1359.0,31.0,6.1,1.0,-1,5,92,La Trinidad,Balili,BSU Back,"lettuce,custom_iceberg_lettuce",18.6,66.0,,TECNO_TECNO_CM8_5EAA20,field,agricapture_data.csv,1st-50-batch
2bff3d18,26,6,10,images/2026/01/21/latrinidad_balili_bsuback_20260121_013210_2bff3d18.jpg,1080,1080,1080p,2026-01-21T01:32:10.675Z,16.453451,120.591663,1359.0,31.0,6.1,1.0,-10,-19,225,La Trinidad,Balili,BSU Back,"lettuce,custom_iceberg_lettuce",18.6,66.0,,TECNO_TECNO_CM8_5EAA20,field,agricapture_data.csv,1st-50-batch
f538e130,26,7,10,images/2026/01/21/latrinidad_balili_bsuback_20260121_013218_f538e130.jpg,1080,1080,1080p,2026-01-21T01:32:18.584Z,16.453451,120.591663,1359.0,31.0,6.1,1.0,-1,-66,208,La Trinidad,Balili,BSU Back,"lettuce,custom_iceberg_lettuce",18.6,66.0,,TECNO_TECNO_CM8_5EAA20,field,agricapture_data.csv,1st-50-batch
d7705bc9,26,8,10,images/2026/01/21/latrinidad_balili_bsuback_20260121_013222_d7705bc9.jpg,1080,1080,1080p,2026-01-21T01:32:22.953Z,16.453451,120.591663,1359.0,31.0,6.1,1.0,2,-29,185,La Trinidad,Balili,BSU Back,"lettuce,custom_iceberg_lettuce",18.6,66.0,,TECNO_TECNO_CM8_5EAA20,field,agricapture_data.csv,1st-50-batch
1198732d,26,9,10,images/2026/01/21/latrinidad_balili_bsuback_20260121_013227_1198732d.jpg,1080,1080,1080p,2026-01-21T01:32:27.897Z,16.453451,120.591663,1359.0,31.0,6.1,1.0,-1,-17,182,La Trinidad,Balili,BSU Back,"lettuce,custom_iceberg_lettuce",18.6,66.0,,TECNO_TECNO_CM8_5EAA20,field,agricapture_data.csv,1st-50-batch
adb4c544,26,10,10,images/2026/01/21/latrinidad_balili_bsuback_20260121_013242_adb4c544.jpg,1080,1080,1080p,2026-01-21T01:32:42.214Z,16.453451,120.591663,1359.0,31.0,6.1,1.0,11,-22,53,La Trinidad,Balili,BSU Back,"lettuce,custom_iceberg_lettuce",18.6,66.0,,TECNO_TECNO_CM8_5EAA20,field,agricapture_data.csv,1st-50-batch
57402b45,30,1,10,images/2026/01/21/latrinidad_balili_bsuback_20260121_013645_57402b45.jpg,1080,1080,1080p,2026-01-21T01:36:45.543Z,16.453246,120.591781,1358.0,9.0,2.5,1.0,22,-20,138,La Trinidad,Balili,BSU Back,"lettuce,custom_iceberg_lettuce",18.6,66.0,,TECNO_TECNO_CM8_5EAA20,field,agricapture_data.csv,1st-50-batch
d90c8b0e,30,2,10,images/2026/01/21/latrinidad_balili_bsuback_20260121_013652_d90c8b0e.jpg,1080,1080,1080p,2026-01-21T01:36:52.095Z,16.453246,120.591781,1358.0,9.0,2.5,1.0,38,4,132,La Trinidad,Balili,BSU Back,"lettuce,custom_iceberg_lettuce",18.6,66.0,,TECNO_TECNO_CM8_5EAA20,field,agricapture_data.csv,1st-50-batch
cd277635,30,3,10,images/2026/01/21/latrinidad_balili_bsuback_20260121_013656_cd277635.jpg,1080,1080,1080p,2026-01-21T01:36:56.066Z,16.453246,120.591781,1358.0,9.0,2.5,1.0,43,2,136,La Trinidad,Balili,BSU Back,"lettuce,custom_iceberg_lettuce",18.6,66.0,,TECNO_TECNO_CM8_5EAA20,field,agricapture_data.csv,1st-50-batch
4aa4de84,30,4,10,images/2026/01/21/latrinidad_balili_bsuback_20260121_013700_4aa4de84.jpg,1080,1080,1080p,2026-01-21T01:37:00.021Z,16.453246,120.591781,1358.0,9.0,2.5,1.0,14,-11,140,La Trinidad,Balili,BSU Back,"lettuce,custom_iceberg_lettuce",18.6,66.0,,TECNO_TECNO_CM8_5EAA20,field,agricapture_data.csv,1st-50-batch
d8ec644e,30,5,10,images/2026/01/21/latrinidad_balili_bsuback_20260121_013712_d8ec644e.jpg,1080,1080,1080p,2026-01-21T01:37:12.451Z,16.453246,120.591781,1358.0,9.0,2.5,1.0,22,-33,2,La Trinidad,Balili,BSU Back,"lettuce,custom_iceberg_lettuce",18.6,66.0,,TECNO_TECNO_CM8_5EAA20,field,agricapture_data.csv,1st-50-batch
565c0f5b,30,6,10,images/2026/01/21/latrinidad_balili_bsuback_20260121_013716_565c0f5b.jpg,1080,1080,1080p,2026-01-21T01:37:16.539Z,16.453246,120.591781,1358.0,9.0,2.5,1.0,36,9,283,La Trinidad,Balili,BSU Back,"lettuce,custom_iceberg_lettuce",18.6,66.0,,TECNO_TECNO_CM8_5EAA20,field,agricapture_data.csv,1st-50-batch
392f0f12,30,7,10,images/2026/01/21/latrinidad_balili_bsuback_20260121_013722_392f0f12.jpg,1080,1080,1080p,2026-01-21T01:37:22.130Z,16.453246,120.591781,1358.0,9.0,2.5,1.0,13,16,259,La Trinidad,Balili,BSU Back,"lettuce,custom_iceberg_lettuce",18.6,66.0,,TECNO_TECNO_CM8_5EAA20,field,agricapture_data.csv,1st-50-batch
9a40f441,30,8,10,images/2026/01/21/latrinidad_balili_bsuback_20260121_013726_9a40f441.jpg,1080,1080,1080p,2026-01-21T01:37:26.334Z,16.453246,120.591781,1358.0,9.0,2.5,1.0,37,16,289,La Trinidad,Balili,BSU Back,"lettuce,custom_iceberg_lettuce",18.6,66.0,,TECNO_TECNO_CM8_5EAA20,field,agricapture_data.csv,1st-50-batch
5808e58c,30,9,10,images/2026/01/21/latrinidad_balili_bsuback_20260121_013730_5808e58c.jpg,1080,1080,1080p,2026-01-21T01:37:30.582Z,16.453246,120.591781,1358.0,9.0,2.5,1.0,43,7,317,La Trinidad,Balili,BSU Back,"lettuce,custom_iceberg_lettuce",18.6,66.0,,TECNO_TECNO_CM8_5EAA20,field,agricapture_data.csv,1st-50-batch
1ef0eb53,30,10,10,images/2026/01/21/latrinidad_balili_bsuback_20260121_013735_1ef0eb53.jpg,1080,1080,1080p,2026-01-21T01:37:35.224Z,16.453246,120.591781,1358.0,9.0,2.5,1.0,11,7,259,La Trinidad,Balili,BSU Back,"lettuce,custom_iceberg_lettuce",18.6,66.0,,TECNO_TECNO_CM8_5EAA20,field,agricapture_data.csv,1st-50-batch
6886f40a,32,1,10,images/2026/01/21/latrinidad_balili_bsuback_20260121_014335_6886f40a.jpg,1080,1080,1080p,2026-01-21T01:43:35.079Z,16.45314,120.591504,1360.0,6.0,2.7,1.0,20,-9,147,La Trinidad,Balili,BSU Back,tomato,19.2,58.0,,TECNO_TECNO_CM8_5EAA20,field,agricapture_data.csv,1st-50-batch
8bbdf6ed,32,2,10,images/2026/01/21/latrinidad_balili_bsuback_20260121_014339_8bbdf6ed.jpg,1080,1080,1080p,2026-01-21T01:43:39.342Z,16.45314,120.591504,1360.0,6.0,2.7,1.0,21,0,142,La Trinidad,Balili,BSU Back,tomato,19.2,58.0,,TECNO_TECNO_CM8_5EAA20,field,agricapture_data.csv,1st-50-batch
6aebf3f6,32,3,10,images/2026/01/21/latrinidad_balili_bsuback_20260121_014343_6aebf3f6.jpg,1080,1080,1080p,2026-01-21T01:43:43.565Z,16.45314,120.591504,1360.0,6.0,2.7,1.0,20,25,132,La Trinidad,Balili,BSU Back,tomato,19.2,58.0,,TECNO_TECNO_CM8_5EAA20,field,agricapture_data.csv,1st-50-batch
c8d45e88,32,4,10,images/2026/01/21/latrinidad_balili_bsuback_20260121_014347_c8d45e88.jpg,1080,1080,1080p,2026-01-21T01:43:47.867Z,16.45314,120.591504,1360.0,6.0,2.7,1.0,18,-19,154,La Trinidad,Balili,BSU Back,tomato,19.2,58.0,,TECNO_TECNO_CM8_5EAA20,field,agricapture_data.csv,1st-50-batch
9d1c94a7,32,5,10,images/2026/01/21/latrinidad_balili_bsuback_20260121_014352_9d1c94a7.jpg,1080,1080,1080p,2026-01-21T01:43:52.560Z,16.45314,120.591504,1360.0,6.0,2.7,1.0,7,-7,156,La Trinidad,Balili,BSU Back,tomato,19.2,58.0,,TECNO_TECNO_CM8_5EAA20,field,agricapture_data.csv,1st-50-batch
251cc152,32,6,10,images/2026/01/21/latrinidad_balili_bsuback_20260121_014356_251cc152.jpg,1080,1080,1080p,2026-01-21T01:43:56.958Z,16.45314,120.591504,1360.0,6.0,2.7,1.0,40,15,138,La Trinidad,Balili,BSU Back,tomato,19.2,58.0,,TECNO_TECNO_CM8_5EAA20,field,agricapture_data.csv,1st-50-batch
520cf515,32,7,10,images/2026/01/21/latrinidad_balili_bsuback_20260121_014405_520cf515.jpg,1080,1080,1080p,2026-01-21T01:44:05.086Z,16.45314,120.591504,1360.0,6.0,2.7,1.0,44,-6,6,La Trinidad,Balili,BSU Back,tomato,19.2,58.0,,TECNO_TECNO_CM8_5EAA20,field,agricapture_data.csv,1st-50-batch
858364db,32,8,10,images/2026/01/21/latrinidad_balili_bsuback_20260121_014413_858364db.jpg,1080,1080,1080p,2026-01-21T01:44:13.389Z,16.45314,120.591504,1360.0,6.0,2.7,1.0,48,-3,8,La Trinidad,Balili,BSU Back,tomato,19.2,58.0,,TECNO_TECNO_CM8_5EAA20,field,agricapture_data.csv,1st-50-batch
38279b48,32,9,10,images/2026/01/21/latrinidad_balili_bsuback_20260121_014417_38279b48.jpg,1080,1080,1080p,2026-01-21T01:44:17.860Z,16.45314,120.591504,1360.0,6.0,2.7,1.0,41,-6,17,La Trinidad,Balili,BSU Back,tomato,19.2,58.0,,TECNO_TECNO_CM8_5EAA20,field,agricapture_data.csv,1st-50-batch
9b4158d3,32,10,10,images/2026/01/21/latrinidad_balili_bsuback_20260121_014422_9b4158d3.jpg,1080,1080,1080p,2026-01-21T01:44:22.745Z,16.45314,120.591504,1360.0,6.0,2.7,1.0,17,-2,3,La Trinidad,Balili,BSU Back,tomato,19.2,58.0,,TECNO_TECNO_CM8_5EAA20,field,agricapture_data.csv,1st-50-batch
800fbc4f,36,1,10,images/2026/01/21/latrinidad_balili_bsuback_20260121_014708_800fbc4f.jpg,1080,1080,1080p,2026-01-21T01:47:08.198Z,16.453152,120.591488,1358.0,19.0,1.9,1.0,27,-5,208,La Trinidad,Balili,BSU Back,tomato,19.2,58.0,,TECNO_TECNO_CM8_5EAA20,field,agricapture_data.csv,1st-50-batch
46e9c8eb,36,2,10,images/2026/01/21/latrinidad_balili_bsuback_20260121_014716_46e9c8eb.jpg,1080,1080,1080p,2026-01-21T01:47:16.399Z,16.453133,120.591465,1360.0,18.0,87.9,1.0,17,5,198,La Trinidad,Balili,BSU Back,tomato,19.2,58.0,,TECNO_TECNO_CM8_5EAA20,field,agricapture_data.csv,1st-50-batch
08700ab9,36,3,10,images/2026/01/21/latrinidad_balili_bsuback_20260121_014719_08700ab9.jpg,1080,1080,1080p,2026-01-21T01:47:19.670Z,16.453112,120.591463,1360.0,17.0,1.4,1.0,25,1,219,La Trinidad,Balili,BSU Back,tomato,19.2,58.0,,TECNO_TECNO_CM8_5EAA20,field,agricapture_data.csv,1st-50-batch
7c4f3b50,36,4,10,images/2026/01/21/latrinidad_balili_bsuback_20260121_014736_7c4f3b50.jpg,1080,1080,1080p,2026-01-21T01:47:36.901Z,16.453112,120.591463,1360.0,17.0,1.4,1.0,41,-5,15,La Trinidad,Balili,BSU Back,tomato,19.2,58.0,,TECNO_TECNO_CM8_5EAA20,field,agricapture_data.csv,1st-50-batch
be7b0e20,36,5,10,images/2026/01/21/latrinidad_balili_bsuback_20260121_014747_be7b0e20.jpg,1080,1080,1080p,2026-01-21T01:47:47.178Z,16.453112,120.591463,1360.0,17.0,1.4,1.0,2,0,3,La Trinidad,Balili,BSU Back,tomato,19.2,58.0,,TECNO_TECNO_CM8_5EAA20,field,agricapture_data.csv,1st-50-batch
045677f1,36,6,10,images/2026/01/21/latrinidad_balili_bsuback_20260121_014750_045677f1.jpg,1080,1080,1080p,2026-01-21T01:47:50.457Z,16.453112,120.591463,1360.0,17.0,1.4,1.0,3,4,6,La Trinidad,Balili,BSU Back,tomato,19.2,58.0,,TECNO_TECNO_CM8_5EAA20,field,agricapture_data.csv,1st-50-batch
6f01d3ff,36,7,10,images/2026/01/21/latrinidad_balili_bsuback_20260121_014754_6f01d3ff.jpg,1080,1080,1080p,2026-01-21T01:47:54.063Z,16.453112,120.591463,1360.0,17.0,1.4,1.0,22,-1,2,La Trinidad,Balili,BSU Back,tomato,19.2,58.0,,TECNO_TECNO_CM8_5EAA20,field,agricapture_data.csv,1st-50-batch
787bd111,36,8,10,images/2026/01/21/latrinidad_balili_bsuback_20260121_014757_787bd111.jpg,1080,1080,1080p,2026-01-21T01:47:57.561Z,16.453112,120.591463,1360.0,17.0,1.4,1.0,20,-10,356,La Trinidad,Balili,BSU Back,tomato,19.2,58.0,,TECNO_TECNO_CM8_5EAA20,field,agricapture_data.csv,1st-50-batch
58e6e7fb,36,9,10,images/2026/01/21/latrinidad_balili_bsuback_20260121_014800_58e6e7fb.jpg,1080,1080,1080p,2026-01-21T01:48:00.978Z,16.453112,120.591463,1360.0,17.0,1.4,1.0,37,-3,356,La Trinidad,Balili,BSU Back,tomato,19.2,58.0,,TECNO_TECNO_CM8_5EAA20,field,agricapture_data.csv,1st-50-batch
290c2bca,36,10,10,images/2026/01/21/latrinidad_balili_bsuback_20260121_014805_290c2bca.jpg,1080,1080,1080p,2026-01-21T01:48:05.528Z,16.453112,120.591463,1360.0,17.0,1.4,1.0,-4,-7,6,La Trinidad,Balili,BSU Back,tomato,19.2,58.0,,TECNO_TECNO_CM8_5EAA20,field,agricapture_data.csv,1st-50-batch
6289d8b3,38,1,10,images/2026/01/21/latrinidad_balili_bsuback_20260121_015155_6289d8b3.jpg,1080,1080,1080p,2026-01-21T01:51:55.084Z,16.453138,120.591389,1360.0,4.0,3.1,1.0,36,-2,314,La Trinidad,Balili,BSU Back,tomato,19.2,58.0,,TECNO_TECNO_CM8_5EAA20,field,agricapture_data.csv,1st-50-batch
9f3eea00,38,2,10,images/2026/01/21/latrinidad_balili_bsuback_20260121_015159_9f3eea00.jpg,1080,1080,1080p,2026-01-21T01:51:59.711Z,16.453138,120.591389,1360.0,4.0,3.1,1.0,28,11,282,La Trinidad,Balili,BSU Back,tomato,19.2,58.0,,TECNO_TECNO_CM8_5EAA20,field,agricapture_data.csv,1st-50-batch
11179e43,38,3,10,images/2026/01/21/latrinidad_balili_bsuback_20260121_015207_11179e43.jpg,1080,1080,1080p,2026-01-21T01:52:07.929Z,16.453138,120.591389,1360.0,4.0,3.1,1.0,23,-2,274,La Trinidad,Balili,BSU Back,tomato,19.2,58.0,,TECNO_TECNO_CM8_5EAA20,field,agricapture_data.csv,1st-50-batch
95e72b9f,38,4,10,images/2026/01/21/latrinidad_balili_bsuback_20260121_015211_95e72b9f.jpg,1080,1080,1080p,2026-01-21T01:52:11.826Z,16.453138,120.591389,1360.0,4.0,3.1,1.0,12,-1,275,La Trinidad,Balili,BSU Back,tomato,19.2,58.0,,TECNO_TECNO_CM8_5EAA20,field,agricapture_data.csv,1st-50-batch
64a7a504,38,5,10,images/2026/01/21/latrinidad_balili_bsuback_20260121_015214_64a7a504.jpg,1080,1080,1080p,2026-01-21T01:52:14.969Z,16.453138,120.591389,1360.0,4.0,3.1,1.0,11,0,275,La Trinidad,Balili,BSU Back,tomato,19.2,58.0,,TECNO_TECNO_CM8_5EAA20,field,agricapture_data.csv,1st-50-batch
9c18e217,38,6,10,images/2026/01/21/latrinidad_balili_bsuback_20260121_015220_9c18e217.jpg,1080,1080,1080p,2026-01-21T01:52:20.127Z,16.453138,120.591389,1360.0,4.0,3.1,1.0,35,7,282,La Trinidad,Balili,BSU Back,tomato,19.2,58.0,,TECNO_TECNO_CM8_5EAA20,field,agricapture_data.csv,1st-50-batch
ebee9060,38,7,10,images/2026/01/21/latrinidad_balili_bsuback_20260121_015225_ebee9060.jpg,1080,1080,1080p,2026-01-21T01:52:25.459Z,16.453138,120.591389,1360.0,4.0,3.1,1.0,30,10,303,La Trinidad,Balili,BSU Back,tomato,19.2,58.0,,TECNO_TECNO_CM8_5EAA20,field,agricapture_data.csv,1st-50-batch
8d9a1982,38,8,10,images/2026/01/21/latrinidad_balili_bsuback_20260121_015237_8d9a1982.jpg,1080,1080,1080p,2026-01-21T01:52:37.640Z,16.453138,120.591389,1360.0,4.0,3.1,1.0,34,-25,17,La Trinidad,Balili,BSU Back,tomato,19.2,58.0,,TECNO_TECNO_CM8_5EAA20,field,agricapture_data.csv,1st-50-batch
9c914079,38,9,10,images/2026/01/21/latrinidad_balili_bsuback_20260121_015243_9c914079.jpg,1080,1080,1080p,2026-01-21T01:52:43.289Z,16.453138,120.591389,1360.0,4.0,3.1,1.0,12,4,276,La Trinidad,Balili,BSU Back,tomato,19.2,58.0,,TECNO_TECNO_CM8_5EAA20,field,agricapture_data.csv,1st-50-batch
bbd1c9ad,38,10,10,images/2026/01/21/latrinidad_balili_bsuback_20260121_015300_bbd1c9ad.jpg,1080,1080,1080p,2026-01-21T01:53:00.981Z,16.453138,120.591389,1360.0,4.0,3.1,1.0,55,31,254,La Trinidad,Balili,BSU Back,tomato,19.2,58.0,,TECNO_TECNO_CM8_5EAA20,field,agricapture_data.csv,1st-50-batch
fd4978d6,39,1,10,images/2026/01/21/latrinidad_balili_bsuback_20260121_015315_fd4978d6.jpg,1080,1080,1080p,2026-01-21T01:53:15.273Z,16.453181,120.591375,1360.0,1.0,3.3,1.0,13,-4,2,La Trinidad,Balili,BSU Back,tomato,19.2,58.0,,TECNO_TECNO_CM8_5EAA20,field,agricapture_data.csv,1st-50-batch
b8b9a9cd,39,2,10,images/2026/01/21/latrinidad_balili_bsuback_20260121_015319_b8b9a9cd.jpg,1080,1080,1080p,2026-01-21T01:53:19.108Z,16.453181,120.591375,1360.0,1.0,3.3,1.0,37,1,3,La Trinidad,Balili,BSU Back,tomato,19.2,58.0,,TECNO_TECNO_CM8_5EAA20,field,agricapture_data.csv,1st-50-batch
719227c1,39,3,10,images/2026/01/21/latrinidad_balili_bsuback_20260121_015322_719227c1.jpg,1080,1080,1080p,2026-01-21T01:53:22.429Z,16.453181,120.591375,1360.0,1.0,3.3,1.0,4,-36,6,La Trinidad,Balili,BSU Back,tomato,19.2,58.0,,TECNO_TECNO_CM8_5EAA20,field,agricapture_data.csv,1st-50-batch
54a59d4e,39,4,10,images/2026/01/21/latrinidad_balili_bsuback_20260121_015329_54a59d4e.jpg,1080,1080,1080p,2026-01-21T01:53:29.741Z,16.453181,120.591375,1360.0,1.0,3.3,1.0,1,-40,8,La Trinidad,Balili,BSU Back,tomato,19.2,58.0,,TECNO_TECNO_CM8_5EAA20,field,agricapture_data.csv,1st-50-batch
272335a9,39,5,10,images/2026/01/21/latrinidad_balili_bsuback_20260121_015337_272335a9.jpg,1080,1080,1080p,2026-01-21T01:53:37.081Z,16.453181,120.591375,1360.0,1.0,3.3,1.0,9,-36,162,La Trinidad,Balili,BSU Back,tomato,19.2,58.0,,TECNO_TECNO_CM8_5EAA20,field,agricapture_data.csv,1st-50-batch
a50df653,39,6,10,images/2026/01/21/latrinidad_balili_bsuback_20260121_015340_a50df653.jpg,1080,1080,1080p,2026-01-21T01:53:40.703Z,16.453181,120.591375,1360.0,1.0,3.3,1.0,10,-10,161,La Trinidad,Balili,BSU Back,tomato,19.2,58.0,,TECNO_TECNO_CM8_5EAA20,field,agricapture_data.csv,1st-50-batch
c00dff87,39,7,10,images/2026/01/21/latrinidad_balili_bsuback_20260121_015343_c00dff87.jpg,1080,1080,1080p,2026-01-21T01:53:43.664Z,16.453181,120.591375,1360.0,1.0,3.3,1.0,10,-9,161,La Trinidad,Balili,BSU Back,tomato,19.2,58.0,,TECNO_TECNO_CM8_5EAA20,field,agricapture_data.csv,1st-50-batch
8bb7ec73,39,8,10,images/2026/01/21/latrinidad_balili_bsuback_20260121_015346_8bb7ec73.jpg,1080,1080,1080p,2026-01-21T01:53:46.616Z,16.453181,120.591375,1360.0,1.0,3.3,1.0,40,2,155,La Trinidad,Balili,BSU Back,tomato,19.2,58.0,,TECNO_TECNO_CM8_5EAA20,field,agricapture_data.csv,1st-50-batch
231ee316,39,9,10,images/2026/01/21/latrinidad_balili_bsuback_20260121_015350_231ee316.jpg,1080,1080,1080p,2026-01-21T01:53:51.000Z,16.453181,120.591375,1360.0,1.0,3.3,1.0,6,-5,166,La Trinidad,Balili,BSU Back,tomato,19.2,58.0,,TECNO_TECNO_CM8_5EAA20,field,agricapture_data.csv,1st-50-batch
57105dcf,39,10,10,images/2026/01/21/latrinidad_balili_bsuback_20260121_015354_57105dcf.jpg,1080,1080,1080p,2026-01-21T01:53:54.207Z,16.453181,120.591375,1360.0,1.0,3.3,1.0,4,-9,163,La Trinidad,Balili,BSU Back,tomato,19.2,58.0,,TECNO_TECNO_CM8_5EAA20,field,agricapture_data.csv,1st-50-batch
4ce44c5f,45,1,10,images/2026/01/21/latrinidad_balili_bsuback_20260121_020401_4ce44c5f.jpg,1080,1080,1080p,2026-01-21T02:04:01.777Z,16.452926,120.591405,1360.0,12.0,3.1,1.0,17,4,300,La Trinidad,Balili,BSU Back,corn,19.2,58.0,,TECNO_TECNO_CM8_5EAA20,field,agricapture_data.csv,1st-50-batch
8e92c8c6,45,2,10,images/2026/01/21/latrinidad_balili_bsuback_20260121_020405_8e92c8c6.jpg,1080,1080,1080p,2026-01-21T02:04:05.600Z,16.452926,120.591405,1360.0,12.0,3.1,1.0,17,31,290,La Trinidad,Balili,BSU Back,corn,19.2,58.0,,TECNO_TECNO_CM8_5EAA20,field,agricapture_data.csv,1st-50-batch
a6430c88,45,3,10,images/2026/01/21/latrinidad_balili_bsuback_20260121_020410_a6430c88.jpg,1080,1080,1080p,2026-01-21T02:04:10.020Z,16.452926,120.591405,1360.0,12.0,3.1,1.0,26,-13,305,La Trinidad,Balili,BSU Back,corn,19.2,58.0,,TECNO_TECNO_CM8_5EAA20,field,agricapture_data.csv,1st-50-batch
5ae8d331,45,4,10,images/2026/01/21/latrinidad_balili_bsuback_20260121_020416_5ae8d331.jpg,1080,1080,1080p,2026-01-21T02:04:17.014Z,16.452926,120.591405,1360.0,12.0,3.1,1.0,35,3,298,La Trinidad,Balili,BSU Back,corn,19.2,58.0,,TECNO_TECNO_CM8_5EAA20,field,agricapture_data.csv,1st-50-batch
4983b9da,45,5,10,images/2026/01/21/latrinidad_balili_bsuback_20260121_020420_4983b9da.jpg,1080,1080,1080p,2026-01-21T02:04:20.889Z,16.452926,120.591405,1360.0,12.0,3.1,1.0,18,29,290,La Trinidad,Balili,BSU Back,corn,19.2,58.0,,TECNO_TECNO_CM8_5EAA20,field,agricapture_data.csv,1st-50-batch
19c04bb1,45,6,10,images/2026/01/21/latrinidad_balili_bsuback_20260121_020426_19c04bb1.jpg,1080,1080,1080p,2026-01-21T02:04:26.436Z,16.452926,120.591405,1360.0,12.0,3.1,1.0,21,23,285,La Trinidad,Balili,BSU Back,corn,19.2,58.0,,TECNO_TECNO_CM8_5EAA20,field,agricapture_data.csv,1st-50-batch
27c9779f,45,7,10,images/2026/01/21/latrinidad_balili_bsuback_20260121_020431_27c9779f.jpg,1080,1080,1080p,2026-01-21T02:04:31.264Z,16.452926,120.591405,1360.0,12.0,3.1,1.0,24,8,297,La Trinidad,Balili,BSU Back,corn,19.2,58.0,,TECNO_TECNO_CM8_5EAA20,field,agricapture_data.csv,1st-50-batch
0478e7c3,45,8,10,images/2026/01/21/latrinidad_balili_bsuback_20260121_020456_0478e7c3.jpg,1080,1080,1080p,2026-01-21T02:04:56.908Z,16.45293,120.591439,1363.0,6.0,3.1,1.0,14,-21,300,La Trinidad,Balili,BSU Back,corn,19.2,58.0,,TECNO_TECNO_CM8_5EAA20,field,agricapture_data.csv,1st-50-batch
24646479,45,9,10,images/2026/01/21/latrinidad_balili_bsuback_20260121_020511_24646479.jpg,1080,1080,1080p,2026-01-21T02:05:11.392Z,16.45294,120.59144,1360.0,11.0,2.5,1.0,17,-6,121,La Trinidad,Balili,BSU Back,corn,19.2,58.0,,TECNO_TECNO_CM8_5EAA20,field,agricapture_data.csv,1st-50-batch
e1d93fa7,45,10,10,images/2026/01/21/latrinidad_balili_bsuback_20260121_020514_e1d93fa7.jpg,1080,1080,1080p,2026-01-21T02:05:14.231Z,16.45294,120.59144,1360.0,11.0,2.5,1.0,7,-9,110,La Trinidad,Balili,BSU Back,corn,19.2,58.0,,TECNO_TECNO_CM8_5EAA20,field,agricapture_data.csv,1st-50-batch
8c30cd15,47,1,10,images/2026/01/21/latrinidad_balili_bsuback_20260121_021010_8c30cd15.jpg,1080,1080,1080p,2026-01-21T02:10:10.366Z,16.452832,120.591396,1363.0,14.0,3.0,1.0,35,-1,247,La Trinidad,Balili,BSU Back,corn,19.2,58.0,,TECNO_TECNO_CM8_5EAA20,field,agricapture_data.csv,1st-50-batch
2a5a4bcf,47,2,10,images/2026/01/21/latrinidad_balili_bsuback_20260121_021014_2a5a4bcf.jpg,1080,1080,1080p,2026-01-21T02:10:14.180Z,16.452832,120.591396,1363.0,14.0,3.0,1.0,36,-2,250,La Trinidad,Balili,BSU Back,corn,19.2,58.0,,TECNO_TECNO_CM8_5EAA20,field,agricapture_data.csv,1st-50-batch
8985d55b,47,3,10,images/2026/01/21/latrinidad_balili_bsuback_20260121_021017_8985d55b.jpg,1080,1080,1080p,2026-01-21T02:10:17.906Z,16.452832,120.591396,1363.0,14.0,3.0,1.0,18,-37,260,La Trinidad,Balili,BSU Back,corn,19.2,58.0,,TECNO_TECNO_CM8_5EAA20,field,agricapture_data.csv,1st-50-batch
7ddafb98,47,4,10,images/2026/01/21/latrinidad_balili_bsuback_20260121_021022_7ddafb98.jpg,1080,1080,1080p,2026-01-21T02:10:22.402Z,16.452832,120.591396,1363.0,14.0,3.0,1.0,24,45,239,La Trinidad,Balili,BSU Back,corn,19.2,58.0,,TECNO_TECNO_CM8_5EAA20,field,agricapture_data.csv,1st-50-batch
764d3a86,47,5,10,images/2026/01/21/latrinidad_balili_bsuback_20260121_021026_764d3a86.jpg,1080,1080,1080p,2026-01-21T02:10:26.731Z,16.452832,120.591396,1363.0,14.0,3.0,1.0,42,4,247,La Trinidad,Balili,BSU Back,corn,19.2,58.0,,TECNO_TECNO_CM8_5EAA20,field,agricapture_data.csv,1st-50-batch
19143b68,47,6,10,images/2026/01/21/latrinidad_balili_bsuback_20260121_021030_19143b68.jpg,1080,1080,1080p,2026-01-21T02:10:30.488Z,16.452832,120.591396,1363.0,14.0,3.0,1.0,16,0,254,La Trinidad,Balili,BSU Back,corn,19.2,58.0,,TECNO_TECNO_CM8_5EAA20,field,agricapture_data.csv,1st-50-batch
3b9ec0df,47,7,10,images/2026/01/21/latrinidad_balili_bsuback_20260121_021034_3b9ec0df.jpg,1080,1080,1080p,2026-01-21T02:10:34.241Z,16.452832,120.591396,1363.0,14.0,3.0,1.0,66,0,247,La Trinidad,Balili,BSU Back,corn,19.2,58.0,,TECNO_TECNO_CM8_5EAA20,field,agricapture_data.csv,1st-50-batch
6ac6bc71,47,8,10,images/2026/01/21/latrinidad_balili_bsuback_20260121_021043_6ac6bc71.jpg,1080,1080,1080p,2026-01-21T02:10:43.887Z,16.452832,120.591396,1363.0,14.0,3.0,1.0,41,3,79,La Trinidad,Balili,BSU Back,corn,19.2,58.0,,TECNO_TECNO_CM8_5EAA20,field,agricapture_data.csv,1st-50-batch
1672af2b,47,9,10,images/2026/01/21/latrinidad_balili_bsuback_20260121_021046_1672af2b.jpg,1080,1080,1080p,2026-01-21T02:10:46.774Z,16.452832,120.591396,1363.0,14.0,3.0,1.0,34,8,83,La Trinidad,Balili,BSU Back,corn,19.2,58.0,,TECNO_TECNO_CM8_5EAA20,field,agricapture_data.csv,1st-50-batch
7e5507c9,47,10,10,images/2026/01/21/latrinidad_balili_bsuback_20260121_021051_7e5507c9.jpg,1080,1080,1080p,2026-01-21T02:10:51.089Z,16.452832,120.591396,1363.0,14.0,3.0,1.0,27,21,85,La Trinidad,Balili,BSU Back,corn,19.2,58.0,,TECNO_TECNO_CM8_5EAA20,field,agricapture_data.csv,1st-50-batch
154e8cd0,48,1,10,images/2026/01/21/latrinidad_balili_bsuback_20260121_021152_154e8cd0.jpg,1080,1080,1080p,2026-01-21T02:11:52.822Z,16.452781,120.591444,1360.0,8.0,4.6,1.0,31,-1,276,La Trinidad,Balili,BSU Back,corn,19.2,58.0,,TECNO_TECNO_CM8_5EAA20,field,agricapture_data.csv,1st-50-batch
01f4063f,48,2,10,images/2026/01/21/latrinidad_balili_bsuback_20260121_021155_01f4063f.jpg,1080,1080,1080p,2026-01-21T02:11:55.718Z,16.452781,120.591444,1360.0,8.0,4.6,1.0,32,-4,278,La Trinidad,Balili,BSU Back,corn,19.2,58.0,,TECNO_TECNO_CM8_5EAA20,field,agricapture_data.csv,1st-50-batch
026a5da1,48,3,10,images/2026/01/21/latrinidad_balili_bsuback_20260121_021159_026a5da1.jpg,1080,1080,1080p,2026-01-21T02:11:59.423Z,16.452781,120.591444,1360.0,8.0,4.6,1.0,12,-4,279,La Trinidad,Balili,BSU Back,corn,19.2,58.0,,TECNO_TECNO_CM8_5EAA20,field,agricapture_data.csv,1st-50-batch
e633d8ba,48,4,10,images/2026/01/21/latrinidad_balili_bsuback_20260121_021203_e633d8ba.jpg,1080,1080,1080p,2026-01-21T02:12:03.436Z,16.452781,120.591444,1360.0,8.0,4.6,1.0,15,41,274,La Trinidad,Balili,BSU Back,corn,19.2,58.0,,TECNO_TECNO_CM8_5EAA20,field,agricapture_data.csv,1st-50-batch
8eecd44b,48,5,10,images/2026/01/21/latrinidad_balili_bsuback_20260121_021212_8eecd44b.jpg,1080,1080,1080p,2026-01-21T02:12:12.177Z,16.452784,120.591463,1363.0,6.0,3.0,1.0,32,0,67,La Trinidad,Balili,BSU Back,corn,19.2,58.0,,TECNO_TECNO_CM8_5EAA20,field,agricapture_data.csv,1st-50-batch
785770be,48,6,10,images/2026/01/21/latrinidad_balili_bsuback_20260121_021214_785770be.jpg,1080,1080,1080p,2026-01-21T02:12:14.911Z,16.452784,120.591463,1363.0,6.0,3.0,1.0,29,0,73,La Trinidad,Balili,BSU Back,corn,19.2,58.0,,TECNO_TECNO_CM8_5EAA20,field,agricapture_data.csv,1st-50-batch
3e936bbb,48,7,10,images/2026/01/21/latrinidad_balili_bsuback_20260121_021223_3e936bbb.jpg,1080,1080,1080p,2026-01-21T02:12:23.449Z,16.452802,120.591466,1360.0,3.0,3.0,1.0,18,44,56,La Trinidad,Balili,BSU Back,corn,19.2,58.0,,TECNO_TECNO_CM8_5EAA20,field,agricapture_data.csv,1st-50-batch
21a8fb1b,48,8,10,images/2026/01/21/latrinidad_balili_bsuback_20260121_021229_21a8fb1b.jpg,1080,1080,1080p,2026-01-21T02:12:29.601Z,16.452802,120.591466,1360.0,3.0,3.0,1.0,18,3,77,La Trinidad,Balili,BSU Back,corn,19.2,58.0,,TECNO_TECNO_CM8_5EAA20,field,agricapture_data.csv,1st-50-batch
4b75483e,48,9,10,images/2026/01/21/latrinidad_balili_bsuback_20260121_021232_4b75483e.jpg,1080,1080,1080p,2026-01-21T02:12:32.994Z,16.452802,120.591466,1360.0,3.0,3.0,1.0,12,1,79,La Trinidad,Balili,BSU Back,corn,19.2,58.0,,TECNO_TECNO_CM8_5EAA20,field,agricapture_data.csv,1st-50-batch
d0a9c801,48,10,10,images/2026/01/21/latrinidad_balili_bsuback_20260121_021237_d0a9c801.jpg,1080,1080,1080p,2026-01-21T02:12:37.349Z,16.452802,120.591466,1360.0,3.0,3.0,1.0,20,2,78,La Trinidad,Balili,BSU Back,corn,19.2,58.0,,TECNO_TECNO_CM8_5EAA20,field,agricapture_data.csv,1st-50-batch
0ffbec8b,50,1,10,images/2026/01/21/latrinidad_balili_bsuback_20260121_021459_0ffbec8b.jpg,1080,1080,1080p,2026-01-21T02:14:59.443Z,16.45282,120.591569,1363.0,15.0,3.0,1.0,17,-12,269,La Trinidad,Balili,BSU Back,corn,19.2,58.0,,TECNO_TECNO_CM8_5EAA20,field,agricapture_data.csv,1st-50-batch
a100377c,50,2,10,images/2026/01/21/latrinidad_balili_bsuback_20260121_021503_a100377c.jpg,1080,1080,1080p,2026-01-21T02:15:03.803Z,16.45282,120.591569,1363.0,15.0,3.0,1.0,41,-9,269,La Trinidad,Balili,BSU Back,corn,19.2,58.0,,TECNO_TECNO_CM8_5EAA20,field,agricapture_data.csv,1st-50-batch
b885cce6,50,3,10,images/2026/01/21/latrinidad_balili_bsuback_20260121_021506_b885cce6.jpg,1080,1080,1080p,2026-01-21T02:15:06.507Z,16.45282,120.591569,1363.0,15.0,3.0,1.0,32,-12,270,La Trinidad,Balili,BSU Back,corn,19.2,58.0,,TECNO_TECNO_CM8_5EAA20,field,agricapture_data.csv,1st-50-batch
d5959e40,50,4,10,images/2026/01/21/latrinidad_balili_bsuback_20260121_021509_d5959e40.jpg,1080,1080,1080p,2026-01-21T02:15:09.784Z,16.45282,120.591569,1363.0,15.0,3.0,1.0,6,-40,297,La Trinidad,Balili,BSU Back,corn,19.2,58.0,,TECNO_TECNO_CM8_5EAA20,field,agricapture_data.csv,1st-50-batch
ed56698c,50,5,10,images/2026/01/21/latrinidad_balili_bsuback_20260121_021517_ed56698c.jpg,1080,1080,1080p,2026-01-21T02:15:17.305Z,16.45282,120.591569,1363.0,15.0,3.0,1.0,38,-26,121,La Trinidad,Balili,BSU Back,corn,19.2,58.0,,TECNO_TECNO_CM8_5EAA20,field,agricapture_data.csv,1st-50-batch
c187129c,50,6,10,images/2026/01/21/latrinidad_balili_bsuback_20260121_021520_c187129c.jpg,1080,1080,1080p,2026-01-21T02:15:20.353Z,16.45282,120.591569,1363.0,15.0,3.0,1.0,33,-29,120,La Trinidad,Balili,BSU Back,corn,19.2,58.0,,TECNO_TECNO_CM8_5EAA20,field,agricapture_data.csv,1st-50-batch
cb14e652,50,7,10,images/2026/01/21/latrinidad_balili_bsuback_20260121_021531_cb14e652.jpg,1080,1080,1080p,2026-01-21T02:15:31.356Z,16.45282,120.591569,1363.0,15.0,3.0,1.0,46,-33,110,La Trinidad,Balili,BSU Back,corn,19.2,58.0,,TECNO_TECNO_CM8_5EAA20,field,agricapture_data.csv,1st-50-batch
1d3d3960,50,8,10,images/2026/01/21/latrinidad_balili_bsuback_20260121_021535_1d3d3960.jpg,1080,1080,1080p,2026-01-21T02:15:35.428Z,16.45282,120.591569,1363.0,15.0,3.0,1.0,36,-6,110,La Trinidad,Balili,BSU Back,corn,19.2,58.0,,TECNO_TECNO_CM8_5EAA20,field,agricapture_data.csv,1st-50-batch
fd2d0000,50,9,10,images/2026/01/21/latrinidad_balili_bsuback_20260121_021546_fd2d0000.jpg,1080,1080,1080p,2026-01-21T02:15:46.812Z,16.45282,120.591569,1363.0,15.0,3.0,1.0,37,1,109,La Trinidad,Balili,BSU Back,corn,19.2,58.0,,TECNO_TECNO_CM8_5EAA20,field,agricapture_data.csv,1st-50-batch
fbdbbfbb,50,10,10,images/2026/01/21/latrinidad_balili_bsuback_20260121_021634_fbdbbfbb.jpg,1080,1080,1080p,2026-01-21T02:16:34.932Z,16.452842,120.59157,1363.0,8.0,3.1,1.0,27,1,250,La Trinidad,Balili,BSU Back,corn,19.2,58.0,,TECNO_TECNO_CM8_5EAA20,field,agricapture_data.csv,1st-50-batch
0ffbec8b,50,1,10,images/2026/01/21/latrinidad_balili_bsuback_20260121_021459_0ffbec8b.jpg,1080,1080,1080p,2026-01-21T02:14:59.443Z,16.45282,120.591569,1363.0,15.0,3.0,1.0,17,-12,269,La Trinidad,Balili,BSU Back,corn,19.2,58.0,,TECNO_TECNO_CM8_5EAA20,field,agricapture_data.csv,2nd-50-65-batch
a100377c,50,2,10,images/2026/01/21/latrinidad_balili_bsuback_20260121_021503_a100377c.jpg,1080,1080,1080p,2026-01-21T02:15:03.803Z,16.45282,120.591569,1363.0,15.0,3.0,1.0,41,-9,269,La Trinidad,Balili,BSU Back,corn,19.2,58.0,,TECNO_TECNO_CM8_5EAA20,field,agricapture_data.csv,2nd-50-65-batch
b885cce6,50,3,10,images/2026/01/21/latrinidad_balili_bsuback_20260121_021506_b885cce6.jpg,1080,1080,1080p,2026-01-21T02:15:06.507Z,16.45282,120.591569,1363.0,15.0,3.0,1.0,32,-12,270,La Trinidad,Balili,BSU Back,corn,19.2,58.0,,TECNO_TECNO_CM8_5EAA20,field,agricapture_data.csv,2nd-50-65-batch
d5959e40,50,4,10,images/2026/01/21/latrinidad_balili_bsuback_20260121_021509_d5959e40.jpg,1080,1080,1080p,2026-01-21T02:15:09.784Z,16.45282,120.591569,1363.0,15.0,3.0,1.0,6,-40,297,La Trinidad,Balili,BSU Back,corn,19.2,58.0,,TECNO_TECNO_CM8_5EAA20,field,agricapture_data.csv,2nd-50-65-batch
ed56698c,50,5,10,images/2026/01/21/latrinidad_balili_bsuback_20260121_021517_ed56698c.jpg,1080,1080,1080p,2026-01-21T02:15:17.305Z,16.45282,120.591569,1363.0,15.0,3.0,1.0,38,-26,121,La Trinidad,Balili,BSU Back,corn,19.2,58.0,,TECNO_TECNO_CM8_5EAA20,field,agricapture_data.csv,2nd-50-65-batch
c187129c,50,6,10,images/2026/01/21/latrinidad_balili_bsuback_20260121_021520_c187129c.jpg,1080,1080,1080p,2026-01-21T02:15:20.353Z,16.45282,120.591569,1363.0,15.0,3.0,1.0,33,-29,120,La Trinidad,Balili,BSU Back,corn,19.2,58.0,,TECNO_TECNO_CM8_5EAA20,field,agricapture_data.csv,2nd-50-65-batch
cb14e652,50,7,10,images/2026/01/21/latrinidad_balili_bsuback_20260121_021531_cb14e652.jpg,1080,1080,1080p,2026-01-21T02:15:31.356Z,16.45282,120.591569,1363.0,15.0,3.0,1.0,46,-33,110,La Trinidad,Balili,BSU Back,corn,19.2,58.0,,TECNO_TECNO_CM8_5EAA20,field,agricapture_data.csv,2nd-50-65-batch
1d3d3960,50,8,10,images/2026/01/21/latrinidad_balili_bsuback_20260121_021535_1d3d3960.jpg,1080,1080,1080p,2026-01-21T02:15:35.428Z,16.45282,120.591569,1363.0,15.0,3.0,1.0,36,-6,110,La Trinidad,Balili,BSU Back,corn,19.2,58.0,,TECNO_TECNO_CM8_5EAA20,field,agricapture_data.csv,2nd-50-65-batch
fd2d0000,50,9,10,images/2026/01/21/latrinidad_balili_bsuback_20260121_021546_fd2d0000.jpg,1080,1080,1080p,2026-01-21T02:15:46.812Z,16.45282,120.591569,1363.0,15.0,3.0,1.0,37,1,109,La Trinidad,Balili,BSU Back,corn,19.2,58.0,,TECNO_TECNO_CM8_5EAA20,field,agricapture_data.csv,2nd-50-65-batch
fbdbbfbb,50,10,10,images/2026/01/21/latrinidad_balili_bsuback_20260121_021634_fbdbbfbb.jpg,1080,1080,1080p,2026-01-21T02:16:34.932Z,16.452842,120.59157,1363.0,8.0,3.1,1.0,27,1,250,La Trinidad,Balili,BSU Back,corn,19.2,58.0,,TECNO_TECNO_CM8_5EAA20,field,agricapture_data.csv,2nd-50-65-batch
f69f0b99,51,1,10,images/2026/01/21/latrinidad_balili_bsuback_20260121_022429_f69f0b99.jpg,1080,1080,1080p,2026-01-21T02:24:29.507Z,16.452707,120.591732,1363.0,19.0,3.0,1.0,14,-29,358,La Trinidad,Balili,BSU Back,corn,19.4,58.0,,TECNO_TECNO_CM8_5EAA20,field,agricapture_data.csv,2nd-50-65-batch
f8f9bb79,51,2,10,images/2026/01/21/latrinidad_balili_bsuback_20260121_022435_f8f9bb79.jpg,1080,1080,1080p,2026-01-21T02:24:35.521Z,16.452725,120.591722,1363.0,19.0,3.0,1.0,45,1,348,La Trinidad,Balili,BSU Back,corn,19.4,58.0,,TECNO_TECNO_CM8_5EAA20,field,agricapture_data.csv,2nd-50-65-batch
97afcd16,51,3,10,images/2026/01/21/latrinidad_balili_bsuback_20260121_022453_97afcd16.jpg,1080,1080,1080p,2026-01-21T02:24:53.696Z,16.452707,120.59172,1363.0,4.0,3.0,1.0,39,7,125,La Trinidad,Balili,BSU Back,corn,19.4,58.0,,TECNO_TECNO_CM8_5EAA20,field,agricapture_data.csv,2nd-50-65-batch
99f6f364,51,4,10,images/2026/01/21/latrinidad_balili_bsuback_20260121_022456_99f6f364.jpg,1080,1080,1080p,2026-01-21T02:24:56.746Z,16.452707,120.59172,1363.0,4.0,3.0,1.0,39,2,128,La Trinidad,Balili,BSU Back,corn,19.4,58.0,,TECNO_TECNO_CM8_5EAA20,field,agricapture_data.csv,2nd-50-65-batch
d670e686,51,5,10,images/2026/01/21/latrinidad_balili_bsuback_20260121_022508_d670e686.jpg,1080,1080,1080p,2026-01-21T02:25:08.681Z,16.452728,120.591699,1363.0,9.0,3.0,1.0,36,-3,144,La Trinidad,Balili,BSU Back,corn,19.4,58.0,,TECNO_TECNO_CM8_5EAA20,field,agricapture_data.csv,2nd-50-65-batch
74d0fae2,51,6,10,images/2026/01/21/latrinidad_balili_bsuback_20260121_022511_74d0fae2.jpg,1080,1080,1080p,2026-01-21T02:25:11.912Z,16.452728,120.591699,1363.0,9.0,3.0,1.0,40,-6,150,La Trinidad,Balili,BSU Back,corn,19.4,58.0,,TECNO_TECNO_CM8_5EAA20,field,agricapture_data.csv,2nd-50-65-batch
986d4e6a,51,7,10,images/2026/01/21/latrinidad_balili_bsuback_20260121_022518_986d4e6a.jpg,1080,1080,1080p,2026-01-21T02:25:18.513Z,16.452728,120.591699,1363.0,9.0,3.0,1.0,40,-13,160,La Trinidad,Balili,BSU Back,corn,19.4,58.0,,TECNO_TECNO_CM8_5EAA20,field,agricapture_data.csv,2nd-50-65-batch
14bb9dac,51,8,10,images/2026/01/21/latrinidad_balili_bsuback_20260121_022528_14bb9dac.jpg,1080,1080,1080p,2026-01-21T02:25:28.186Z,16.452728,120.591699,1363.0,9.0,3.0,1.0,40,-8,148,La Trinidad,Balili,BSU Back,corn,19.4,58.0,,TECNO_TECNO_CM8_5EAA20,field,agricapture_data.csv,2nd-50-65-batch
d9d00d45,51,9,10,images/2026/01/21/latrinidad_balili_bsuback_20260121_022539_d9d00d45.jpg,1080,1080,1080p,2026-01-21T02:25:39.566Z,16.452728,120.591699,1363.0,9.0,3.0,1.0,8,-24,358,La Trinidad,Balili,BSU Back,corn,19.4,58.0,,TECNO_TECNO_CM8_5EAA20,field,agricapture_data.csv,2nd-50-65-batch
b508c34c,51,10,10,images/2026/01/21/latrinidad_balili_bsuback_20260121_022543_b508c34c.jpg,1080,1080,1080p,2026-01-21T02:25:43.072Z,16.452728,120.591699,1363.0,9.0,3.0,1.0,5,-20,357,La Trinidad,Balili,BSU Back,corn,19.4,58.0,,TECNO_TECNO_CM8_5EAA20,field,agricapture_data.csv,2nd-50-65-batch
fe4689e1,52,1,10,images/2026/01/21/latrinidad_balili_bsuback_20260121_022702_fe4689e1.jpg,1080,1080,1080p,2026-01-21T02:27:03.019Z,16.452773,120.5916,1360.0,6.0,3.7,1.0,39,-5,76,La Trinidad,Balili,BSU Back,corn,19.4,58.0,,TECNO_TECNO_CM8_5EAA20,field,agricapture_data.csv,2nd-50-65-batch
6e2811fa,52,2,10,images/2026/01/21/latrinidad_balili_bsuback_20260121_022711_6e2811fa.jpg,1080,1080,1080p,2026-01-21T02:27:11.048Z,16.452773,120.5916,1360.0,6.0,3.7,1.0,31,-2,179,La Trinidad,Balili,BSU Back,corn,19.4,58.0,,TECNO_TECNO_CM8_5EAA20,field,agricapture_data.csv,2nd-50-65-batch
29c942a7,52,3,10,images/2026/01/21/latrinidad_balili_bsuback_20260121_022714_29c942a7.jpg,1080,1080,1080p,2026-01-21T02:27:14.215Z,16.452773,120.5916,1360.0,6.0,3.7,1.0,34,-1,177,La Trinidad,Balili,BSU Back,corn,19.4,58.0,,TECNO_TECNO_CM8_5EAA20,field,agricapture_data.csv,2nd-50-65-batch
4c91393d,52,4,10,images/2026/01/21/latrinidad_balili_bsuback_20260121_022718_4c91393d.jpg,1080,1080,1080p,2026-01-21T02:27:18.532Z,16.452773,120.5916,1360.0,6.0,3.7,1.0,12,-1,177,La Trinidad,Balili,BSU Back,corn,19.4,58.0,,TECNO_TECNO_CM8_5EAA20,field,agricapture_data.csv,2nd-50-65-batch
93e65e92,52,5,10,images/2026/01/21/latrinidad_balili_bsuback_20260121_022721_93e65e92.jpg,1080,1080,1080p,2026-01-21T02:27:21.699Z,16.452773,120.5916,1360.0,6.0,3.7,1.0,9,29,162,La Trinidad,Balili,BSU Back,corn,19.4,58.0,,TECNO_TECNO_CM8_5EAA20,field,agricapture_data.csv,2nd-50-65-batch
eb6b7b21,52,6,10,images/2026/01/21/latrinidad_balili_bsuback_20260121_022724_eb6b7b21.jpg,1080,1080,1080p,2026-01-21T02:27:24.854Z,16.452773,120.5916,1360.0,6.0,3.7,1.0,5,30,165,La Trinidad,Balili,BSU Back,corn,19.4,58.0,,TECNO_TECNO_CM8_5EAA20,field,agricapture_data.csv,2nd-50-65-batch
d9dd28c7,52,7,10,images/2026/01/21/latrinidad_balili_bsuback_20260121_022728_d9dd28c7.jpg,1080,1080,1080p,2026-01-21T02:27:28.225Z,16.452773,120.5916,1360.0,6.0,3.7,1.0,14,0,177,La Trinidad,Balili,BSU Back,corn,19.4,58.0,,TECNO_TECNO_CM8_5EAA20,field,agricapture_data.csv,2nd-50-65-batch
04106bb5,52,8,10,images/2026/01/21/latrinidad_balili_bsuback_20260121_022732_04106bb5.jpg,1080,1080,1080p,2026-01-21T02:27:32.697Z,16.452773,120.5916,1360.0,6.0,3.7,1.0,41,1,174,La Trinidad,Balili,BSU Back,corn,19.4,58.0,,TECNO_TECNO_CM8_5EAA20,field,agricapture_data.csv,2nd-50-65-batch
c968296e,52,9,10,images/2026/01/21/latrinidad_balili_bsuback_20260121_022737_c968296e.jpg,1080,1080,1080p,2026-01-21T02:27:37.467Z,16.452773,120.5916,1360.0,6.0,3.7,1.0,41,1,172,La Trinidad,Balili,BSU Back,corn,19.4,58.0,,TECNO_TECNO_CM8_5EAA20,field,agricapture_data.csv,2nd-50-65-batch
f925907b,52,10,10,images/2026/01/21/latrinidad_balili_bsuback_20260121_022749_f925907b.jpg,1080,1080,1080p,2026-01-21T02:27:49.593Z,16.452773,120.5916,1360.0,6.0,3.7,1.0,14,3,191,La Trinidad,Balili,BSU Back,corn,19.4,58.0,,TECNO_TECNO_CM8_5EAA20,field,agricapture_data.csv,2nd-50-65-batch
daf85e6e,53,2,10,images/2026/01/21/latrinidad_balili_bsuback_20260121_022852_daf85e6e.jpg,1080,1080,1080p,2026-01-21T02:28:52.267Z,16.452694,120.591533,1363.0,12.0,3.0,1.0,-4,-31,196,La Trinidad,Balili,BSU Back,broccoli,19.4,58.0,,TECNO_TECNO_CM8_5EAA20,field,agricapture_data.csv,2nd-50-65-batch
56a0c601,53,3,10,images/2026/01/21/latrinidad_balili_bsuback_20260121_022858_56a0c601.jpg,1080,1080,1080p,2026-01-21T02:28:58.207Z,16.452694,120.591533,1363.0,12.0,3.0,1.0,39,-6,161,La Trinidad,Balili,BSU Back,broccoli,19.4,58.0,,TECNO_TECNO_CM8_5EAA20,field,agricapture_data.csv,2nd-50-65-batch
748aa65f,53,4,10,images/2026/01/21/latrinidad_balili_bsuback_20260121_022916_748aa65f.jpg,1080,1080,1080p,2026-01-21T02:29:16.462Z,16.452694,120.591533,1363.0,12.0,3.0,1.0,30,5,105,La Trinidad,Balili,BSU Back,broccoli,19.4,58.0,,TECNO_TECNO_CM8_5EAA20,field,agricapture_data.csv,2nd-50-65-batch
5a5bb744,53,5,10,images/2026/01/21/latrinidad_balili_bsuback_20260121_022920_5a5bb744.jpg,1080,1080,1080p,2026-01-21T02:29:20.240Z,16.452694,120.591533,1363.0,12.0,3.0,1.0,7,0,98,La Trinidad,Balili,BSU Back,broccoli,19.4,58.0,,TECNO_TECNO_CM8_5EAA20,field,agricapture_data.csv,2nd-50-65-batch
9dadb057,53,6,10,images/2026/01/21/latrinidad_balili_bsuback_20260121_022923_9dadb057.jpg,1080,1080,1080p,2026-01-21T02:29:23.490Z,16.452694,120.591533,1363.0,12.0,3.0,1.0,3,-2,96,La Trinidad,Balili,BSU Back,broccoli,19.4,58.0,,TECNO_TECNO_CM8_5EAA20,field,agricapture_data.csv,2nd-50-65-batch
da04f54e,53,7,10,images/2026/01/21/latrinidad_balili_bsuback_20260121_022926_da04f54e.jpg,1080,1080,1080p,2026-01-21T02:29:26.771Z,16.452694,120.591533,1363.0,12.0,3.0,1.0,2,0,96,La Trinidad,Balili,BSU Back,broccoli,19.4,58.0,,TECNO_TECNO_CM8_5EAA20,field,agricapture_data.csv,2nd-50-65-batch
47f549b9,53,8,10,images/2026/01/21/latrinidad_balili_bsuback_20260121_022933_47f549b9.jpg,1080,1080,1080p,2026-01-21T02:29:33.466Z,16.452694,120.591533,1363.0,12.0,3.0,1.0,19,3,184,La Trinidad,Balili,BSU Back,broccoli,19.4,58.0,,TECNO_TECNO_CM8_5EAA20,field,agricapture_data.csv,2nd-50-65-batch
a4dcf1b8,53,9,10,images/2026/01/21/latrinidad_balili_bsuback_20260121_022940_a4dcf1b8.jpg,1080,1080,1080p,2026-01-21T02:29:40.146Z,16.452694,120.591533,1363.0,12.0,3.0,1.0,35,-7,353,La Trinidad,Balili,BSU Back,broccoli,19.4,58.0,,TECNO_TECNO_CM8_5EAA20,field,agricapture_data.csv,2nd-50-65-batch
8aca4793,53,10,10,images/2026/01/21/latrinidad_balili_bsuback_20260121_022948_8aca4793.jpg,1080,1080,1080p,2026-01-21T02:29:48.207Z,16.452694,120.591533,1363.0,12.0,3.0,1.0,30,-5,351,La Trinidad,Balili,BSU Back,broccoli,19.4,58.0,,TECNO_TECNO_CM8_5EAA20,field,agricapture_data.csv,2nd-50-65-batch
9e02c0b0,53,2,10,images/2026/01/21/latrinidad_balili_bsuback_20260121_023011_9e02c0b0.jpg,1080,1080,1080p,2026-01-21T02:30:11.647Z,16.452694,120.591533,1363.0,12.0,3.0,1.0,22,-5,356,La Trinidad,Balili,BSU Back,broccoli,19.4,58.0,,TECNO_TECNO_CM8_5EAA20,field,agricapture_data.csv,2nd-50-65-batch
a2dcc4ac,54,1,10,images/2026/01/21/latrinidad_balili_bsuback_20260121_023326_a2dcc4ac.jpg,1080,1080,1080p,2026-01-21T02:33:26.854Z,16.45274,120.59144,1362.0,17.0,3.0,1.0,30,0,287,La Trinidad,Balili,BSU Back,broccoli,20.3,55.0,,TECNO_TECNO_CM8_5EAA20,field,agricapture_data.csv,2nd-50-65-batch
111925e8,54,2,10,images/2026/01/21/latrinidad_balili_bsuback_20260121_023330_111925e8.jpg,1080,1080,1080p,2026-01-21T02:33:30.242Z,16.45274,120.59144,1362.0,17.0,3.0,1.0,29,0,289,La Trinidad,Balili,BSU Back,broccoli,20.3,55.0,,TECNO_TECNO_CM8_5EAA20,field,agricapture_data.csv,2nd-50-65-batch
3f7cac31,54,3,10,images/2026/01/21/latrinidad_balili_bsuback_20260121_023333_3f7cac31.jpg,1080,1080,1080p,2026-01-21T02:33:33.830Z,16.45274,120.59144,1362.0,17.0,3.0,1.0,29,7,285,La Trinidad,Balili,BSU Back,broccoli,20.3,55.0,,TECNO_TECNO_CM8_5EAA20,field,agricapture_data.csv,2nd-50-65-batch
97bfb924,54,4,10,images/2026/01/21/latrinidad_balili_bsuback_20260121_023337_97bfb924.jpg,1080,1080,1080p,2026-01-21T02:33:37.552Z,16.45274,120.59144,1362.0,17.0,3.0,1.0,19,39,275,La Trinidad,Balili,BSU Back,broccoli,20.3,55.0,,TECNO_TECNO_CM8_5EAA20,field,agricapture_data.csv,2nd-50-65-batch
2b8e52da,54,5,10,images/2026/01/21/latrinidad_balili_bsuback_20260121_023341_2b8e52da.jpg,1080,1080,1080p,2026-01-21T02:33:41.541Z,16.45274,120.59144,1362.0,17.0,3.0,1.0,20,-26,293,La Trinidad,Balili,BSU Back,broccoli,20.3,55.0,,TECNO_TECNO_CM8_5EAA20,field,agricapture_data.csv,2nd-50-65-batch
32356d09,54,6,10,images/2026/01/21/latrinidad_balili_bsuback_20260121_023348_32356d09.jpg,1080,1080,1080p,2026-01-21T02:33:48.106Z,16.45274,120.59144,1362.0,17.0,3.0,1.0,26,-10,291,La Trinidad,Balili,BSU Back,broccoli,20.3,55.0,,TECNO_TECNO_CM8_5EAA20,field,agricapture_data.csv,2nd-50-65-batch
fe14b38c,54,7,10,images/2026/01/21/latrinidad_balili_bsuback_20260121_023351_fe14b38c.jpg,1080,1080,1080p,2026-01-21T02:33:51.582Z,16.45274,120.59144,1362.0,17.0,3.0,1.0,43,-3,285,La Trinidad,Balili,BSU Back,broccoli,20.3,55.0,,TECNO_TECNO_CM8_5EAA20,field,agricapture_data.csv,2nd-50-65-batch
37897914,54,8,10,images/2026/01/21/latrinidad_balili_bsuback_20260121_023401_37897914.jpg,1080,1080,1080p,2026-01-21T02:34:01.152Z,16.45274,120.59144,1362.0,17.0,3.0,1.0,24,3,89,La Trinidad,Balili,BSU Back,broccoli,20.3,55.0,,TECNO_TECNO_CM8_5EAA20,field,agricapture_data.csv,2nd-50-65-batch
677a43c4,54,9,10,images/2026/01/21/latrinidad_balili_bsuback_20260121_023404_677a43c4.jpg,1080,1080,1080p,2026-01-21T02:34:04.667Z,16.45274,120.59144,1362.0,17.0,3.0,1.0,27,1,90,La Trinidad,Balili,BSU Back,broccoli,20.3,55.0,,TECNO_TECNO_CM8_5EAA20,field,agricapture_data.csv,2nd-50-65-batch
13317135,54,10,10,images/2026/01/21/latrinidad_balili_bsuback_20260121_023412_13317135.jpg,1080,1080,1080p,2026-01-21T02:34:12.072Z,16.45274,120.59144,1362.0,17.0,3.0,1.0,22,-8,82,La Trinidad,Balili,BSU Back,broccoli,20.3,55.0,,TECNO_TECNO_CM8_5EAA20,field,agricapture_data.csv,2nd-50-65-batch
e849ed16,55,1,10,images/2026/01/21/latrinidad_balili_bsuback_20260121_023430_e849ed16.jpg,1080,1080,1080p,2026-01-21T02:34:30.605Z,16.452717,120.591361,1360.0,8.0,4.0,1.0,42,4,345,La Trinidad,Balili,BSU Back,broccoli,20.3,55.0,,TECNO_TECNO_CM8_5EAA20,field,agricapture_data.csv,2nd-50-65-batch
13e3e8b0,55,2,10,images/2026/01/21/latrinidad_balili_bsuback_20260121_023434_13e3e8b0.jpg,1080,1080,1080p,2026-01-21T02:34:34.211Z,16.452717,120.591361,1360.0,8.0,4.0,1.0,40,3,347,La Trinidad,Balili,BSU Back,broccoli,20.3,55.0,,TECNO_TECNO_CM8_5EAA20,field,agricapture_data.csv,2nd-50-65-batch
2699599b,55,3,10,images/2026/01/21/latrinidad_balili_bsuback_20260121_023438_2699599b.jpg,1080,1080,1080p,2026-01-21T02:34:38.147Z,16.452717,120.591361,1360.0,8.0,4.0,1.0,42,1,348,La Trinidad,Balili,BSU Back,broccoli,20.3,55.0,,TECNO_TECNO_CM8_5EAA20,field,agricapture_data.csv,2nd-50-65-batch
6b416765,55,4,10,images/2026/01/21/latrinidad_balili_bsuback_20260121_023442_6b416765.jpg,1080,1080,1080p,2026-01-21T02:34:42.035Z,16.452717,120.591361,1360.0,8.0,4.0,1.0,1,-3,358,La Trinidad,Balili,BSU Back,broccoli,20.3,55.0,,TECNO_TECNO_CM8_5EAA20,field,agricapture_data.csv,2nd-50-65-batch
135dc81d,55,5,10,images/2026/01/21/latrinidad_balili_bsuback_20260121_023445_135dc81d.jpg,1080,1080,1080p,2026-01-21T02:34:45.701Z,16.452717,120.591361,1360.0,8.0,4.0,1.0,-3,-4,358,La Trinidad,Balili,BSU Back,broccoli,20.3,55.0,,TECNO_TECNO_CM8_5EAA20,field,agricapture_data.csv,2nd-50-65-batch
5e329e29,55,6,10,images/2026/01/21/latrinidad_balili_bsuback_20260121_023449_5e329e29.jpg,1080,1080,1080p,2026-01-21T02:34:49.415Z,16.452717,120.591361,1360.0,8.0,4.0,1.0,-3,-4,358,La Trinidad,Balili,BSU Back,broccoli,20.3,55.0,,TECNO_TECNO_CM8_5EAA20,field,agricapture_data.csv,2nd-50-65-batch
7117b789,55,7,10,images/2026/01/21/latrinidad_balili_bsuback_20260121_023458_7117b789.jpg,1080,1080,1080p,2026-01-21T02:34:58.561Z,16.452717,120.591361,1360.0,8.0,4.0,1.0,31,-10,192,La Trinidad,Balili,BSU Back,broccoli,20.3,55.0,,TECNO_TECNO_CM8_5EAA20,field,agricapture_data.csv,2nd-50-65-batch
5eae1c56,55,8,10,images/2026/01/21/latrinidad_balili_bsuback_20260121_023502_5eae1c56.jpg,1080,1080,1080p,2026-01-21T02:35:02.663Z,16.452717,120.591361,1360.0,8.0,4.0,1.0,36,-9,190,La Trinidad,Balili,BSU Back,broccoli,20.3,55.0,,TECNO_TECNO_CM8_5EAA20,field,agricapture_data.csv,2nd-50-65-batch
d8d59e7e,55,9,10,images/2026/01/21/latrinidad_balili_bsuback_20260121_023506_d8d59e7e.jpg,1080,1080,1080p,2026-01-21T02:35:06.830Z,16.452717,120.591361,1360.0,8.0,4.0,1.0,16,-4,189,La Trinidad,Balili,BSU Back,broccoli,20.3,55.0,,TECNO_TECNO_CM8_5EAA20,field,agricapture_data.csv,2nd-50-65-batch
6978a6ff,55,10,10,images/2026/01/21/latrinidad_balili_bsuback_20260121_023510_6978a6ff.jpg,1080,1080,1080p,2026-01-21T02:35:10.945Z,16.452717,120.591361,1360.0,8.0,4.0,1.0,2,19,180,La Trinidad,Balili,BSU Back,broccoli,20.3,55.0,,TECNO_TECNO_CM8_5EAA20,field,agricapture_data.csv,2nd-50-65-batch
39ca162d,56,1,10,images/2026/01/21/latrinidad_balili_bsuback_20260121_023604_39ca162d.jpg,1080,1080,1080p,2026-01-21T02:36:04.910Z,16.452479,120.591338,1359.0,50.0,13.2,1.0,21,-4,203,La Trinidad,Balili,BSU Back,broccoli,20.3,55.0,,TECNO_TECNO_CM8_5EAA20,field,agricapture_data.csv,2nd-50-65-batch
f355a284,56,2,10,images/2026/01/21/latrinidad_balili_bsuback_20260121_023608_f355a284.jpg,1080,1080,1080p,2026-01-21T02:36:08.859Z,16.452461,120.59133,1358.0,6.0,3.1,1.0,15,-1,210,La Trinidad,Balili,BSU Back,broccoli,20.3,55.0,,TECNO_TECNO_CM8_5EAA20,field,agricapture_data.csv,2nd-50-65-batch
b94f9fbe,56,3,10,images/2026/01/21/latrinidad_balili_bsuback_20260121_023612_b94f9fbe.jpg,1080,1080,1080p,2026-01-21T02:36:12.821Z,16.452461,120.59133,1358.0,6.0,3.1,1.0,-4,-2,195,La Trinidad,Balili,BSU Back,broccoli,20.3,55.0,,TECNO_TECNO_CM8_5EAA20,field,agricapture_data.csv,2nd-50-65-batch
17bd4cb5,56,4,10,images/2026/01/21/latrinidad_balili_bsuback_20260121_023616_17bd4cb5.jpg,1080,1080,1080p,2026-01-21T02:36:16.830Z,16.452461,120.59133,1358.0,6.0,3.1,1.0,-7,-1,196,La Trinidad,Balili,BSU Back,broccoli,20.3,55.0,,TECNO_TECNO_CM8_5EAA20,field,agricapture_data.csv,2nd-50-65-batch
24e21c32,56,5,10,images/2026/01/21/latrinidad_balili_bsuback_20260121_023621_24e21c32.jpg,1080,1080,1080p,2026-01-21T02:36:21.949Z,16.452461,120.59133,1358.0,6.0,3.1,1.0,20,2,15,La Trinidad,Balili,BSU Back,broccoli,20.3,55.0,,TECNO_TECNO_CM8_5EAA20,field,agricapture_data.csv,2nd-50-65-batch
1d33731b,56,6,10,images/2026/01/21/latrinidad_balili_bsuback_20260121_023645_1d33731b.jpg,1080,1080,1080p,2026-01-21T02:36:45.979Z,16.452476,120.591319,1363.0,9.0,3.0,1.0,14,-8,89,La Trinidad,Balili,BSU Back,broccoli,20.3,55.0,,TECNO_TECNO_CM8_5EAA20,field,agricapture_data.csv,2nd-50-65-batch
c25814d8,56,7,10,images/2026/01/21/latrinidad_balili_bsuback_20260121_023650_c25814d8.jpg,1080,1080,1080p,2026-01-21T02:36:50.030Z,16.452476,120.591319,1363.0,9.0,3.0,1.0,32,-3,176,La Trinidad,Balili,BSU Back,broccoli,20.3,55.0,,TECNO_TECNO_CM8_5EAA20,field,agricapture_data.csv,2nd-50-65-batch
92761616,56,8,10,images/2026/01/21/latrinidad_balili_bsuback_20260121_023654_92761616.jpg,1080,1080,1080p,2026-01-21T02:36:54.421Z,16.452476,120.591319,1363.0,9.0,3.0,1.0,18,-6,170,La Trinidad,Balili,BSU Back,broccoli,20.3,55.0,,TECNO_TECNO_CM8_5EAA20,field,agricapture_data.csv,2nd-50-65-batch
c84f4fdd,56,9,10,images/2026/01/21/latrinidad_balili_bsuback_20260121_023658_c84f4fdd.jpg,1080,1080,1080p,2026-01-21T02:36:58.942Z,16.452476,120.591319,1363.0,9.0,3.0,1.0,4,-6,171,La Trinidad,Balili,BSU Back,broccoli,20.3,55.0,,TECNO_TECNO_CM8_5EAA20,field,agricapture_data.csv,2nd-50-65-batch
1a3c9b0d,56,10,10,images/2026/01/21/latrinidad_balili_bsuback_20260121_023703_1a3c9b0d.jpg,1080,1080,1080p,2026-01-21T02:37:03.267Z,16.452476,120.591319,1363.0,9.0,3.0,1.0,-9,-19,171,La Trinidad,Balili,BSU Back,broccoli,20.3,55.0,,TECNO_TECNO_CM8_5EAA20,field,agricapture_data.csv,2nd-50-65-batch
08f46575,57,1,10,images/2026/01/21/latrinidad_balili_bsuback_20260121_023719_08f46575.jpg,1080,1080,1080p,2026-01-21T02:37:19.257Z,16.452504,120.591362,1359.0,9.0,3.4,1.0,25,2,173,La Trinidad,Balili,BSU Back,broccoli,20.3,55.0,,TECNO_TECNO_CM8_5EAA20,field,agricapture_data.csv,2nd-50-65-batch
6976fe69,57,2,10,images/2026/01/21/latrinidad_balili_bsuback_20260121_023723_6976fe69.jpg,1080,1080,1080p,2026-01-21T02:37:23.729Z,16.452504,120.591362,1359.0,9.0,3.4,1.0,25,2,175,La Trinidad,Balili,BSU Back,broccoli,20.3,55.0,,TECNO_TECNO_CM8_5EAA20,field,agricapture_data.csv,2nd-50-65-batch
dee017a6,57,3,10,images/2026/01/21/latrinidad_balili_bsuback_20260121_023729_dee017a6.jpg,1080,1080,1080p,2026-01-21T02:37:29.791Z,16.452504,120.591362,1359.0,9.0,3.4,1.0,26,0,182,La Trinidad,Balili,BSU Back,broccoli,20.3,55.0,,TECNO_TECNO_CM8_5EAA20,field,agricapture_data.csv,2nd-50-65-batch
8e4e3051,57,4,10,images/2026/01/21/latrinidad_balili_bsuback_20260121_023735_8e4e3051.jpg,1080,1080,1080p,2026-01-21T02:37:35.485Z,16.452508,120.591381,1363.0,4.0,3.4,1.0,22,-31,196,La Trinidad,Balili,BSU Back,broccoli,20.3,55.0,,TECNO_TECNO_CM8_5EAA20,field,agricapture_data.csv,2nd-50-65-batch
1ff25725,57,5,10,images/2026/01/21/latrinidad_balili_bsuback_20260121_023742_1ff25725.jpg,1080,1080,1080p,2026-01-21T02:37:42.051Z,16.452508,120.591381,1363.0,4.0,3.4,1.0,13,1,173,La Trinidad,Balili,BSU Back,broccoli,20.3,55.0,,TECNO_TECNO_CM8_5EAA20,field,agricapture_data.csv,2nd-50-65-batch
879fc5e7,57,6,10,images/2026/01/21/latrinidad_balili_bsuback_20260121_023747_879fc5e7.jpg,1080,1080,1080p,2026-01-21T02:37:47.082Z,16.452508,120.591381,1363.0,4.0,3.4,1.0,14,0,170,La Trinidad,Balili,BSU Back,broccoli,20.3,55.0,,TECNO_TECNO_CM8_5EAA20,field,agricapture_data.csv,2nd-50-65-batch
f9d6243a,57,7,10,images/2026/01/21/latrinidad_balili_bsuback_20260121_023757_f9d6243a.jpg,1080,1080,1080p,2026-01-21T02:37:57.778Z,16.452508,120.591381,1363.0,4.0,3.4,1.0,44,-5,91,La Trinidad,Balili,BSU Back,broccoli,20.3,55.0,,TECNO_TECNO_CM8_5EAA20,field,agricapture_data.csv,2nd-50-65-batch
42b54439,57,8,10,images/2026/01/21/latrinidad_balili_bsuback_20260121_023802_42b54439.jpg,1080,1080,1080p,2026-01-21T02:38:02.357Z,16.452508,120.591381,1363.0,4.0,3.4,1.0,43,-5,90,La Trinidad,Balili,BSU Back,broccoli,20.3,55.0,,TECNO_TECNO_CM8_5EAA20,field,agricapture_data.csv,2nd-50-65-batch
b828773b,57,9,10,images/2026/01/21/latrinidad_balili_bsuback_20260121_023817_b828773b.jpg,1080,1080,1080p,2026-01-21T02:38:17.476Z,16.452508,120.591381,1363.0,4.0,3.4,1.0,9,-4,89,La Trinidad,Balili,BSU Back,broccoli,20.3,55.0,,TECNO_TECNO_CM8_5EAA20,field,agricapture_data.csv,2nd-50-65-batch
55608b12,57,10,10,images/2026/01/21/latrinidad_balili_bsuback_20260121_023822_55608b12.jpg,1080,1080,1080p,2026-01-21T02:38:22.254Z,16.452508,120.591381,1363.0,4.0,3.4,1.0,11,-8,90,La Trinidad,Balili,BSU Back,broccoli,20.3,55.0,,TECNO_TECNO_CM8_5EAA20,field,agricapture_data.csv,2nd-50-65-batch
2469c897,58,1,10,images/2026/01/21/latrinidad_balili_bsuback_20260121_023901_2469c897.jpg,1080,1080,1080p,2026-01-21T02:39:01.987Z,16.452523,120.591464,1360.0,6.0,3.0,1.0,23,10,270,La Trinidad,Balili,BSU Back,broccoli,20.3,55.0,,TECNO_TECNO_CM8_5EAA20,field,agricapture_data.csv,2nd-50-65-batch
6c447c1e,58,2,10,images/2026/01/21/latrinidad_balili_bsuback_20260121_023906_6c447c1e.jpg,1080,1080,1080p,2026-01-21T02:39:07.000Z,16.452523,120.591464,1360.0,6.0,3.0,1.0,27,11,268,La Trinidad,Balili,BSU Back,broccoli,20.3,55.0,,TECNO_TECNO_CM8_5EAA20,field,agricapture_data.csv,2nd-50-65-batch
9c7c339f,58,3,10,images/2026/01/21/latrinidad_balili_bsuback_20260121_023912_9c7c339f.jpg,1080,1080,1080p,2026-01-21T02:39:12.041Z,16.452523,120.591464,1360.0,6.0,3.0,1.0,20,8,226,La Trinidad,Balili,BSU Back,broccoli,20.3,55.0,,TECNO_TECNO_CM8_5EAA20,field,agricapture_data.csv,2nd-50-65-batch
d62ad1ed,58,4,10,images/2026/01/21/latrinidad_balili_bsuback_20260121_023916_d62ad1ed.jpg,1080,1080,1080p,2026-01-21T02:39:16.986Z,16.452523,120.591464,1360.0,6.0,3.0,1.0,17,7,226,La Trinidad,Balili,BSU Back,broccoli,20.3,55.0,,TECNO_TECNO_CM8_5EAA20,field,agricapture_data.csv,2nd-50-65-batch
fb61afd5,58,5,10,images/2026/01/21/latrinidad_balili_bsuback_20260121_023921_fb61afd5.jpg,1080,1080,1080p,2026-01-21T02:39:21.893Z,16.452523,120.591464,1360.0,6.0,3.0,1.0,6,8,230,La Trinidad,Balili,BSU Back,broccoli,20.3,55.0,,TECNO_TECNO_CM8_5EAA20,field,agricapture_data.csv,2nd-50-65-batch
668f951a,58,6,10,images/2026/01/21/latrinidad_balili_bsuback_20260121_023926_668f951a.jpg,1080,1080,1080p,2026-01-21T02:39:26.895Z,16.452523,120.591464,1360.0,6.0,3.0,1.0,29,-4,289,La Trinidad,Balili,BSU Back,broccoli,20.3,55.0,,TECNO_TECNO_CM8_5EAA20,field,agricapture_data.csv,2nd-50-65-batch
1d78184a,58,7,10,images/2026/01/21/latrinidad_balili_bsuback_20260121_023934_1d78184a.jpg,1080,1080,1080p,2026-01-21T02:39:34.983Z,16.452523,120.591464,1360.0,6.0,3.0,1.0,38,-1,79,La Trinidad,Balili,BSU Back,broccoli,20.3,55.0,,TECNO_TECNO_CM8_5EAA20,field,agricapture_data.csv,2nd-50-65-batch
e4d61237,58,8,10,images/2026/01/21/latrinidad_balili_bsuback_20260121_023939_e4d61237.jpg,1080,1080,1080p,2026-01-21T02:39:39.873Z,16.452523,120.591464,1360.0,6.0,3.0,1.0,37,-1,80,La Trinidad,Balili,BSU Back,broccoli,20.3,55.0,,TECNO_TECNO_CM8_5EAA20,field,agricapture_data.csv,2nd-50-65-batch
5afd848c,58,9,10,images/2026/01/21/latrinidad_balili_bsuback_20260121_023944_5afd848c.jpg,1080,1080,1080p,2026-01-21T02:39:44.868Z,16.452523,120.591464,1360.0,6.0,3.0,1.0,16,3,57,La Trinidad,Balili,BSU Back,broccoli,20.3,55.0,,TECNO_TECNO_CM8_5EAA20,field,agricapture_data.csv,2nd-50-65-batch
80744562,58,10,10,images/2026/01/21/latrinidad_balili_bsuback_20260121_023950_80744562.jpg,1080,1080,1080p,2026-01-21T02:39:50.747Z,16.452523,120.591464,1360.0,6.0,3.0,1.0,57,5,72,La Trinidad,Balili,BSU Back,broccoli,20.3,55.0,,TECNO_TECNO_CM8_5EAA20,field,agricapture_data.csv,2nd-50-65-batch
30411e76,59,1,10,images/2026/01/21/latrinidad_balili_bsuback_20260121_024008_30411e76.jpg,1080,1080,1080p,2026-01-21T02:40:08.935Z,16.452503,120.591521,1363.0,17.0,3.1,1.0,28,3,231,La Trinidad,Balili,BSU Back,broccoli,20.3,55.0,,TECNO_TECNO_CM8_5EAA20,field,agricapture_data.csv,2nd-50-65-batch
381cd1ca,59,2,10,images/2026/01/21/latrinidad_balili_bsuback_20260121_024013_381cd1ca.jpg,1080,1080,1080p,2026-01-21T02:40:13.916Z,16.452503,120.591521,1363.0,17.0,3.1,1.0,25,3,232,La Trinidad,Balili,BSU Back,broccoli,20.3,55.0,,TECNO_TECNO_CM8_5EAA20,field,agricapture_data.csv,2nd-50-65-batch
64c8391d,59,3,10,images/2026/01/21/latrinidad_balili_bsuback_20260121_024019_64c8391d.jpg,1080,1080,1080p,2026-01-21T02:40:19.118Z,16.452503,120.591521,1363.0,17.0,3.1,1.0,13,15,191,La Trinidad,Balili,BSU Back,broccoli,20.3,55.0,,TECNO_TECNO_CM8_5EAA20,field,agricapture_data.csv,2nd-50-65-batch
07120893,59,4,10,images/2026/01/21/latrinidad_balili_bsuback_20260121_024024_07120893.jpg,1080,1080,1080p,2026-01-21T02:40:24.543Z,16.452503,120.591521,1363.0,17.0,3.1,1.0,9,15,190,La Trinidad,Balili,BSU Back,broccoli,20.3,55.0,,TECNO_TECNO_CM8_5EAA20,field,agricapture_data.csv,2nd-50-65-batch
c8ac668c,59,5,10,images/2026/01/21/latrinidad_balili_bsuback_20260121_024029_c8ac668c.jpg,1080,1080,1080p,2026-01-21T02:40:29.628Z,16.452503,120.591521,1363.0,17.0,3.1,1.0,8,14,190,La Trinidad,Balili,BSU Back,broccoli,20.3,55.0,,TECNO_TECNO_CM8_5EAA20,field,agricapture_data.csv,2nd-50-65-batch
0d303873,59,6,10,images/2026/01/21/latrinidad_balili_bsuback_20260121_024034_0d303873.jpg,1080,1080,1080p,2026-01-21T02:40:34.970Z,16.452503,120.591521,1363.0,17.0,3.1,1.0,3,-27,172,La Trinidad,Balili,BSU Back,broccoli,20.3,55.0,,TECNO_TECNO_CM8_5EAA20,field,agricapture_data.csv,2nd-50-65-batch
4bb96ba3,59,7,10,images/2026/01/21/latrinidad_balili_bsuback_20260121_024040_4bb96ba3.jpg,1080,1080,1080p,2026-01-21T02:40:40.216Z,16.452503,120.591521,1363.0,17.0,3.1,1.0,6,-20,171,La Trinidad,Balili,BSU Back,broccoli,20.3,55.0,,TECNO_TECNO_CM8_5EAA20,field,agricapture_data.csv,2nd-50-65-batch
5ea0678b,59,8,10,images/2026/01/21/latrinidad_balili_bsuback_20260121_024050_5ea0678b.jpg,1080,1080,1080p,2026-01-21T02:40:50.515Z,16.452503,120.591521,1363.0,17.0,3.1,1.0,-1,-6,176,La Trinidad,Balili,BSU Back,broccoli,20.3,55.0,,TECNO_TECNO_CM8_5EAA20,field,agricapture_data.csv,2nd-50-65-batch
17226b3f,59,9,10,images/2026/01/21/latrinidad_balili_bsuback_20260121_024055_17226b3f.jpg,1080,1080,1080p,2026-01-21T02:40:56.001Z,16.452503,120.591521,1363.0,17.0,3.1,1.0,-2,-5,181,La Trinidad,Balili,BSU Back,broccoli,20.3,55.0,,TECNO_TECNO_CM8_5EAA20,field,agricapture_data.csv,2nd-50-65-batch
c6520cdb,59,10,10,images/2026/01/21/latrinidad_balili_bsuback_20260121_024101_c6520cdb.jpg,1080,1080,1080p,2026-01-21T02:41:01.738Z,16.452503,120.591521,1363.0,17.0,3.1,1.0,22,-9,181,La Trinidad,Balili,BSU Back,broccoli,20.3,55.0,,TECNO_TECNO_CM8_5EAA20,field,agricapture_data.csv,2nd-50-65-batch
5a39c3f5,60,1,10,images/2026/01/21/latrinidad_balili_bsuback_20260121_024135_5a39c3f5.jpg,1080,1080,1080p,2026-01-21T02:41:35.552Z,16.452519,120.591603,1360.0,5.0,3.0,1.0,29,4,98,La Trinidad,Balili,BSU Back,broccoli,20.3,55.0,,TECNO_TECNO_CM8_5EAA20,field,agricapture_data.csv,2nd-50-65-batch
931811b6,60,2,10,images/2026/01/21/latrinidad_balili_bsuback_20260121_024141_931811b6.jpg,1080,1080,1080p,2026-01-21T02:41:41.174Z,16.452519,120.591603,1360.0,5.0,3.0,1.0,27,1,99,La Trinidad,Balili,BSU Back,broccoli,20.3,55.0,,TECNO_TECNO_CM8_5EAA20,field,agricapture_data.csv,2nd-50-65-batch
343568a5,60,3,10,images/2026/01/21/latrinidad_balili_bsuback_20260121_024146_343568a5.jpg,1080,1080,1080p,2026-01-21T02:41:46.667Z,16.452533,120.591617,1363.0,3.0,3.4,1.0,16,3,93,La Trinidad,Balili,BSU Back,broccoli,20.3,55.0,,TECNO_TECNO_CM8_5EAA20,field,agricapture_data.csv,2nd-50-65-batch
14ff6710,60,4,10,images/2026/01/21/latrinidad_balili_bsuback_20260121_024152_14ff6710.jpg,1080,1080,1080p,2026-01-21T02:41:52.735Z,16.452533,120.591617,1363.0,3.0,3.4,1.0,38,-13,99,La Trinidad,Balili,BSU Back,broccoli,20.3,55.0,,TECNO_TECNO_CM8_5EAA20,field,agricapture_data.csv,2nd-50-65-batch
61fbea3b,60,5,10,images/2026/01/21/latrinidad_balili_bsuback_20260121_024158_61fbea3b.jpg,1080,1080,1080p,2026-01-21T02:41:58.350Z,16.452533,120.591617,1363.0,3.0,3.4,1.0,41,-6,94,La Trinidad,Balili,BSU Back,broccoli,20.3,55.0,,TECNO_TECNO_CM8_5EAA20,field,agricapture_data.csv,2nd-50-65-batch
d498dfc7,60,6,10,images/2026/01/21/latrinidad_balili_bsuback_20260121_024204_d498dfc7.jpg,1080,1080,1080p,2026-01-21T02:42:04.507Z,16.452533,120.591617,1363.0,3.0,3.4,1.0,34,-6,94,La Trinidad,Balili,BSU Back,broccoli,20.3,55.0,,TECNO_TECNO_CM8_5EAA20,field,agricapture_data.csv,2nd-50-65-batch
11de4df9,60,7,10,images/2026/01/21/latrinidad_balili_bsuback_20260121_024210_11de4df9.jpg,1080,1080,1080p,2026-01-21T02:42:10.104Z,16.452533,120.591617,1363.0,3.0,3.4,1.0,-3,0,94,La Trinidad,Balili,BSU Back,broccoli,20.3,55.0,,TECNO_TECNO_CM8_5EAA20,field,agricapture_data.csv,2nd-50-65-batch
d15dc6f1,60,8,10,images/2026/01/21/latrinidad_balili_bsuback_20260121_024215_d15dc6f1.jpg,1080,1080,1080p,2026-01-21T02:42:15.767Z,16.452533,120.591617,1363.0,3.0,3.4,1.0,-3,-2,95,La Trinidad,Balili,BSU Back,broccoli,20.3,55.0,,TECNO_TECNO_CM8_5EAA20,field,agricapture_data.csv,2nd-50-65-batch
9e8cbd2e,60,9,10,images/2026/01/21/latrinidad_balili_bsuback_20260121_024221_9e8cbd2e.jpg,1080,1080,1080p,2026-01-21T02:42:21.712Z,16.452533,120.591617,1363.0,3.0,3.4,1.0,-4,-2,94,La Trinidad,Balili,BSU Back,broccoli,20.3,55.0,,TECNO_TECNO_CM8_5EAA20,field,agricapture_data.csv,2nd-50-65-batch
48dd9e42,60,10,10,images/2026/01/21/latrinidad_balili_bsuback_20260121_024228_48dd9e42.jpg,1080,1080,1080p,2026-01-21T02:42:28.673Z,16.452533,120.591617,1363.0,3.0,3.4,1.0,24,-2,166,La Trinidad,Balili,BSU Back,broccoli,20.3,55.0,,TECNO_TECNO_CM8_5EAA20,field,agricapture_data.csv,2nd-50-65-batch
0388824d,61,1,10,images/2026/01/21/latrinidad_balili_bsuback_20260121_024347_0388824d.jpg,1080,1080,1080p,2026-01-21T02:43:47.235Z,16.452686,120.591399,1362.0,17.0,3.0,1.0,9,-12,173,La Trinidad,Balili,BSU Back,broccoli,20.3,55.0,,TECNO_TECNO_CM8_5EAA20,field,agricapture_data.csv,2nd-50-65-batch
8a0ca23c,61,2,10,images/2026/01/21/latrinidad_balili_bsuback_20260121_024353_8a0ca23c.jpg,1080,1080,1080p,2026-01-21T02:43:53.040Z,16.452676,120.591415,1363.0,14.0,3.0,1.0,2,4,178,La Trinidad,Balili,BSU Back,broccoli,20.3,55.0,,TECNO_TECNO_CM8_5EAA20,field,agricapture_data.csv,2nd-50-65-batch
a490b449,61,3,10,images/2026/01/21/latrinidad_balili_bsuback_20260121_024359_a490b449.jpg,1080,1080,1080p,2026-01-21T02:43:59.171Z,16.452676,120.591415,1363.0,14.0,3.0,1.0,-1,5,178,La Trinidad,Balili,BSU Back,broccoli,20.3,55.0,,TECNO_TECNO_CM8_5EAA20,field,agricapture_data.csv,2nd-50-65-batch
2eb5ac04,61,4,10,images/2026/01/21/latrinidad_balili_bsuback_20260121_024405_2eb5ac04.jpg,1080,1080,1080p,2026-01-21T02:44:05.508Z,16.452676,120.591415,1363.0,14.0,3.0,1.0,6,-38,0,La Trinidad,Balili,BSU Back,broccoli,20.3,55.0,,TECNO_TECNO_CM8_5EAA20,field,agricapture_data.csv,2nd-50-65-batch
f45177aa,61,5,10,images/2026/01/21/latrinidad_balili_bsuback_20260121_024411_f45177aa.jpg,1080,1080,1080p,2026-01-21T02:44:11.439Z,16.452676,120.591415,1363.0,14.0,3.0,1.0,5,-35,358,La Trinidad,Balili,BSU Back,broccoli,20.3,55.0,,TECNO_TECNO_CM8_5EAA20,field,agricapture_data.csv,2nd-50-65-batch
fe61f8c3,61,6,10,images/2026/01/21/latrinidad_balili_bsuback_20260121_024417_fe61f8c3.jpg,1080,1080,1080p,2026-01-21T02:44:17.592Z,16.452676,120.591415,1363.0,14.0,3.0,1.0,12,40,261,La Trinidad,Balili,BSU Back,broccoli,20.3,55.0,,TECNO_TECNO_CM8_5EAA20,field,agricapture_data.csv,2nd-50-65-batch
f6c517c6,61,7,10,images/2026/01/21/latrinidad_balili_bsuback_20260121_024439_f6c517c6.jpg,1080,1080,1080p,2026-01-21T02:44:39.321Z,16.452676,120.591415,1363.0,14.0,3.0,1.0,12,4,276,La Trinidad,Balili,BSU Back,broccoli,20.3,55.0,,TECNO_TECNO_CM8_5EAA20,field,agricapture_data.csv,2nd-50-65-batch
79136944,61,8,10,images/2026/01/21/latrinidad_balili_bsuback_20260121_024445_79136944.jpg,1080,1080,1080p,2026-01-21T02:44:45.255Z,16.452676,120.591415,1363.0,14.0,3.0,1.0,8,3,277,La Trinidad,Balili,BSU Back,broccoli,20.3,55.0,,TECNO_TECNO_CM8_5EAA20,field,agricapture_data.csv,2nd-50-65-batch
7431fee1,61,9,10,images/2026/01/21/latrinidad_balili_bsuback_20260121_024451_7431fee1.jpg,1080,1080,1080p,2026-01-21T02:44:51.826Z,16.452676,120.591415,1363.0,14.0,3.0,1.0,21,44,259,La Trinidad,Balili,BSU Back,broccoli,20.3,55.0,,TECNO_TECNO_CM8_5EAA20,field,agricapture_data.csv,2nd-50-65-batch
500f3641,61,10,10,images/2026/01/21/latrinidad_balili_bsuback_20260121_024458_500f3641.jpg,1080,1080,1080p,2026-01-21T02:44:58.080Z,16.452676,120.591415,1363.0,14.0,3.0,1.0,-13,6,282,La Trinidad,Balili,BSU Back,broccoli,20.3,55.0,,TECNO_TECNO_CM8_5EAA20,field,agricapture_data.csv,2nd-50-65-batch
f1ba6a74,62,1,10,images/2026/01/21/latrinidad_balili_bsuback_20260121_024511_f1ba6a74.jpg,1080,1080,1080p,2026-01-21T02:45:11.077Z,16.452659,120.591422,1358.0,10.0,4.1,1.0,30,-6,290,La Trinidad,Balili,BSU Back,broccoli,20.3,55.0,,TECNO_TECNO_CM8_5EAA20,field,agricapture_data.csv,2nd-50-65-batch
d120bed8,62,2,10,images/2026/01/21/latrinidad_balili_bsuback_20260121_024517_d120bed8.jpg,1080,1080,1080p,2026-01-21T02:45:17.262Z,16.45265,120.591452,1358.0,10.0,4.0,1.0,21,33,270,La Trinidad,Balili,BSU Back,broccoli,20.3,55.0,,TECNO_TECNO_CM8_5EAA20,field,agricapture_data.csv,2nd-50-65-batch
89f76c1f,62,3,10,images/2026/01/21/latrinidad_balili_bsuback_20260121_024523_89f76c1f.jpg,1080,1080,1080p,2026-01-21T02:45:23.581Z,16.45265,120.591452,1358.0,10.0,4.0,1.0,9,-28,295,La Trinidad,Balili,BSU Back,broccoli,20.3,55.0,,TECNO_TECNO_CM8_5EAA20,field,agricapture_data.csv,2nd-50-65-batch
465ad46c,62,4,10,images/2026/01/21/latrinidad_balili_bsuback_20260121_024530_465ad46c.jpg,1080,1080,1080p,2026-01-21T02:45:30.586Z,16.45265,120.591452,1358.0,10.0,4.0,1.0,19,1,285,La Trinidad,Balili,BSU Back,broccoli,20.3,55.0,,TECNO_TECNO_CM8_5EAA20,field,agricapture_data.csv,2nd-50-65-batch
0061a18d,62,5,10,images/2026/01/21/latrinidad_balili_bsuback_20260121_024536_0061a18d.jpg,1080,1080,1080p,2026-01-21T02:45:36.771Z,16.45265,120.591452,1358.0,10.0,4.0,1.0,11,1,285,La Trinidad,Balili,BSU Back,broccoli,20.3,55.0,,TECNO_TECNO_CM8_5EAA20,field,agricapture_data.csv,2nd-50-65-batch
93f2be85,62,6,10,images/2026/01/21/latrinidad_balili_bsuback_20260121_024542_93f2be85.jpg,1080,1080,1080p,2026-01-21T02:45:43.015Z,16.45265,120.591452,1358.0,10.0,4.0,1.0,8,-1,285,La Trinidad,Balili,BSU Back,broccoli,20.3,55.0,,TECNO_TECNO_CM8_5EAA20,field,agricapture_data.csv,2nd-50-65-batch
a8fc5f5d,62,7,10,images/2026/01/21/latrinidad_balili_bsuback_20260121_024549_a8fc5f5d.jpg,1080,1080,1080p,2026-01-21T02:45:49.345Z,16.452632,120.591449,1359.0,12.0,1.1,1.0,7,1,283,La Trinidad,Balili,BSU Back,broccoli,20.3,55.0,,TECNO_TECNO_CM8_5EAA20,field,agricapture_data.csv,2nd-50-65-batch
951e4653,62,8,10,images/2026/01/21/latrinidad_balili_bsuback_20260121_024557_951e4653.jpg,1080,1080,1080p,2026-01-21T02:45:57.103Z,16.452632,120.591449,1359.0,12.0,1.1,1.0,-16,-27,194,La Trinidad,Balili,BSU Back,broccoli,20.3,55.0,,TECNO_TECNO_CM8_5EAA20,field,agricapture_data.csv,2nd-50-65-batch
a2264737,62,9,10,images/2026/01/21/latrinidad_balili_bsuback_20260121_024603_a2264737.jpg,1080,1080,1080p,2026-01-21T02:46:03.484Z,16.452632,120.591449,1359.0,12.0,1.1,1.0,-14,-20,190,La Trinidad,Balili,BSU Back,broccoli,20.3,55.0,,TECNO_TECNO_CM8_5EAA20,field,agricapture_data.csv,2nd-50-65-batch
e69347d6,62,10,10,images/2026/01/21/latrinidad_balili_bsuback_20260121_024610_e69347d6.jpg,1080,1080,1080p,2026-01-21T02:46:10.297Z,16.452632,120.591449,1359.0,12.0,1.1,1.0,-13,-4,208,La Trinidad,Balili,BSU Back,broccoli,20.3,55.0,,TECNO_TECNO_CM8_5EAA20,field,agricapture_data.csv,2nd-50-65-batch
4563b2b8,63,1,10,images/2026/01/21/latrinidad_balili_bsuback_20260121_024623_4563b2b8.jpg,1080,1080,1080p,2026-01-21T02:46:23.748Z,16.452616,120.591536,1363.0,7.0,3.4,1.0,27,8,271,La Trinidad,Balili,BSU Back,broccoli,20.3,55.0,,TECNO_TECNO_CM8_5EAA20,field,agricapture_data.csv,2nd-50-65-batch
38463b5e,63,2,10,images/2026/01/21/latrinidad_balili_bsuback_20260121_024630_38463b5e.jpg,1080,1080,1080p,2026-01-21T02:46:30.363Z,16.452616,120.591536,1363.0,7.0,3.4,1.0,26,4,273,La Trinidad,Balili,BSU Back,broccoli,20.3,55.0,,TECNO_TECNO_CM8_5EAA20,field,agricapture_data.csv,2nd-50-65-batch
ca6682cd,63,3,10,images/2026/01/21/latrinidad_balili_bsuback_20260121_024649_ca6682cd.jpg,1080,1080,1080p,2026-01-21T02:46:49.868Z,16.452611,120.591559,1363.0,8.0,6.9,1.0,23,9,272,La Trinidad,Balili,BSU Back,broccoli,20.3,55.0,,TECNO_TECNO_CM8_5EAA20,field,agricapture_data.csv,2nd-50-65-batch
e1372cd9,63,4,10,images/2026/01/21/latrinidad_balili_bsuback_20260121_024703_e1372cd9.jpg,1080,1080,1080p,2026-01-21T02:47:03.119Z,16.452609,120.591559,1363.0,8.0,15.6,1.0,7,5,271,La Trinidad,Balili,BSU Back,broccoli,20.3,55.0,,TECNO_TECNO_CM8_5EAA20,field,agricapture_data.csv,2nd-50-65-batch
c95bce27,63,5,10,images/2026/01/21/latrinidad_balili_bsuback_20260121_024705_c95bce27.jpg,1080,1080,1080p,2026-01-21T02:47:05.886Z,16.45262,120.591539,1363.0,8.0,1.9,1.0,5,5,272,La Trinidad,Balili,BSU Back,broccoli,20.3,55.0,,TECNO_TECNO_CM8_5EAA20,field,agricapture_data.csv,2nd-50-65-batch
f1b5b481,63,6,10,images/2026/01/21/latrinidad_balili_bsuback_20260121_024708_f1b5b481.jpg,1080,1080,1080p,2026-01-21T02:47:08.433Z,16.45262,120.591539,1363.0,8.0,1.9,1.0,6,5,272,La Trinidad,Balili,BSU Back,broccoli,20.3,55.0,,TECNO_TECNO_CM8_5EAA20,field,agricapture_data.csv,2nd-50-65-batch
bebbdfd4,63,7,10,images/2026/01/21/latrinidad_balili_bsuback_20260121_024714_bebbdfd4.jpg,1080,1080,1080p,2026-01-21T02:47:14.902Z,16.45262,120.591539,1363.0,8.0,1.9,1.0,27,0,83,La Trinidad,Balili,BSU Back,broccoli,20.3,55.0,,TECNO_TECNO_CM8_5EAA20,field,agricapture_data.csv,2nd-50-65-batch
70d88553,63,8,10,images/2026/01/21/latrinidad_balili_bsuback_20260121_024717_70d88553.jpg,1080,1080,1080p,2026-01-21T02:47:17.677Z,16.45262,120.591539,1363.0,8.0,1.9,1.0,28,-1,83,La Trinidad,Balili,BSU Back,broccoli,20.3,55.0,,TECNO_TECNO_CM8_5EAA20,field,agricapture_data.csv,2nd-50-65-batch
35b2a021,63,9,10,images/2026/01/21/latrinidad_balili_bsuback_20260121_024720_35b2a021.jpg,1080,1080,1080p,2026-01-21T02:47:20.314Z,16.45262,120.591539,1363.0,8.0,1.9,1.0,30,0,84,La Trinidad,Balili,BSU Back,broccoli,20.3,55.0,,TECNO_TECNO_CM8_5EAA20,field,agricapture_data.csv,2nd-50-65-batch
1a6632ae,63,10,10,images/2026/01/21/latrinidad_balili_bsuback_20260121_024724_1a6632ae.jpg,1080,1080,1080p,2026-01-21T02:47:24.307Z,16.45262,120.591539,1363.0,8.0,1.9,1.0,12,1,84,La Trinidad,Balili,BSU Back,broccoli,20.3,55.0,,TECNO_TECNO_CM8_5EAA20,field,agricapture_data.csv,2nd-50-65-batch
5366202f,64,1,10,images/2026/01/21/latrinidad_balili_bsuback_20260121_024738_5366202f.jpg,1080,1080,1080p,2026-01-21T02:47:38.084Z,16.452624,120.5916,1363.0,4.0,3.5,1.0,1,-5,212,La Trinidad,Balili,BSU Back,broccoli,20.3,55.0,,TECNO_TECNO_CM8_5EAA20,field,agricapture_data.csv,2nd-50-65-batch
11de7d51,64,2,10,images/2026/01/21/latrinidad_balili_bsuback_20260121_024741_11de7d51.jpg,1080,1080,1080p,2026-01-21T02:47:41.295Z,16.452624,120.5916,1363.0,4.0,3.5,1.0,-1,-3,212,La Trinidad,Balili,BSU Back,broccoli,20.3,55.0,,TECNO_TECNO_CM8_5EAA20,field,agricapture_data.csv,2nd-50-65-batch
e0c2b357,64,3,10,images/2026/01/21/latrinidad_balili_bsuback_20260121_024743_e0c2b357.jpg,1080,1080,1080p,2026-01-21T02:47:43.988Z,16.452624,120.5916,1363.0,4.0,3.5,1.0,-3,-3,211,La Trinidad,Balili,BSU Back,broccoli,20.3,55.0,,TECNO_TECNO_CM8_5EAA20,field,agricapture_data.csv,2nd-50-65-batch
fc186faf,64,4,10,images/2026/01/21/latrinidad_balili_bsuback_20260121_024751_fc186faf.jpg,1080,1080,1080p,2026-01-21T02:47:51.829Z,16.452632,120.591583,1363.0,11.0,3.0,1.0,52,-4,9,La Trinidad,Balili,BSU Back,broccoli,20.3,55.0,,TECNO_TECNO_CM8_5EAA20,field,agricapture_data.csv,2nd-50-65-batch
56c637b9,64,5,10,images/2026/01/21/latrinidad_balili_bsuback_20260121_024754_56c637b9.jpg,1080,1080,1080p,2026-01-21T02:47:54.438Z,16.452632,120.591583,1363.0,11.0,3.0,1.0,53,-2,7,La Trinidad,Balili,BSU Back,broccoli,20.3,55.0,,TECNO_TECNO_CM8_5EAA20,field,agricapture_data.csv,2nd-50-65-batch
aea410fb,64,6,10,images/2026/01/21/latrinidad_balili_bsuback_20260121_024758_aea410fb.jpg,1080,1080,1080p,2026-01-21T02:47:58.383Z,16.452632,120.591583,1363.0,11.0,3.0,1.0,15,-36,35,La Trinidad,Balili,BSU Back,broccoli,20.3,55.0,,TECNO_TECNO_CM8_5EAA20,field,agricapture_data.csv,2nd-50-65-batch
40f6ff9b,64,7,10,images/2026/01/21/latrinidad_balili_bsuback_20260121_024801_40f6ff9b.jpg,1080,1080,1080p,2026-01-21T02:48:01.446Z,16.452632,120.591583,1363.0,11.0,3.0,1.0,14,-33,33,La Trinidad,Balili,BSU Back,broccoli,20.3,55.0,,TECNO_TECNO_CM8_5EAA20,field,agricapture_data.csv,2nd-50-65-batch
437ad45c,64,8,10,images/2026/01/21/latrinidad_balili_bsuback_20260121_024809_437ad45c.jpg,1080,1080,1080p,2026-01-21T02:48:09.218Z,16.452632,120.591583,1363.0,11.0,3.0,1.0,2,-30,214,La Trinidad,Balili,BSU Back,broccoli,20.3,55.0,,TECNO_TECNO_CM8_5EAA20,field,agricapture_data.csv,2nd-50-65-batch
096f9dfb,64,9,10,images/2026/01/21/latrinidad_balili_bsuback_20260121_024812_096f9dfb.jpg,1080,1080,1080p,2026-01-21T02:48:12.084Z,16.452632,120.591583,1363.0,11.0,3.0,1.0,-1,-30,216,La Trinidad,Balili,BSU Back,broccoli,20.3,55.0,,TECNO_TECNO_CM8_5EAA20,field,agricapture_data.csv,2nd-50-65-batch
1ab2786d,64,10,10,images/2026/01/21/latrinidad_balili_bsuback_20260121_024815_1ab2786d.jpg,1080,1080,1080p,2026-01-21T02:48:15.251Z,16.452632,120.591583,1363.0,11.0,3.0,1.0,1,-4,210,La Trinidad,Balili,BSU Back,broccoli,20.3,55.0,,TECNO_TECNO_CM8_5EAA20,field,agricapture_data.csv,2nd-50-65-batch
2d1dbb1d,65,1,10,images/2026/01/21/latrinidad_balili_bsuback_20260121_024903_2d1dbb1d.jpg,1080,1080,1080p,2026-01-21T02:49:03.595Z,16.452688,120.591701,1360.0,6.0,3.0,1.0,30,-4,84,La Trinidad,Balili,BSU Back,pechay,20.3,55.0,,TECNO_TECNO_CM8_5EAA20,field,agricapture_data.csv,2nd-50-65-batch
0796a715,65,2,10,images/2026/01/21/latrinidad_balili_bsuback_20260121_024906_0796a715.jpg,1080,1080,1080p,2026-01-21T02:49:06.519Z,16.452688,120.591701,1360.0,6.0,3.0,1.0,28,-5,85,La Trinidad,Balili,BSU Back,pechay,20.3,55.0,,TECNO_TECNO_CM8_5EAA20,field,agricapture_data.csv,2nd-50-65-batch
a33f8079,65,3,10,images/2026/01/21/latrinidad_balili_bsuback_20260121_024911_a33f8079.jpg,1080,1080,1080p,2026-01-21T02:49:11.953Z,16.452688,120.591701,1360.0,6.0,3.0,1.0,31,-14,87,La Trinidad,Balili,BSU Back,pechay,20.3,55.0,,TECNO_TECNO_CM8_5EAA20,field,agricapture_data.csv,2nd-50-65-batch
f078e891,65,4,10,images/2026/01/21/latrinidad_balili_bsuback_20260121_024915_f078e891.jpg,1080,1080,1080p,2026-01-21T02:49:15.854Z,16.452688,120.591701,1360.0,6.0,3.0,1.0,16,-1,85,La Trinidad,Balili,BSU Back,pechay,20.3,55.0,,TECNO_TECNO_CM8_5EAA20,field,agricapture_data.csv,2nd-50-65-batch
6e5a0026,65,5,10,images/2026/01/21/latrinidad_balili_bsuback_20260121_024919_6e5a0026.jpg,1080,1080,1080p,2026-01-21T02:49:19.642Z,16.452688,120.591701,1360.0,6.0,3.0,1.0,15,46,71,La Trinidad,Balili,BSU Back,pechay,20.3,55.0,,TECNO_TECNO_CM8_5EAA20,field,agricapture_data.csv,2nd-50-65-batch
bcd2502a,65,6,10,images/2026/01/21/latrinidad_balili_bsuback_20260121_024922_bcd2502a.jpg,1080,1080,1080p,2026-01-21T02:49:22.923Z,16.452688,120.591701,1360.0,6.0,3.0,1.0,21,20,81,La Trinidad,Balili,BSU Back,pechay,20.3,55.0,,TECNO_TECNO_CM8_5EAA20,field,agricapture_data.csv,2nd-50-65-batch
3cbbe441,65,7,10,images/2026/01/21/latrinidad_balili_bsuback_20260121_024925_3cbbe441.jpg,1080,1080,1080p,2026-01-21T02:49:25.803Z,16.452688,120.591701,1360.0,6.0,3.0,1.0,34,7,87,La Trinidad,Balili,BSU Back,pechay,20.3,55.0,,TECNO_TECNO_CM8_5EAA20,field,agricapture_data.csv,2nd-50-65-batch
693f0a2f,65,8,10,images/2026/01/21/latrinidad_balili_bsuback_20260121_024928_693f0a2f.jpg,1080,1080,1080p,2026-01-21T02:49:28.894Z,16.452688,120.591701,1360.0,6.0,3.0,1.0,19,1,91,La Trinidad,Balili,BSU Back,pechay,20.3,55.0,,TECNO_TECNO_CM8_5EAA20,field,agricapture_data.csv,2nd-50-65-batch
72653ab7,65,9,10,images/2026/01/21/latrinidad_balili_bsuback_20260121_024933_72653ab7.jpg,1080,1080,1080p,2026-01-21T02:49:33.399Z,16.452688,120.591701,1360.0,6.0,3.0,1.0,25,-10,321,La Trinidad,Balili,BSU Back,pechay,20.3,55.0,,TECNO_TECNO_CM8_5EAA20,field,agricapture_data.csv,2nd-50-65-batch
5fe94882,65,10,10,images/2026/01/21/latrinidad_balili_bsuback_20260121_024936_5fe94882.jpg,1080,1080,1080p,2026-01-21T02:49:36.376Z,16.452688,120.591701,1360.0,6.0,3.0,1.0,26,-10,319,La Trinidad,Balili,BSU Back,pechay,20.3,55.0,,TECNO_TECNO_CM8_5EAA20,field,agricapture_data.csv,2nd-50-65-batch
a542c8ce,70,1,5,images/atok/paoay/no_farm/mixed_crops/atok_paoay_20260205_233813_a542c8ce.jpg,1920,1080,1080p,2026-02-05T23:38:14.298Z,16.62974,120.7601,2426.0,19.0,1.7,1.0,17,-5,326,Atok,Paoay,,"cabbage,custom_chinese_cabbage",8.4,57.0,,TECNO_TECNO_CM8_2703FE,field,agricapture_collections.csv,70-90agricapture_collections
ee4123d5,70,2,5,images/atok/paoay/no_farm/mixed_crops/atok_paoay_20260205_233817_ee4123d5.jpg,1920,1080,1080p,2026-02-05T23:38:18.026Z,16.62974,120.7601,2426.0,19.0,1.7,1.0,13,-8,329,Atok,Paoay,,"cabbage,custom_chinese_cabbage",8.4,57.0,,TECNO_TECNO_CM8_2703FE,field,agricapture_collections.csv,70-90agricapture_collections
574ed42a,70,3,5,images/atok/paoay/no_farm/mixed_crops/atok_paoay_20260205_233821_574ed42a.jpg,1920,1080,1080p,2026-02-05T23:38:22.346Z,16.62974,120.7601,2426.0,19.0,1.7,1.0,20,-4,330,Atok,Paoay,,"cabbage,custom_chinese_cabbage",8.4,57.0,,TECNO_TECNO_CM8_2703FE,field,agricapture_collections.csv,70-90agricapture_collections
2ab2dcfd,70,4,5,images/atok/paoay/no_farm/mixed_crops/atok_paoay_20260205_233826_2ab2dcfd.jpg,1920,1080,1080p,2026-02-05T23:38:26.977Z,16.62974,120.7601,2426.0,19.0,1.7,1.0,21,3,322,Atok,Paoay,,"cabbage,custom_chinese_cabbage",8.4,57.0,,TECNO_TECNO_CM8_2703FE,field,agricapture_collections.csv,70-90agricapture_collections
655350f9,70,5,5,images/atok/paoay/no_farm/mixed_crops/atok_paoay_20260205_233836_655350f9.jpg,1920,1080,1080p,2026-02-05T23:38:36.577Z,16.62974,120.7601,2426.0,19.0,1.7,1.0,25,-8,331,Atok,Paoay,,"cabbage,custom_chinese_cabbage",8.4,57.0,,TECNO_TECNO_CM8_2703FE,field,agricapture_collections.csv,70-90agricapture_collections
916d253b,71,1,5,images/atok/paoay/no_farm/mixed_crops/atok_paoay_20260205_233858_916d253b.jpg,1920,1080,1080p,2026-02-05T23:38:59.161Z,16.62974,120.7601,2426.0,19.0,1.7,1.0,20,-19,152,Atok,Paoay,,"cabbage,custom_chinese_cabbage",8.4,57.0,,TECNO_TECNO_CM8_2703FE,field,agricapture_collections.csv,70-90agricapture_collections
a042b2f3,71,2,5,images/atok/paoay/no_farm/mixed_crops/atok_paoay_20260205_233908_a042b2f3.jpg,1920,1080,1080p,2026-02-05T23:39:09.580Z,16.62974,120.7601,2426.0,19.0,1.7,1.0,15,-23,161,Atok,Paoay,,"cabbage,custom_chinese_cabbage",8.4,57.0,,TECNO_TECNO_CM8_2703FE,field,agricapture_collections.csv,70-90agricapture_collections
201d42db,71,3,5,images/atok/paoay/no_farm/mixed_crops/atok_paoay_20260205_233915_201d42db.jpg,1920,1080,1080p,2026-02-05T23:39:15.430Z,16.62974,120.7601,2426.0,19.0,1.7,1.0,9,-4,147,Atok,Paoay,,"cabbage,custom_chinese_cabbage",8.4,57.0,,TECNO_TECNO_CM8_2703FE,field,agricapture_collections.csv,70-90agricapture_collections
f087367a,71,4,5,images/atok/paoay/no_farm/mixed_crops/atok_paoay_20260205_233920_f087367a.jpg,1920,1080,1080p,2026-02-05T23:39:20.649Z,16.62974,120.7601,2426.0,19.0,1.7,1.0,27,-13,156,Atok,Paoay,,"cabbage,custom_chinese_cabbage",8.4,57.0,,TECNO_TECNO_CM8_2703FE,field,agricapture_collections.csv,70-90agricapture_collections
e079d418,71,5,5,images/atok/paoay/no_farm/mixed_crops/atok_paoay_20260205_233929_e079d418.jpg,1920,1080,1080p,2026-02-05T23:39:29.684Z,16.62974,120.7601,2426.0,19.0,1.7,1.0,48,-17,169,Atok,Paoay,,"cabbage,custom_chinese_cabbage",8.4,57.0,,TECNO_TECNO_CM8_2703FE,field,agricapture_collections.csv,70-90agricapture_collections
afb4653c,72,1,5,images/atok/paoay/no_farm/mixed_crops/atok_paoay_20260205_233953_afb4653c.jpg,1920,1080,1080p,2026-02-05T23:39:54.424Z,16.62974,120.7601,2426.0,19.0,1.7,1.0,22,-22,164,Atok,Paoay,,"cabbage,custom_chinese_cabbage",8.4,57.0,,TECNO_TECNO_CM8_2703FE,field,agricapture_collections.csv,70-90agricapture_collections
d2c6cf48,72,2,5,images/atok/paoay/no_farm/mixed_crops/atok_paoay_20260205_233958_d2c6cf48.jpg,1920,1080,1080p,2026-02-05T23:39:59.307Z,16.62974,120.7601,2426.0,19.0,1.7,1.0,8,-40,175,Atok,Paoay,,"cabbage,custom_chinese_cabbage",8.4,57.0,,TECNO_TECNO_CM8_2703FE,field,agricapture_collections.csv,70-90agricapture_collections
9e352d1f,72,3,5,images/atok/paoay/no_farm/mixed_crops/atok_paoay_20260205_234003_9e352d1f.jpg,1920,1080,1080p,2026-02-05T23:40:03.517Z,16.62974,120.7601,2426.0,19.0,1.7,1.0,4,8,149,Atok,Paoay,,"cabbage,custom_chinese_cabbage",8.4,57.0,,TECNO_TECNO_CM8_2703FE,field,agricapture_collections.csv,70-90agricapture_collections
4fca79cf,72,4,5,images/atok/paoay/no_farm/mixed_crops/atok_paoay_20260205_234007_4fca79cf.jpg,1920,1080,1080p,2026-02-05T23:40:07.814Z,16.62974,120.7601,2426.0,19.0,1.7,1.0,12,-11,159,Atok,Paoay,,"cabbage,custom_chinese_cabbage",8.4,57.0,,TECNO_TECNO_CM8_2703FE,field,agricapture_collections.csv,70-90agricapture_collections
1bb443e9,72,5,5,images/atok/paoay/no_farm/mixed_crops/atok_paoay_20260205_234011_1bb443e9.jpg,1920,1080,1080p,2026-02-05T23:40:11.976Z,16.62974,120.7601,2426.0,19.0,1.7,1.0,22,-14,157,Atok,Paoay,,"cabbage,custom_chinese_cabbage",8.4,57.0,,TECNO_TECNO_CM8_2703FE,field,agricapture_collections.csv,70-90agricapture_collections
148417d7,73,1,5,images/atok/paoay/no_farm/mixed_crops/atok_paoay_20260205_234203_148417d7.jpg,1920,1080,1080p,2026-02-05T23:42:03.783Z,16.62973,120.76008,2426.0,2.0,2.2,1.0,19,-7,166,Atok,Paoay,,"cabbage,custom_chinese_cabbage",10.9,50.0,,TECNO_TECNO_CM8_2703FE,field,agricapture_collections.csv,70-90agricapture_collections
dcc2a4d8,73,2,5,images/atok/paoay/no_farm/mixed_crops/atok_paoay_20260205_234209_dcc2a4d8.jpg,1920,1080,1080p,2026-02-05T23:42:09.523Z,16.629712,120.760108,2426.0,1.0,1.9,1.0,30,-7,181,Atok,Paoay,,"cabbage,custom_chinese_cabbage",10.9,50.0,,TECNO_TECNO_CM8_2703FE,field,agricapture_collections.csv,70-90agricapture_collections
e9b7009c,73,3,5,images/atok/paoay/no_farm/mixed_crops/atok_paoay_20260205_234214_e9b7009c.jpg,1920,1080,1080p,2026-02-05T23:42:15.581Z,16.629712,120.760108,2426.0,1.0,1.9,1.0,35,-11,151,Atok,Paoay,,"cabbage,custom_chinese_cabbage",10.9,50.0,,TECNO_TECNO_CM8_2703FE,field,agricapture_collections.csv,70-90agricapture_collections
831b05b7,73,4,5,images/atok/paoay/no_farm/mixed_crops/atok_paoay_20260205_234220_831b05b7.jpg,1920,1080,1080p,2026-02-05T23:42:20.715Z,16.629712,120.760108,2426.0,1.0,1.9,1.0,27,-8,160,Atok,Paoay,,"cabbage,custom_chinese_cabbage",10.9,50.0,,TECNO_TECNO_CM8_2703FE,field,agricapture_collections.csv,70-90agricapture_collections
88d8fd8b,73,5,5,images/atok/paoay/no_farm/mixed_crops/atok_paoay_20260205_234228_88d8fd8b.jpg,1920,1080,1080p,2026-02-05T23:42:28.837Z,16.629712,120.760108,2426.0,1.0,1.9,1.0,30,-9,193,Atok,Paoay,,"cabbage,custom_chinese_cabbage",10.9,50.0,,TECNO_TECNO_CM8_2703FE,field,agricapture_collections.csv,70-90agricapture_collections
e9fb2a4b,74,1,5,images/atok/paoay/no_farm/mixed_crops/atok_paoay_20260205_234356_e9fb2a4b.jpg,1920,1080,1080p,2026-02-05T23:43:57.047Z,16.629677,120.760205,2426.0,2.0,4.2,1.0,19,-1,316,Atok,Paoay,,"cabbage,custom_chinese_cabbage",10.9,50.0,,TECNO_TECNO_CM8_2703FE,field,agricapture_collections.csv,70-90agricapture_collections
7adda024,74,2,5,images/atok/paoay/no_farm/mixed_crops/atok_paoay_20260205_234400_7adda024.jpg,1920,1080,1080p,2026-02-05T23:44:01.039Z,16.629718,120.760165,2426.0,3.0,2.9,1.0,10,1,317,Atok,Paoay,,"cabbage,custom_chinese_cabbage",10.9,50.0,,TECNO_TECNO_CM8_2703FE,field,agricapture_collections.csv,70-90agricapture_collections
cd9a137e,74,3,5,images/atok/paoay/no_farm/mixed_crops/atok_paoay_20260205_234404_cd9a137e.jpg,1920,1080,1080p,2026-02-05T23:44:04.780Z,16.629737,120.760132,2426.0,3.0,2.5,1.0,11,4,319,Atok,Paoay,,"cabbage,custom_chinese_cabbage",10.9,50.0,,TECNO_TECNO_CM8_2703FE,field,agricapture_collections.csv,70-90agricapture_collections
b105c107,74,4,5,images/atok/paoay/no_farm/mixed_crops/atok_paoay_20260205_234408_b105c107.jpg,1920,1080,1080p,2026-02-05T23:44:08.827Z,16.629745,120.760107,2426.0,6.0,1.8,1.0,-16,-5,316,Atok,Paoay,,"cabbage,custom_chinese_cabbage",10.9,50.0,,TECNO_TECNO_CM8_2703FE,field,agricapture_collections.csv,70-90agricapture_collections
cf8ce437,74,5,5,images/atok/paoay/no_farm/mixed_crops/atok_paoay_20260205_234412_cf8ce437.jpg,1920,1080,1080p,2026-02-05T23:44:12.608Z,16.629745,120.760107,2426.0,6.0,1.8,1.0,-9,-14,328,Atok,Paoay,,"cabbage,custom_chinese_cabbage",10.9,50.0,,TECNO_TECNO_CM8_2703FE,field,agricapture_collections.csv,70-90agricapture_collections
3404efb8,75,1,5,images/atok/paoay/no_farm/mixed_crops/atok_paoay_20260205_234528_3404efb8.jpg,1920,1080,1080p,2026-02-05T23:45:29.172Z,16.629742,120.760105,2427.0,3.0,4.0,1.0,20,3,321,Atok,Paoay,,"cabbage,custom_chinese_cabbage",10.9,50.0,,TECNO_TECNO_CM8_2703FE,field,agricapture_collections.csv,70-90agricapture_collections
2ef8781e,75,2,5,images/atok/paoay/no_farm/mixed_crops/atok_paoay_20260205_234532_2ef8781e.jpg,1920,1080,1080p,2026-02-05T23:45:32.998Z,16.629758,120.76012,2426.0,9.0,18.8,1.0,-1,2,325,Atok,Paoay,,"cabbage,custom_chinese_cabbage",10.9,50.0,,TECNO_TECNO_CM8_2703FE,field,agricapture_collections.csv,70-90agricapture_collections
1078942b,75,3,5,images/atok/paoay/no_farm/mixed_crops/atok_paoay_20260205_234536_1078942b.jpg,1920,1080,1080p,2026-02-05T23:45:36.845Z,16.629758,120.76012,2426.0,9.0,18.8,1.0,15,4,325,Atok,Paoay,,"cabbage,custom_chinese_cabbage",10.9,50.0,,TECNO_TECNO_CM8_2703FE,field,agricapture_collections.csv,70-90agricapture_collections
f069c9e5,75,4,5,images/atok/paoay/no_farm/mixed_crops/atok_paoay_20260205_234540_f069c9e5.jpg,1920,1080,1080p,2026-02-05T23:45:40.806Z,16.629758,120.76012,2426.0,9.0,18.8,1.0,6,36,316,Atok,Paoay,,"cabbage,custom_chinese_cabbage",10.9,50.0,,TECNO_TECNO_CM8_2703FE,field,agricapture_collections.csv,70-90agricapture_collections
1cec6679,75,5,5,images/atok/paoay/no_farm/mixed_crops/atok_paoay_20260205_234545_1cec6679.jpg,1920,1080,1080p,2026-02-05T23:45:45.850Z,16.629738,120.760117,2426.0,7.0,1.9,1.0,59,-63,278,Atok,Paoay,,"cabbage,custom_chinese_cabbage",10.9,50.0,,TECNO_TECNO_CM8_2703FE,field,agricapture_collections.csv,70-90agricapture_collections
3e78be4f,76,1,5,images/atok/paoay/no_farm/mixed_crops/atok_paoay_20260206_000149_3e78be4f.jpg,1920,1080,1080p,2026-02-06T00:01:49.539Z,16.630133,120.759182,2427.0,11.0,1.9,1.0,40,3,89,Atok,Paoay,,"cabbage,custom_chinese_cabbage",11.0,50.0,,TECNO_TECNO_CM8_2703FE,field,agricapture_collections.csv,70-90agricapture_collections
58255c29,76,2,5,images/atok/paoay/no_farm/mixed_crops/atok_paoay_20260206_000152_58255c29.jpg,1920,1080,1080p,2026-02-06T00:01:53.267Z,16.630142,120.75916,2427.0,11.0,1.9,1.0,42,3,118,Atok,Paoay,,"cabbage,custom_chinese_cabbage",11.0,50.0,,TECNO_TECNO_CM8_2703FE,field,agricapture_collections.csv,70-90agricapture_collections
c13df78c,76,3,5,images/atok/paoay/no_farm/mixed_crops/atok_paoay_20260206_000157_c13df78c.jpg,1920,1080,1080p,2026-02-06T00:01:57.489Z,16.630168,120.759155,2427.0,11.0,4.3,1.0,40,-1,70,Atok,Paoay,,"cabbage,custom_chinese_cabbage",11.0,50.0,,TECNO_TECNO_CM8_2703FE,field,agricapture_collections.csv,70-90agricapture_collections
6f8aca75,76,4,5,images/atok/paoay/no_farm/mixed_crops/atok_paoay_20260206_000200_6f8aca75.jpg,1920,1080,1080p,2026-02-06T00:02:01.155Z,16.630192,120.759148,2427.0,11.0,2.0,1.0,4,1,92,Atok,Paoay,,"cabbage,custom_chinese_cabbage",11.0,50.0,,TECNO_TECNO_CM8_2703FE,field,agricapture_collections.csv,70-90agricapture_collections
af69ce65,76,5,5,images/atok/paoay/no_farm/mixed_crops/atok_paoay_20260206_000205_af69ce65.jpg,1920,1080,1080p,2026-02-06T00:02:05.524Z,16.630192,120.759148,2427.0,11.0,2.0,1.0,16,-1,95,Atok,Paoay,,"cabbage,custom_chinese_cabbage",11.0,50.0,,TECNO_TECNO_CM8_2703FE,field,agricapture_collections.csv,70-90agricapture_collections
9cfea872,77,1,5,images/atok/paoay/no_farm/mixed_crops/atok_paoay_20260206_000236_9cfea872.jpg,1920,1080,1080p,2026-02-06T00:02:37.680Z,16.630135,120.759178,2427.0,12.0,2.0,1.0,3,-8,229,Atok,Paoay,,"cabbage,custom_chinese_cabbage",11.0,50.0,,TECNO_TECNO_CM8_2703FE,field,agricapture_collections.csv,70-90agricapture_collections
f6901395,77,2,5,images/atok/paoay/no_farm/mixed_crops/atok_paoay_20260206_000241_f6901395.jpg,1920,1080,1080p,2026-02-06T00:02:41.677Z,16.630135,120.759178,2427.0,12.0,2.0,1.0,3,4,231,Atok,Paoay,,"cabbage,custom_chinese_cabbage",11.0,50.0,,TECNO_TECNO_CM8_2703FE,field,agricapture_collections.csv,70-90agricapture_collections
2f88a12b,77,3,5,images/atok/paoay/no_farm/mixed_crops/atok_paoay_20260206_000244_2f88a12b.jpg,1920,1080,1080p,2026-02-06T00:02:45.501Z,16.630118,120.75917,2427.0,12.0,1.7,1.0,24,-9,225,Atok,Paoay,,"cabbage,custom_chinese_cabbage",11.0,50.0,,TECNO_TECNO_CM8_2703FE,field,agricapture_collections.csv,70-90agricapture_collections
c678b57a,77,4,5,images/atok/paoay/no_farm/mixed_crops/atok_paoay_20260206_000249_c678b57a.jpg,1920,1080,1080p,2026-02-06T00:02:50.123Z,16.630118,120.75917,2427.0,12.0,1.7,1.0,-40,-9,236,Atok,Paoay,,"cabbage,custom_chinese_cabbage",11.0,50.0,,TECNO_TECNO_CM8_2703FE,field,agricapture_collections.csv,70-90agricapture_collections
d29130d5,77,5,5,images/atok/paoay/no_farm/mixed_crops/atok_paoay_20260206_000307_d29130d5.jpg,1920,1080,1080p,2026-02-06T00:03:08.100Z,16.630095,120.759188,2427.0,12.0,1.6,1.0,8,-39,195,Atok,Paoay,,"cabbage,custom_chinese_cabbage",11.0,50.0,,TECNO_TECNO_CM8_2703FE,field,agricapture_collections.csv,70-90agricapture_collections
9b77660c,78,1,5,images/atok/paoay/no_farm/mixed_crops/atok_paoay_20260206_000338_9b77660c.jpg,1920,1080,1080p,2026-02-06T00:03:38.497Z,16.630145,120.759126,2433.0,9.0,3.1,1.0,1,-35,359,Atok,Paoay,,"cabbage,custom_chinese_cabbage",11.0,50.0,,TECNO_TECNO_CM8_2703FE,field,agricapture_collections.csv,70-90agricapture_collections
ff1967fd,78,2,5,images/atok/paoay/no_farm/mixed_crops/atok_paoay_20260206_000346_ff1967fd.jpg,1920,1080,1080p,2026-02-06T00:03:46.501Z,16.630145,120.759126,2433.0,9.0,3.1,1.0,1,-16,0,Atok,Paoay,,"cabbage,custom_chinese_cabbage",11.0,50.0,,TECNO_TECNO_CM8_2703FE,field,agricapture_collections.csv,70-90agricapture_collections
234ac36e,78,3,5,images/atok/paoay/no_farm/mixed_crops/atok_paoay_20260206_000350_234ac36e.jpg,1920,1080,1080p,2026-02-06T00:03:51.257Z,16.630145,120.759126,2433.0,9.0,3.1,1.0,2,18,1,Atok,Paoay,,"cabbage,custom_chinese_cabbage",11.0,50.0,,TECNO_TECNO_CM8_2703FE,field,agricapture_collections.csv,70-90agricapture_collections
7cfd7291,78,4,5,images/atok/paoay/no_farm/mixed_crops/atok_paoay_20260206_000358_7cfd7291.jpg,1920,1080,1080p,2026-02-06T00:03:58.633Z,16.630145,120.759126,2433.0,9.0,3.1,1.0,27,4,343,Atok,Paoay,,"cabbage,custom_chinese_cabbage",11.0,50.0,,TECNO_TECNO_CM8_2703FE,field,agricapture_collections.csv,70-90agricapture_collections
8d9246fc,78,5,5,images/atok/paoay/no_farm/mixed_crops/atok_paoay_20260206_000404_8d9246fc.jpg,1920,1080,1080p,2026-02-06T00:04:04.907Z,16.630145,120.759126,2433.0,9.0,3.1,1.0,-1,-21,20,Atok,Paoay,,"cabbage,custom_chinese_cabbage",11.0,50.0,,TECNO_TECNO_CM8_2703FE,field,agricapture_collections.csv,70-90agricapture_collections
d0499518,80,1,5,images/atok/paoay/no_farm/mixed_crops/atok_paoay_20260206_000706_d0499518.jpg,1920,1080,1080p,2026-02-06T00:07:06.983Z,16.630089,120.758938,2441.0,20.0,12.0,1.0,9,-26,195,Atok,Paoay,,"cabbage,custom_chinese_cabbage",11.0,50.0,,TECNO_TECNO_CM8_2703FE,field,agricapture_collections.csv,70-90agricapture_collections
95bf75a9,80,2,5,images/atok/paoay/no_farm/mixed_crops/atok_paoay_20260206_000715_95bf75a9.jpg,1920,1080,1080p,2026-02-06T00:07:15.567Z,16.630073,120.758996,2440.0,16.0,16.7,1.0,14,2,171,Atok,Paoay,,"cabbage,custom_chinese_cabbage",11.0,50.0,,TECNO_TECNO_CM8_2703FE,field,agricapture_collections.csv,70-90agricapture_collections
b2c8ad23,80,3,5,images/atok/paoay/no_farm/mixed_crops/atok_paoay_20260206_000718_b2c8ad23.jpg,1920,1080,1080p,2026-02-06T00:07:19.368Z,16.630073,120.758996,2440.0,16.0,16.7,1.0,49,2,163,Atok,Paoay,,"cabbage,custom_chinese_cabbage",11.0,50.0,,TECNO_TECNO_CM8_2703FE,field,agricapture_collections.csv,70-90agricapture_collections
dd1b7be2,80,4,5,images/atok/paoay/no_farm/mixed_crops/atok_paoay_20260206_000726_dd1b7be2.jpg,1920,1080,1080p,2026-02-06T00:07:26.987Z,16.63006,120.759021,2434.0,10.0,1.6,1.0,4,-10,176,Atok,Paoay,,"cabbage,custom_chinese_cabbage",11.0,50.0,,TECNO_TECNO_CM8_2703FE,field,agricapture_collections.csv,70-90agricapture_collections
afc08a30,80,5,5,images/atok/paoay/no_farm/mixed_crops/atok_paoay_20260206_000733_afc08a30.jpg,1920,1080,1080p,2026-02-06T00:07:34.391Z,16.630053,120.759051,2434.0,9.0,1.6,1.0,33,-23,146,Atok,Paoay,,"cabbage,custom_chinese_cabbage",11.0,50.0,,TECNO_TECNO_CM8_2703FE,field,agricapture_collections.csv,70-90agricapture_collections
cf354b3f,81,1,5,images/atok/paoay/no_farm/mixed_crops/atok_paoay_20260206_000925_cf354b3f.jpg,1920,1080,1080p,2026-02-06T00:09:26.139Z,16.63004,120.759045,2434.0,26.0,4.3,1.0,20,-3,129,Atok,Paoay,,"cabbage,custom_chinese_cabbage",11.0,50.0,,TECNO_TECNO_CM8_2703FE,field,agricapture_collections.csv,70-90agricapture_collections
7efc055a,81,2,5,images/atok/paoay/no_farm/mixed_crops/atok_paoay_20260206_000929_7efc055a.jpg,1920,1080,1080p,2026-02-06T00:09:30.156Z,16.629992,120.758982,2433.0,21.0,18.7,1.0,10,-20,143,Atok,Paoay,,"cabbage,custom_chinese_cabbage",17.0,51.0,,TECNO_TECNO_CM8_2703FE,field,agricapture_collections.csv,70-90agricapture_collections
72882062,81,3,5,images/atok/paoay/no_farm/mixed_crops/atok_paoay_20260206_000946_72882062.jpg,1920,1080,1080p,2026-02-06T00:09:46.783Z,16.629919,120.758882,2433.0,11.0,1.6,1.0,20,33,150,Atok,Paoay,,"cabbage,custom_chinese_cabbage",17.0,51.0,,TECNO_TECNO_CM8_2703FE,field,agricapture_collections.csv,70-90agricapture_collections
3c3c3213,81,4,5,images/atok/paoay/no_farm/mixed_crops/atok_paoay_20260206_000953_3c3c3213.jpg,1920,1080,1080p,2026-02-06T00:09:54.249Z,16.629919,120.758882,2433.0,11.0,1.6,1.0,28,24,75,Atok,Paoay,,"cabbage,custom_chinese_cabbage",17.0,51.0,,TECNO_TECNO_CM8_2703FE,field,agricapture_collections.csv,70-90agricapture_collections
9a5da00f,81,5,5,images/atok/paoay/no_farm/mixed_crops/atok_paoay_20260206_001001_9a5da00f.jpg,1920,1080,1080p,2026-02-06T00:10:02.260Z,16.629917,120.758906,2433.0,12.0,3.0,1.0,7,32,54,Atok,Paoay,,"cabbage,custom_chinese_cabbage",17.0,51.0,,TECNO_TECNO_CM8_2703FE,field,agricapture_collections.csv,70-90agricapture_collections
73c5854b,84,1,5,images/atok/paoay/no_farm/mixed_crops/atok_paoay_20260206_001335_73c5854b.jpg,1920,1080,1080p,2026-02-06T00:13:36.743Z,16.629675,120.758576,2436.0,12.0,3.0,1.0,43,1,129,Atok,Paoay,,"cabbage,custom_chinese_cabbage",17.0,51.0,,TECNO_TECNO_CM8_2703FE,field,agricapture_collections.csv,70-90agricapture_collections
0ee3c852,84,2,5,images/atok/paoay/no_farm/mixed_crops/atok_paoay_20260206_001347_0ee3c852.jpg,1920,1080,1080p,2026-02-06T00:13:47.724Z,16.629675,120.758576,2436.0,12.0,3.0,1.0,19,3,128,Atok,Paoay,,"cabbage,custom_chinese_cabbage",17.0,51.0,,TECNO_TECNO_CM8_2703FE,field,agricapture_collections.csv,70-90agricapture_collections
316e2164,84,3,5,images/atok/paoay/no_farm/mixed_crops/atok_paoay_20260206_001359_316e2164.jpg,1920,1080,1080p,2026-02-06T00:13:59.816Z,16.629675,120.758576,2436.0,12.0,3.0,1.0,3,5,130,Atok,Paoay,,"cabbage,custom_chinese_cabbage",17.0,51.0,,TECNO_TECNO_CM8_2703FE,field,agricapture_collections.csv,70-90agricapture_collections
34005069,84,4,5,images/atok/paoay/no_farm/mixed_crops/atok_paoay_20260206_001412_34005069.jpg,1920,1080,1080p,2026-02-06T00:14:12.821Z,16.629675,120.758576,2436.0,12.0,3.0,1.0,19,40,136,Atok,Paoay,,"cabbage,custom_chinese_cabbage",17.0,51.0,,TECNO_TECNO_CM8_2703FE,field,agricapture_collections.csv,70-90agricapture_collections
b397aaa8,84,5,5,images/atok/paoay/no_farm/mixed_crops/atok_paoay_20260206_001428_b397aaa8.jpg,1920,1080,1080p,2026-02-06T00:14:29.362Z,16.629675,120.758576,2436.0,12.0,3.0,1.0,34,0,160,Atok,Paoay,,"cabbage,custom_chinese_cabbage",17.0,51.0,,TECNO_TECNO_CM8_2703FE,field,agricapture_collections.csv,70-90agricapture_collections
ca6df197,88,1,5,images/atok/paoay/no_farm/mixed_crops/atok_paoay_20260206_001600_ca6df197.jpg,1920,1080,1080p,2026-02-06T00:16:01.370Z,16.629668,120.758679,2440.0,13.0,3.0,1.0,16,-15,280,Atok,Paoay,,"cabbage,custom_chinese_cabbage",17.0,51.0,,TECNO_TECNO_CM8_2703FE,field,agricapture_collections.csv,70-90agricapture_collections
35c52428,88,2,5,images/atok/paoay/no_farm/mixed_crops/atok_paoay_20260206_001608_35c52428.jpg,1920,1080,1080p,2026-02-06T00:16:09.607Z,16.629668,120.758679,2440.0,13.0,3.0,1.0,-36,-11,326,Atok,Paoay,,"cabbage,custom_chinese_cabbage",17.0,51.0,,TECNO_TECNO_CM8_2703FE,field,agricapture_collections.csv,70-90agricapture_collections
783aaf4f,88,3,5,images/atok/paoay/no_farm/mixed_crops/atok_paoay_20260206_001614_783aaf4f.jpg,1920,1080,1080p,2026-02-06T00:16:14.890Z,16.629668,120.758679,2440.0,13.0,3.0,1.0,-50,1,343,Atok,Paoay,,"cabbage,custom_chinese_cabbage",17.0,51.0,,TECNO_TECNO_CM8_2703FE,field,agricapture_collections.csv,70-90agricapture_collections
f82cc7b8,88,4,5,images/atok/paoay/no_farm/mixed_crops/atok_paoay_20260206_001619_f82cc7b8.jpg,1920,1080,1080p,2026-02-06T00:16:20.142Z,16.629668,120.758679,2440.0,13.0,3.0,1.0,-14,-46,318,Atok,Paoay,,"cabbage,custom_chinese_cabbage",17.0,51.0,,TECNO_TECNO_CM8_2703FE,field,agricapture_collections.csv,70-90agricapture_collections
fb68c534,88,5,5,images/atok/paoay/no_farm/mixed_crops/atok_paoay_20260206_001625_fb68c534.jpg,1920,1080,1080p,2026-02-06T00:16:26.185Z,16.629668,120.758679,2440.0,13.0,3.0,1.0,-16,-30,341,Atok,Paoay,,"cabbage,custom_chinese_cabbage",17.0,51.0,,TECNO_TECNO_CM8_2703FE,field,agricapture_collections.csv,70-90agricapture_collections
6bf82def,89,1,5,images/atok/paoay/no_farm/mixed_crops/atok_paoay_20260206_001746_6bf82def.jpg,1920,1080,1080p,2026-02-06T00:17:46.712Z,16.629677,120.758755,2431.0,15.0,3.9,1.0,34,0,64,Atok,Paoay,,"cabbage,custom_chinese_cabbage",17.0,51.0,,TECNO_TECNO_CM8_2703FE,field,agricapture_collections.csv,70-90agricapture_collections
20d74583,89,2,5,images/atok/paoay/no_farm/mixed_crops/atok_paoay_20260206_001751_20d74583.jpg,1920,1080,1080p,2026-02-06T00:17:51.877Z,16.629692,120.758768,2432.0,12.0,3.0,1.0,25,8,66,Atok,Paoay,,"cabbage,custom_chinese_cabbage",17.0,51.0,,TECNO_TECNO_CM8_2703FE,field,agricapture_collections.csv,70-90agricapture_collections
707ab5b0,89,3,5,images/atok/paoay/no_farm/mixed_crops/atok_paoay_20260206_001756_707ab5b0.jpg,1920,1080,1080p,2026-02-06T00:17:57.634Z,16.629692,120.758768,2432.0,12.0,3.0,1.0,24,-19,169,Atok,Paoay,,"cabbage,custom_chinese_cabbage",17.0,51.0,,TECNO_TECNO_CM8_2703FE,field,agricapture_collections.csv,70-90agricapture_collections
a029f7ab,89,4,5,images/atok/paoay/no_farm/mixed_crops/atok_paoay_20260206_001806_a029f7ab.jpg,1920,1080,1080p,2026-02-06T00:18:07.129Z,16.629692,120.758768,2432.0,12.0,3.0,1.0,-8,-26,204,Atok,Paoay,,"cabbage,custom_chinese_cabbage",17.0,51.0,,TECNO_TECNO_CM8_2703FE,field,agricapture_collections.csv,70-90agricapture_collections
8b97961b,89,5,5,images/atok/paoay/no_farm/mixed_crops/atok_paoay_20260206_001811_8b97961b.jpg,1920,1080,1080p,2026-02-06T00:18:12.227Z,16.629692,120.758768,2432.0,12.0,3.0,1.0,8,-38,182,Atok,Paoay,,"cabbage,custom_chinese_cabbage",17.0,51.0,,TECNO_TECNO_CM8_2703FE,field,agricapture_collections.csv,70-90agricapture_collections
a49477b8,90,1,5,images/atok/paoay/no_farm/mixed_crops/atok_paoay_20260206_002103_a49477b8.jpg,1920,1080,1080p,2026-02-06T00:21:03.367Z,16.629694,120.758801,2436.0,17.0,3.4,1.0,39,-4,260,Atok,Paoay,,"cabbage,custom_chinese_cabbage",17.0,51.0,,TECNO_TECNO_CM8_2703FE,field,agricapture_collections.csv,70-90agricapture_collections
fe474abf,90,2,5,images/atok/paoay/no_farm/mixed_crops/atok_paoay_20260206_002109_fe474abf.jpg,1920,1080,1080p,2026-02-06T00:21:09.585Z,16.629673,120.758798,2436.0,14.0,18.1,1.0,11,-3,258,Atok,Paoay,,"cabbage,custom_chinese_cabbage",17.0,51.0,,TECNO_TECNO_CM8_2703FE,field,agricapture_collections.csv,70-90agricapture_collections
36721ded,90,3,5,images/atok/paoay/no_farm/mixed_crops/atok_paoay_20260206_002117_36721ded.jpg,1920,1080,1080p,2026-02-06T00:21:18.532Z,16.629673,120.758798,2436.0,14.0,18.1,1.0,40,1,103,Atok,Paoay,,"cabbage,custom_chinese_cabbage",17.0,51.0,,TECNO_TECNO_CM8_2703FE,field,agricapture_collections.csv,70-90agricapture_collections
5c189753,90,4,5,images/atok/paoay/no_farm/mixed_crops/atok_paoay_20260206_002124_5c189753.jpg,1920,1080,1080p,2026-02-06T00:21:24.652Z,16.629673,120.758798,2436.0,14.0,18.1,1.0,36,-3,125,Atok,Paoay,,"cabbage,custom_chinese_cabbage",17.0,51.0,,TECNO_TECNO_CM8_2703FE,field,agricapture_collections.csv,70-90agricapture_collections
a8d580c7,90,5,5,images/atok/paoay/no_farm/mixed_crops/atok_paoay_20260206_002135_a8d580c7.jpg,1920,1080,1080p,2026-02-06T00:21:36.310Z,16.629673,120.758798,2436.0,14.0,18.1,1.0,27,-6,11,Atok,Paoay,,"cabbage,custom_chinese_cabbage",17.0,51.0,,TECNO_TECNO_CM8_2703FE,field,agricapture_collections.csv,70-90agricapture_collections
2ee46a9a,1,1,5,images/2026/01/23/latrinidad_alapang_20260122_214744_2ee46a9a.jpg,1080,1080,1080p,2026-01-22T21:47:46.748Z,16.384911,120.588479,1364.0,7.0,20.0,1.0,81,-170,139,La Trinidad,Alapang,,"cabbage,carrot,potato,lettuce,pechay,sayote,beans",11.2,83.0,,TECNO_TECNO_CM8_0BE076,field,agricapture_data.csv,La_Trinidad
5bab56b7,1,2,5,images/2026/01/23/latrinidad_alapang_20260122_214750_5bab56b7.jpg,1080,1080,1080p,2026-01-22T21:47:51.627Z,16.384911,120.588479,1364.0,7.0,20.0,1.0,58,-12,353,La Trinidad,Alapang,,"cabbage,carrot,potato,lettuce,pechay,sayote,beans",11.2,83.0,,TECNO_TECNO_CM8_0BE076,field,agricapture_data.csv,La_Trinidad
70cf10bf,1,1,5,images/2026/01/23/latrinidad_alapang_20260122_221508_70cf10bf.jpg,1080,1080,1080p,2026-01-22T22:15:08.843Z,16.384912,120.588483,1364.0,8.0,20.0,1.0,33,3,174,La Trinidad,Alapang,,"cabbage,carrot,potato,lettuce,pechay,sayote,beans",11.2,84.0,,TECNO_TECNO_CM8_6D724A,field,agricapture_data.csv,La_Trinidad
25fe93ff,1,2,5,images/2026/01/23/latrinidad_alapang_20260122_221512_25fe93ff.jpg,1080,1080,1080p,2026-01-22T22:15:12.476Z,16.384912,120.588483,1364.0,8.0,20.0,1.0,31,5,175,La Trinidad,Alapang,,"cabbage,carrot,potato,lettuce,pechay,sayote,beans",11.2,84.0,,TECNO_TECNO_CM8_6D724A,field,agricapture_data.csv,La_Trinidad
59aaca73,1,3,5,images/2026/01/23/latrinidad_alapang_20260122_221515_59aaca73.jpg,1080,1080,1080p,2026-01-22T22:15:15.865Z,16.384912,120.588483,1364.0,8.0,20.0,1.0,30,3,175,La Trinidad,Alapang,,"cabbage,carrot,potato,lettuce,pechay,sayote,beans",11.2,84.0,,TECNO_TECNO_CM8_6D724A,field,agricapture_data.csv,La_Trinidad
7d76518d,1,4,5,images/2026/01/23/latrinidad_alapang_20260123_020655_7d76518d.jpg,1080,1080,1080p,2026-01-23T02:06:56.186Z,16.384863,120.588519,1364.0,7.0,48.9,1.0,28,1,341,La Trinidad,Alapang,,"cabbage,carrot,potato,lettuce,pechay,sayote,beans",15.6,62.0,,TECNO_TECNO_CM8_6D724A,field,agricapture_data.csv,La_Trinidad
8bf4f1b0,1,5,5,images/2026/01/23/latrinidad_alapang_20260123_020659_8bf4f1b0.jpg,1080,1080,1080p,2026-01-23T02:07:00.198Z,16.384863,120.588519,1364.0,7.0,48.9,1.0,29,1,332,La Trinidad,Alapang,,"cabbage,carrot,potato,lettuce,pechay,sayote,beans",15.6,62.0,,TECNO_TECNO_CM8_6D724A,field,agricapture_data.csv,La_Trinidad
5fd4c1ea,80,1,5,images/2026/01/23/latrinidad_alapang_20260123_020713_5fd4c1ea.jpg,1080,1080,1080p,2026-01-23T02:07:14.100Z,16.38487,120.58851,1364.0,9.0,60.0,1.0,35,3,332,La Trinidad,Alapang,,"cabbage,carrot,potato,lettuce,pechay,sayote,beans",15.6,62.0,,TECNO_TECNO_CM8_6D724A,field,agricapture_data.csv,La_Trinidad
4d874ef4,80,2,5,images/2026/01/23/latrinidad_alapang_20260123_020717_4d874ef4.jpg,1080,1080,1080p,2026-01-23T02:07:17.877Z,16.38487,120.58851,1364.0,9.0,60.0,1.0,36,-1,336,La Trinidad,Alapang,,"cabbage,carrot,potato,lettuce,pechay,sayote,beans",15.6,62.0,,TECNO_TECNO_CM8_6D724A,field,agricapture_data.csv,La_Trinidad
e71c0ab0,80,3,5,images/2026/01/23/latrinidad_alapang_20260123_020720_e71c0ab0.jpg,1080,1080,1080p,2026-01-23T02:07:21.227Z,16.38487,120.58851,1364.0,9.0,60.0,1.0,33,-1,328,La Trinidad,Alapang,,"cabbage,carrot,potato,lettuce,pechay,sayote,beans",15.6,62.0,,TECNO_TECNO_CM8_6D724A,field,agricapture_data.csv,La_Trinidad
69562af4,80,4,5,images/2026/01/23/latrinidad_alapang_20260123_020724_69562af4.jpg,1080,1080,1080p,2026-01-23T02:07:24.839Z,16.38487,120.58851,1364.0,9.0,60.0,1.0,34,-3,327,La Trinidad,Alapang,,"cabbage,carrot,potato,lettuce,pechay,sayote,beans",15.6,62.0,,TECNO_TECNO_CM8_6D724A,field,agricapture_data.csv,La_Trinidad
7f3be296,80,5,5,images/2026/01/23/latrinidad_alapang_20260123_020728_7f3be296.jpg,1080,1080,1080p,2026-01-23T02:07:28.922Z,16.38487,120.58851,1364.0,9.0,60.0,1.0,45,11,302,La Trinidad,Alapang,,"cabbage,carrot,potato,lettuce,pechay,sayote,beans",15.6,62.0,,TECNO_TECNO_CM8_6D724A,field,agricapture_data.csv,La_Trinidad
a64f84d5,1,1,5,images/2026/01/23/latrinidad_alapang_20260123_030523_a64f84d5.jpg,1080,1080,1080p,2026-01-23T03:05:24.345Z,16.384912,120.588478,1364.0,6.0,20.0,1.0,48,-33,24,La Trinidad,Alapang,,"cabbage,carrot,potato,lettuce,pechay,sayote,beans",16.2,61.0,,TECNO_TECNO_CM8_498414,field,agricapture_data.csv,La_Trinidad
1f3faa11,1,2,5,images/2026/01/23/latrinidad_alapang_20260123_030529_1f3faa11.jpg,1080,1080,1080p,2026-01-23T03:05:30.336Z,16.384912,120.588478,1364.0,6.0,20.0,1.0,49,-33,25,La Trinidad,Alapang,,"cabbage,carrot,potato,lettuce,pechay,sayote,beans",16.2,61.0,,TECNO_TECNO_CM8_498414,field,agricapture_data.csv,La_Trinidad
a542c8ce,70,1,5,images/atok/paoay/no_farm/mixed_crops/atok_paoay_20260205_233813_a542c8ce.jpg,1920,1080,1080p,2026-02-05T23:38:14.298Z,16.62974,120.7601,2426.0,19.0,1.7,1.0,17,-5,326,Atok,Paoay,,"cabbage,custom_chinese_cabbage",8.4,57.0,,TECNO_TECNO_CM8_2703FE,field,agricapture_data.csv,Atok
ee4123d5,70,2,5,images/atok/paoay/no_farm/mixed_crops/atok_paoay_20260205_233817_ee4123d5.jpg,1920,1080,1080p,2026-02-05T23:38:18.026Z,16.62974,120.7601,2426.0,19.0,1.7,1.0,13,-8,329,Atok,Paoay,,"cabbage,custom_chinese_cabbage",8.4,57.0,,TECNO_TECNO_CM8_2703FE,field,agricapture_data.csv,Atok
574ed42a,70,3,5,images/atok/paoay/no_farm/mixed_crops/atok_paoay_20260205_233821_574ed42a.jpg,1920,1080,1080p,2026-02-05T23:38:22.346Z,16.62974,120.7601,2426.0,19.0,1.7,1.0,20,-4,330,Atok,Paoay,,"cabbage,custom_chinese_cabbage",8.4,57.0,,TECNO_TECNO_CM8_2703FE,field,agricapture_data.csv,Atok
2ab2dcfd,70,4,5,images/atok/paoay/no_farm/mixed_crops/atok_paoay_20260205_233826_2ab2dcfd.jpg,1920,1080,1080p,2026-02-05T23:38:26.977Z,16.62974,120.7601,2426.0,19.0,1.7,1.0,21,3,322,Atok,Paoay,,"cabbage,custom_chinese_cabbage",8.4,57.0,,TECNO_TECNO_CM8_2703FE,field,agricapture_data.csv,Atok
655350f9,70,5,5,images/atok/paoay/no_farm/mixed_crops/atok_paoay_20260205_233836_655350f9.jpg,1920,1080,1080p,2026-02-05T23:38:36.577Z,16.62974,120.7601,2426.0,19.0,1.7,1.0,25,-8,331,Atok,Paoay,,"cabbage,custom_chinese_cabbage",8.4,57.0,,TECNO_TECNO_CM8_2703FE,field,agricapture_data.csv,Atok
916d253b,71,1,5,images/atok/paoay/no_farm/mixed_crops/atok_paoay_20260205_233858_916d253b.jpg,1920,1080,1080p,2026-02-05T23:38:59.161Z,16.62974,120.7601,2426.0,19.0,1.7,1.0,20,-19,152,Atok,Paoay,,"cabbage,custom_chinese_cabbage",8.4,57.0,,TECNO_TECNO_CM8_2703FE,field,agricapture_data.csv,Atok
a042b2f3,71,2,5,images/atok/paoay/no_farm/mixed_crops/atok_paoay_20260205_233908_a042b2f3.jpg,1920,1080,1080p,2026-02-05T23:39:09.580Z,16.62974,120.7601,2426.0,19.0,1.7,1.0,15,-23,161,Atok,Paoay,,"cabbage,custom_chinese_cabbage",8.4,57.0,,TECNO_TECNO_CM8_2703FE,field,agricapture_data.csv,Atok
201d42db,71,3,5,images/atok/paoay/no_farm/mixed_crops/atok_paoay_20260205_233915_201d42db.jpg,1920,1080,1080p,2026-02-05T23:39:15.430Z,16.62974,120.7601,2426.0,19.0,1.7,1.0,9,-4,147,Atok,Paoay,,"cabbage,custom_chinese_cabbage",8.4,57.0,,TECNO_TECNO_CM8_2703FE,field,agricapture_data.csv,Atok
f087367a,71,4,5,images/atok/paoay/no_farm/mixed_crops/atok_paoay_20260205_233920_f087367a.jpg,1920,1080,1080p,2026-02-05T23:39:20.649Z,16.62974,120.7601,2426.0,19.0,1.7,1.0,27,-13,156,Atok,Paoay,,"cabbage,custom_chinese_cabbage",8.4,57.0,,TECNO_TECNO_CM8_2703FE,field,agricapture_data.csv,Atok
e079d418,71,5,5,images/atok/paoay/no_farm/mixed_crops/atok_paoay_20260205_233929_e079d418.jpg,1920,1080,1080p,2026-02-05T23:39:29.684Z,16.62974,120.7601,2426.0,19.0,1.7,1.0,48,-17,169,Atok,Paoay,,"cabbage,custom_chinese_cabbage",8.4,57.0,,TECNO_TECNO_CM8_2703FE,field,agricapture_data.csv,Atok
afb4653c,72,1,5,images/atok/paoay/no_farm/mixed_crops/atok_paoay_20260205_233953_afb4653c.jpg,1920,1080,1080p,2026-02-05T23:39:54.424Z,16.62974,120.7601,2426.0,19.0,1.7,1.0,22,-22,164,Atok,Paoay,,"cabbage,custom_chinese_cabbage",8.4,57.0,,TECNO_TECNO_CM8_2703FE,field,agricapture_data.csv,Atok
d2c6cf48,72,2,5,images/atok/paoay/no_farm/mixed_crops/atok_paoay_20260205_233958_d2c6cf48.jpg,1920,1080,1080p,2026-02-05T23:39:59.307Z,16.62974,120.7601,2426.0,19.0,1.7,1.0,8,-40,175,Atok,Paoay,,"cabbage,custom_chinese_cabbage",8.4,57.0,,TECNO_TECNO_CM8_2703FE,field,agricapture_data.csv,Atok
9e352d1f,72,3,5,images/atok/paoay/no_farm/mixed_crops/atok_paoay_20260205_234003_9e352d1f.jpg,1920,1080,1080p,2026-02-05T23:40:03.517Z,16.62974,120.7601,2426.0,19.0,1.7,1.0,4,8,149,Atok,Paoay,,"cabbage,custom_chinese_cabbage",8.4,57.0,,TECNO_TECNO_CM8_2703FE,field,agricapture_data.csv,Atok
4fca79cf,72,4,5,images/atok/paoay/no_farm/mixed_crops/atok_paoay_20260205_234007_4fca79cf.jpg,1920,1080,1080p,2026-02-05T23:40:07.814Z,16.62974,120.7601,2426.0,19.0,1.7,1.0,12,-11,159,Atok,Paoay,,"cabbage,custom_chinese_cabbage",8.4,57.0,,TECNO_TECNO_CM8_2703FE,field,agricapture_data.csv,Atok
1bb443e9,72,5,5,images/atok/paoay/no_farm/mixed_crops/atok_paoay_20260205_234011_1bb443e9.jpg,1920,1080,1080p,2026-02-05T23:40:11.976Z,16.62974,120.7601,2426.0,19.0,1.7,1.0,22,-14,157,Atok,Paoay,,"cabbage,custom_chinese_cabbage",8.4,57.0,,TECNO_TECNO_CM8_2703FE,field,agricapture_data.csv,Atok
148417d7,73,1,5,images/atok/paoay/no_farm/mixed_crops/atok_paoay_20260205_234203_148417d7.jpg,1920,1080,1080p,2026-02-05T23:42:03.783Z,16.62973,120.76008,2426.0,2.0,2.2,1.0,19,-7,166,Atok,Paoay,,"cabbage,custom_chinese_cabbage",10.9,50.0,,TECNO_TECNO_CM8_2703FE,field,agricapture_data.csv,Atok
dcc2a4d8,73,2,5,images/atok/paoay/no_farm/mixed_crops/atok_paoay_20260205_234209_dcc2a4d8.jpg,1920,1080,1080p,2026-02-05T23:42:09.523Z,16.629712,120.760108,2426.0,1.0,1.9,1.0,30,-7,181,Atok,Paoay,,"cabbage,custom_chinese_cabbage",10.9,50.0,,TECNO_TECNO_CM8_2703FE,field,agricapture_data.csv,Atok
e9b7009c,73,3,5,images/atok/paoay/no_farm/mixed_crops/atok_paoay_20260205_234214_e9b7009c.jpg,1920,1080,1080p,2026-02-05T23:42:15.581Z,16.629712,120.760108,2426.0,1.0,1.9,1.0,35,-11,151,Atok,Paoay,,"cabbage,custom_chinese_cabbage",10.9,50.0,,TECNO_TECNO_CM8_2703FE,field,agricapture_data.csv,Atok
831b05b7,73,4,5,images/atok/paoay/no_farm/mixed_crops/atok_paoay_20260205_234220_831b05b7.jpg,1920,1080,1080p,2026-02-05T23:42:20.715Z,16.629712,120.760108,2426.0,1.0,1.9,1.0,27,-8,160,Atok,Paoay,,"cabbage,custom_chinese_cabbage",10.9,50.0,,TECNO_TECNO_CM8_2703FE,field,agricapture_data.csv,Atok
88d8fd8b,73,5,5,images/atok/paoay/no_farm/mixed_crops/atok_paoay_20260205_234228_88d8fd8b.jpg,1920,1080,1080p,2026-02-05T23:42:28.837Z,16.629712,120.760108,2426.0,1.0,1.9,1.0,30,-9,193,Atok,Paoay,,"cabbage,custom_chinese_cabbage",10.9,50.0,,TECNO_TECNO_CM8_2703FE,field,agricapture_data.csv,Atok
e9fb2a4b,74,1,5,images/atok/paoay/no_farm/mixed_crops/atok_paoay_20260205_234356_e9fb2a4b.jpg,1920,1080,1080p,2026-02-05T23:43:57.047Z,16.629677,120.760205,2426.0,2.0,4.2,1.0,19,-1,316,Atok,Paoay,,"cabbage,custom_chinese_cabbage",10.9,50.0,,TECNO_TECNO_CM8_2703FE,field,agricapture_data.csv,Atok
7adda024,74,2,5,images/atok/paoay/no_farm/mixed_crops/atok_paoay_20260205_234400_7adda024.jpg,1920,1080,1080p,2026-02-05T23:44:01.039Z,16.629718,120.760165,2426.0,3.0,2.9,1.0,10,1,317,Atok,Paoay,,"cabbage,custom_chinese_cabbage",10.9,50.0,,TECNO_TECNO_CM8_2703FE,field,agricapture_data.csv,Atok
cd9a137e,74,3,5,images/atok/paoay/no_farm/mixed_crops/atok_paoay_20260205_234404_cd9a137e.jpg,1920,1080,1080p,2026-02-05T23:44:04.780Z,16.629737,120.760132,2426.0,3.0,2.5,1.0,11,4,319,Atok,Paoay,,"cabbage,custom_chinese_cabbage",10.9,50.0,,TECNO_TECNO_CM8_2703FE,field,agricapture_data.csv,Atok
b105c107,74,4,5,images/atok/paoay/no_farm/mixed_crops/atok_paoay_20260205_234408_b105c107.jpg,1920,1080,1080p,2026-02-05T23:44:08.827Z,16.629745,120.760107,2426.0,6.0,1.8,1.0,-16,-5,316,Atok,Paoay,,"cabbage,custom_chinese_cabbage",10.9,50.0,,TECNO_TECNO_CM8_2703FE,field,agricapture_data.csv,Atok
cf8ce437,74,5,5,images/atok/paoay/no_farm/mixed_crops/atok_paoay_20260205_234412_cf8ce437.jpg,1920,1080,1080p,2026-02-05T23:44:12.608Z,16.629745,120.760107,2426.0,6.0,1.8,1.0,-9,-14,328,Atok,Paoay,,"cabbage,custom_chinese_cabbage",10.9,50.0,,TECNO_TECNO_CM8_2703FE,field,agricapture_data.csv,Atok
3404efb8,75,1,5,images/atok/paoay/no_farm/mixed_crops/atok_paoay_20260205_234528_3404efb8.jpg,1920,1080,1080p,2026-02-05T23:45:29.172Z,16.629742,120.760105,2427.0,3.0,4.0,1.0,20,3,321,Atok,Paoay,,"cabbage,custom_chinese_cabbage",10.9,50.0,,TECNO_TECNO_CM8_2703FE,field,agricapture_data.csv,Atok
2ef8781e,75,2,5,images/atok/paoay/no_farm/mixed_crops/atok_paoay_20260205_234532_2ef8781e.jpg,1920,1080,1080p,2026-02-05T23:45:32.998Z,16.629758,120.76012,2426.0,9.0,18.8,1.0,-1,2,325,Atok,Paoay,,"cabbage,custom_chinese_cabbage",10.9,50.0,,TECNO_TECNO_CM8_2703FE,field,agricapture_data.csv,Atok
1078942b,75,3,5,images/atok/paoay/no_farm/mixed_crops/atok_paoay_20260205_234536_1078942b.jpg,1920,1080,1080p,2026-02-05T23:45:36.845Z,16.629758,120.76012,2426.0,9.0,18.8,1.0,15,4,325,Atok,Paoay,,"cabbage,custom_chinese_cabbage",10.9,50.0,,TECNO_TECNO_CM8_2703FE,field,agricapture_data.csv,Atok
f069c9e5,75,4,5,images/atok/paoay/no_farm/mixed_crops/atok_paoay_20260205_234540_f069c9e5.jpg,1920,1080,1080p,2026-02-05T23:45:40.806Z,16.629758,120.76012,2426.0,9.0,18.8,1.0,6,36,316,Atok,Paoay,,"cabbage,custom_chinese_cabbage",10.9,50.0,,TECNO_TECNO_CM8_2703FE,field,agricapture_data.csv,Atok
1cec6679,75,5,5,images/atok/paoay/no_farm/mixed_crops/atok_paoay_20260205_234545_1cec6679.jpg,1920,1080,1080p,2026-02-05T23:45:45.850Z,16.629738,120.760117,2426.0,7.0,1.9,1.0,59,-63,278,Atok,Paoay,,"cabbage,custom_chinese_cabbage",10.9,50.0,,TECNO_TECNO_CM8_2703FE,field,agricapture_data.csv,Atok
3e78be4f,76,1,5,images/atok/paoay/no_farm/mixed_crops/atok_paoay_20260206_000149_3e78be4f.jpg,1920,1080,1080p,2026-02-06T00:01:49.539Z,16.630133,120.759182,2427.0,11.0,1.9,1.0,40,3,89,Atok,Paoay,,"cabbage,custom_chinese_cabbage",11.0,50.0,,TECNO_TECNO_CM8_2703FE,field,agricapture_data.csv,Atok
58255c29,76,2,5,images/atok/paoay/no_farm/mixed_crops/atok_paoay_20260206_000152_58255c29.jpg,1920,1080,1080p,2026-02-06T00:01:53.267Z,16.630142,120.75916,2427.0,11.0,1.9,1.0,42,3,118,Atok,Paoay,,"cabbage,custom_chinese_cabbage",11.0,50.0,,TECNO_TECNO_CM8_2703FE,field,agricapture_data.csv,Atok
c13df78c,76,3,5,images/atok/paoay/no_farm/mixed_crops/atok_paoay_20260206_000157_c13df78c.jpg,1920,1080,1080p,2026-02-06T00:01:57.489Z,16.630168,120.759155,2427.0,11.0,4.3,1.0,40,-1,70,Atok,Paoay,,"cabbage,custom_chinese_cabbage",11.0,50.0,,TECNO_TECNO_CM8_2703FE,field,agricapture_data.csv,Atok
6f8aca75,76,4,5,images/atok/paoay/no_farm/mixed_crops/atok_paoay_20260206_000200_6f8aca75.jpg,1920,1080,1080p,2026-02-06T00:02:01.155Z,16.630192,120.759148,2427.0,11.0,2.0,1.0,4,1,92,Atok,Paoay,,"cabbage,custom_chinese_cabbage",11.0,50.0,,TECNO_TECNO_CM8_2703FE,field,agricapture_data.csv,Atok
af69ce65,76,5,5,images/atok/paoay/no_farm/mixed_crops/atok_paoay_20260206_000205_af69ce65.jpg,1920,1080,1080p,2026-02-06T00:02:05.524Z,16.630192,120.759148,2427.0,11.0,2.0,1.0,16,-1,95,Atok,Paoay,,"cabbage,custom_chinese_cabbage",11.0,50.0,,TECNO_TECNO_CM8_2703FE,field,agricapture_data.csv,Atok
9cfea872,77,1,5,images/atok/paoay/no_farm/mixed_crops/atok_paoay_20260206_000236_9cfea872.jpg,1920,1080,1080p,2026-02-06T00:02:37.680Z,16.630135,120.759178,2427.0,12.0,2.0,1.0,3,-8,229,Atok,Paoay,,"cabbage,custom_chinese_cabbage",11.0,50.0,,TECNO_TECNO_CM8_2703FE,field,agricapture_data.csv,Atok
f6901395,77,2,5,images/atok/paoay/no_farm/mixed_crops/atok_paoay_20260206_000241_f6901395.jpg,1920,1080,1080p,2026-02-06T00:02:41.677Z,16.630135,120.759178,2427.0,12.0,2.0,1.0,3,4,231,Atok,Paoay,,"cabbage,custom_chinese_cabbage",11.0,50.0,,TECNO_TECNO_CM8_2703FE,field,agricapture_data.csv,Atok
2f88a12b,77,3,5,images/atok/paoay/no_farm/mixed_crops/atok_paoay_20260206_000244_2f88a12b.jpg,1920,1080,1080p,2026-02-06T00:02:45.501Z,16.630118,120.75917,2427.0,12.0,1.7,1.0,24,-9,225,Atok,Paoay,,"cabbage,custom_chinese_cabbage",11.0,50.0,,TECNO_TECNO_CM8_2703FE,field,agricapture_data.csv,Atok
c678b57a,77,4,5,images/atok/paoay/no_farm/mixed_crops/atok_paoay_20260206_000249_c678b57a.jpg,1920,1080,1080p,2026-02-06T00:02:50.123Z,16.630118,120.75917,2427.0,12.0,1.7,1.0,-40,-9,236,Atok,Paoay,,"cabbage,custom_chinese_cabbage",11.0,50.0,,TECNO_TECNO_CM8_2703FE,field,agricapture_data.csv,Atok
d29130d5,77,5,5,images/atok/paoay/no_farm/mixed_crops/atok_paoay_20260206_000307_d29130d5.jpg,1920,1080,1080p,2026-02-06T00:03:08.100Z,16.630095,120.759188,2427.0,12.0,1.6,1.0,8,-39,195,Atok,Paoay,,"cabbage,custom_chinese_cabbage",11.0,50.0,,TECNO_TECNO_CM8_2703FE,field,agricapture_data.csv,Atok
9b77660c,78,1,5,images/atok/paoay/no_farm/mixed_crops/atok_paoay_20260206_000338_9b77660c.jpg,1920,1080,1080p,2026-02-06T00:03:38.497Z,16.630145,120.759126,2433.0,9.0,3.1,1.0,1,-35,359,Atok,Paoay,,"cabbage,custom_chinese_cabbage",11.0,50.0,,TECNO_TECNO_CM8_2703FE,field,agricapture_data.csv,Atok
ff1967fd,78,2,5,images/atok/paoay/no_farm/mixed_crops/atok_paoay_20260206_000346_ff1967fd.jpg,1920,1080,1080p,2026-02-06T00:03:46.501Z,16.630145,120.759126,2433.0,9.0,3.1,1.0,1,-16,0,Atok,Paoay,,"cabbage,custom_chinese_cabbage",11.0,50.0,,TECNO_TECNO_CM8_2703FE,field,agricapture_data.csv,Atok
234ac36e,78,3,5,images/atok/paoay/no_farm/mixed_crops/atok_paoay_20260206_000350_234ac36e.jpg,1920,1080,1080p,2026-02-06T00:03:51.257Z,16.630145,120.759126,2433.0,9.0,3.1,1.0,2,18,1,Atok,Paoay,,"cabbage,custom_chinese_cabbage",11.0,50.0,,TECNO_TECNO_CM8_2703FE,field,agricapture_data.csv,Atok
7cfd7291,78,4,5,images/atok/paoay/no_farm/mixed_crops/atok_paoay_20260206_000358_7cfd7291.jpg,1920,1080,1080p,2026-02-06T00:03:58.633Z,16.630145,120.759126,2433.0,9.0,3.1,1.0,27,4,343,Atok,Paoay,,"cabbage,custom_chinese_cabbage",11.0,50.0,,TECNO_TECNO_CM8_2703FE,field,agricapture_data.csv,Atok
8d9246fc,78,5,5,images/atok/paoay/no_farm/mixed_crops/atok_paoay_20260206_000404_8d9246fc.jpg,1920,1080,1080p,2026-02-06T00:04:04.907Z,16.630145,120.759126,2433.0,9.0,3.1,1.0,-1,-21,20,Atok,Paoay,,"cabbage,custom_chinese_cabbage",11.0,50.0,,TECNO_TECNO_CM8_2703FE,field,agricapture_data.csv,Atok
d0499518,80,1,5,images/atok/paoay/no_farm/mixed_crops/atok_paoay_20260206_000706_d0499518.jpg,1920,1080,1080p,2026-02-06T00:07:06.983Z,16.630089,120.758938,2441.0,20.0,12.0,1.0,9,-26,195,Atok,Paoay,,"cabbage,custom_chinese_cabbage",11.0,50.0,,TECNO_TECNO_CM8_2703FE,field,agricapture_data.csv,Atok
95bf75a9,80,2,5,images/atok/paoay/no_farm/mixed_crops/atok_paoay_20260206_000715_95bf75a9.jpg,1920,1080,1080p,2026-02-06T00:07:15.567Z,16.630073,120.758996,2440.0,16.0,16.7,1.0,14,2,171,Atok,Paoay,,"cabbage,custom_chinese_cabbage",11.0,50.0,,TECNO_TECNO_CM8_2703FE,field,agricapture_data.csv,Atok
b2c8ad23,80,3,5,images/atok/paoay/no_farm/mixed_crops/atok_paoay_20260206_000718_b2c8ad23.jpg,1920,1080,1080p,2026-02-06T00:07:19.368Z,16.630073,120.758996,2440.0,16.0,16.7,1.0,49,2,163,Atok,Paoay,,"cabbage,custom_chinese_cabbage",11.0,50.0,,TECNO_TECNO_CM8_2703FE,field,agricapture_data.csv,Atok
dd1b7be2,80,4,5,images/atok/paoay/no_farm/mixed_crops/atok_paoay_20260206_000726_dd1b7be2.jpg,1920,1080,1080p,2026-02-06T00:07:26.987Z,16.63006,120.759021,2434.0,10.0,1.6,1.0,4,-10,176,Atok,Paoay,,"cabbage,custom_chinese_cabbage",11.0,50.0,,TECNO_TECNO_CM8_2703FE,field,agricapture_data.csv,Atok
afc08a30,80,5,5,images/atok/paoay/no_farm/mixed_crops/atok_paoay_20260206_000733_afc08a30.jpg,1920,1080,1080p,2026-02-06T00:07:34.391Z,16.630053,120.759051,2434.0,9.0,1.6,1.0,33,-23,146,Atok,Paoay,,"cabbage,custom_chinese_cabbage",11.0,50.0,,TECNO_TECNO_CM8_2703FE,field,agricapture_data.csv,Atok
cf354b3f,81,1,5,images/atok/paoay/no_farm/mixed_crops/atok_paoay_20260206_000925_cf354b3f.jpg,1920,1080,1080p,2026-02-06T00:09:26.139Z,16.63004,120.759045,2434.0,26.0,4.3,1.0,20,-3,129,Atok,Paoay,,"cabbage,custom_chinese_cabbage",11.0,50.0,,TECNO_TECNO_CM8_2703FE,field,agricapture_data.csv,Atok
7efc055a,81,2,5,images/atok/paoay/no_farm/mixed_crops/atok_paoay_20260206_000929_7efc055a.jpg,1920,1080,1080p,2026-02-06T00:09:30.156Z,16.629992,120.758982,2433.0,21.0,18.7,1.0,10,-20,143,Atok,Paoay,,"cabbage,custom_chinese_cabbage",17.0,51.0,,TECNO_TECNO_CM8_2703FE,field,agricapture_data.csv,Atok
72882062,81,3,5,images/atok/paoay/no_farm/mixed_crops/atok_paoay_20260206_000946_72882062.jpg,1920,1080,1080p,2026-02-06T00:09:46.783Z,16.629919,120.758882,2433.0,11.0,1.6,1.0,20,33,150,Atok,Paoay,,"cabbage,custom_chinese_cabbage",17.0,51.0,,TECNO_TECNO_CM8_2703FE,field,agricapture_data.csv,Atok
3c3c3213,81,4,5,images/atok/paoay/no_farm/mixed_crops/atok_paoay_20260206_000953_3c3c3213.jpg,1920,1080,1080p,2026-02-06T00:09:54.249Z,16.629919,120.758882,2433.0,11.0,1.6,1.0,28,24,75,Atok,Paoay,,"cabbage,custom_chinese_cabbage",17.0,51.0,,TECNO_TECNO_CM8_2703FE,field,agricapture_data.csv,Atok
9a5da00f,81,5,5,images/atok/paoay/no_farm/mixed_crops/atok_paoay_20260206_001001_9a5da00f.jpg,1920,1080,1080p,2026-02-06T00:10:02.260Z,16.629917,120.758906,2433.0,12.0,3.0,1.0,7,32,54,Atok,Paoay,,"cabbage,custom_chinese_cabbage",17.0,51.0,,TECNO_TECNO_CM8_2703FE,field,agricapture_data.csv,Atok
73c5854b,84,1,5,images/atok/paoay/no_farm/mixed_crops/atok_paoay_20260206_001335_73c5854b.jpg,1920,1080,1080p,2026-02-06T00:13:36.743Z,16.629675,120.758576,2436.0,12.0,3.0,1.0,43,1,129,Atok,Paoay,,"cabbage,custom_chinese_cabbage",17.0,51.0,,TECNO_TECNO_CM8_2703FE,field,agricapture_data.csv,Atok
0ee3c852,84,2,5,images/atok/paoay/no_farm/mixed_crops/atok_paoay_20260206_001347_0ee3c852.jpg,1920,1080,1080p,2026-02-06T00:13:47.724Z,16.629675,120.758576,2436.0,12.0,3.0,1.0,19,3,128,Atok,Paoay,,"cabbage,custom_chinese_cabbage",17.0,51.0,,TECNO_TECNO_CM8_2703FE,field,agricapture_data.csv,Atok
316e2164,84,3,5,images/atok/paoay/no_farm/mixed_crops/atok_paoay_20260206_001359_316e2164.jpg,1920,1080,1080p,2026-02-06T00:13:59.816Z,16.629675,120.758576,2436.0,12.0,3.0,1.0,3,5,130,Atok,Paoay,,"cabbage,custom_chinese_cabbage",17.0,51.0,,TECNO_TECNO_CM8_2703FE,field,agricapture_data.csv,Atok
34005069,84,4,5,images/atok/paoay/no_farm/mixed_crops/atok_paoay_20260206_001412_34005069.jpg,1920,1080,1080p,2026-02-06T00:14:12.821Z,16.629675,120.758576,2436.0,12.0,3.0,1.0,19,40,136,Atok,Paoay,,"cabbage,custom_chinese_cabbage",17.0,51.0,,TECNO_TECNO_CM8_2703FE,field,agricapture_data.csv,Atok
b397aaa8,84,5,5,images/atok/paoay/no_farm/mixed_crops/atok_paoay_20260206_001428_b397aaa8.jpg,1920,1080,1080p,2026-02-06T00:14:29.362Z,16.629675,120.758576,2436.0,12.0,3.0,1.0,34,0,160,Atok,Paoay,,"cabbage,custom_chinese_cabbage",17.0,51.0,,TECNO_TECNO_CM8_2703FE,field,agricapture_data.csv,Atok
ca6df197,88,1,5,images/atok/paoay/no_farm/mixed_crops/atok_paoay_20260206_001600_ca6df197.jpg,1920,1080,1080p,2026-02-06T00:16:01.370Z,16.629668,120.758679,2440.0,13.0,3.0,1.0,16,-15,280,Atok,Paoay,,"cabbage,custom_chinese_cabbage",17.0,51.0,,TECNO_TECNO_CM8_2703FE,field,agricapture_data.csv,Atok
35c52428,88,2,5,images/atok/paoay/no_farm/mixed_crops/atok_paoay_20260206_001608_35c52428.jpg,1920,1080,1080p,2026-02-06T00:16:09.607Z,16.629668,120.758679,2440.0,13.0,3.0,1.0,-36,-11,326,Atok,Paoay,,"cabbage,custom_chinese_cabbage",17.0,51.0,,TECNO_TECNO_CM8_2703FE,field,agricapture_data.csv,Atok
783aaf4f,88,3,5,images/atok/paoay/no_farm/mixed_crops/atok_paoay_20260206_001614_783aaf4f.jpg,1920,1080,1080p,2026-02-06T00:16:14.890Z,16.629668,120.758679,2440.0,13.0,3.0,1.0,-50,1,343,Atok,Paoay,,"cabbage,custom_chinese_cabbage",17.0,51.0,,TECNO_TECNO_CM8_2703FE,field,agricapture_data.csv,Atok
f82cc7b8,88,4,5,images/atok/paoay/no_farm/mixed_crops/atok_paoay_20260206_001619_f82cc7b8.jpg,1920,1080,1080p,2026-02-06T00:16:20.142Z,16.629668,120.758679,2440.0,13.0,3.0,1.0,-14,-46,318,Atok,Paoay,,"cabbage,custom_chinese_cabbage",17.0,51.0,,TECNO_TECNO_CM8_2703FE,field,agricapture_data.csv,Atok
fb68c534,88,5,5,images/atok/paoay/no_farm/mixed_crops/atok_paoay_20260206_001625_fb68c534.jpg,1920,1080,1080p,2026-02-06T00:16:26.185Z,16.629668,120.758679,2440.0,13.0,3.0,1.0,-16,-30,341,Atok,Paoay,,"cabbage,custom_chinese_cabbage",17.0,51.0,,TECNO_TECNO_CM8_2703FE,field,agricapture_data.csv,Atok
6bf82def,89,1,5,images/atok/paoay/no_farm/mixed_crops/atok_paoay_20260206_001746_6bf82def.jpg,1920,1080,1080p,2026-02-06T00:17:46.712Z,16.629677,120.758755,2431.0,15.0,3.9,1.0,34,0,64,Atok,Paoay,,"cabbage,custom_chinese_cabbage",17.0,51.0,,TECNO_TECNO_CM8_2703FE,field,agricapture_data.csv,Atok
20d74583,89,2,5,images/atok/paoay/no_farm/mixed_crops/atok_paoay_20260206_001751_20d74583.jpg,1920,1080,1080p,2026-02-06T00:17:51.877Z,16.629692,120.758768,2432.0,12.0,3.0,1.0,25,8,66,Atok,Paoay,,"cabbage,custom_chinese_cabbage",17.0,51.0,,TECNO_TECNO_CM8_2703FE,field,agricapture_data.csv,Atok
707ab5b0,89,3,5,images/atok/paoay/no_farm/mixed_crops/atok_paoay_20260206_001756_707ab5b0.jpg,1920,1080,1080p,2026-02-06T00:17:57.634Z,16.629692,120.758768,2432.0,12.0,3.0,1.0,24,-19,169,Atok,Paoay,,"cabbage,custom_chinese_cabbage",17.0,51.0,,TECNO_TECNO_CM8_2703FE,field,agricapture_data.csv,Atok
a029f7ab,89,4,5,images/atok/paoay/no_farm/mixed_crops/atok_paoay_20260206_001806_a029f7ab.jpg,1920,1080,1080p,2026-02-06T00:18:07.129Z,16.629692,120.758768,2432.0,12.0,3.0,1.0,-8,-26,204,Atok,Paoay,,"cabbage,custom_chinese_cabbage",17.0,51.0,,TECNO_TECNO_CM8_2703FE,field,agricapture_data.csv,Atok
8b97961b,89,5,5,images/atok/paoay/no_farm/mixed_crops/atok_paoay_20260206_001811_8b97961b.jpg,1920,1080,1080p,2026-02-06T00:18:12.227Z,16.629692,120.758768,2432.0,12.0,3.0,1.0,8,-38,182,Atok,Paoay,,"cabbage,custom_chinese_cabbage",17.0,51.0,,TECNO_TECNO_CM8_2703FE,field,agricapture_data.csv,Atok
a49477b8,90,1,5,images/atok/paoay/no_farm/mixed_crops/atok_paoay_20260206_002103_a49477b8.jpg,1920,1080,1080p,2026-02-06T00:21:03.367Z,16.629694,120.758801,2436.0,17.0,3.4,1.0,39,-4,260,Atok,Paoay,,"cabbage,custom_chinese_cabbage",17.0,51.0,,TECNO_TECNO_CM8_2703FE,field,agricapture_data.csv,Atok
fe474abf,90,2,5,images/atok/paoay/no_farm/mixed_crops/atok_paoay_20260206_002109_fe474abf.jpg,1920,1080,1080p,2026-02-06T00:21:09.585Z,16.629673,120.758798,2436.0,14.0,18.1,1.0,11,-3,258,Atok,Paoay,,"cabbage,custom_chinese_cabbage",17.0,51.0,,TECNO_TECNO_CM8_2703FE,field,agricapture_data.csv,Atok
36721ded,90,3,5,images/atok/paoay/no_farm/mixed_crops/atok_paoay_20260206_002117_36721ded.jpg,1920,1080,1080p,2026-02-06T00:21:18.532Z,16.629673,120.758798,2436.0,14.0,18.1,1.0,40,1,103,Atok,Paoay,,"cabbage,custom_chinese_cabbage",17.0,51.0,,TECNO_TECNO_CM8_2703FE,field,agricapture_data.csv,Atok
5c189753,90,4,5,images/atok/paoay/no_farm/mixed_crops/atok_paoay_20260206_002124_5c189753.jpg,1920,1080,1080p,2026-02-06T00:21:24.652Z,16.629673,120.758798,2436.0,14.0,18.1,1.0,36,-3,125,Atok,Paoay,,"cabbage,custom_chinese_cabbage",17.0,51.0,,TECNO_TECNO_CM8_2703FE,field,agricapture_data.csv,Atok
a8d580c7,90,5,5,images/atok/paoay/no_farm/mixed_crops/atok_paoay_20260206_002135_a8d580c7.jpg,1920,1080,1080p,2026-02-06T00:21:36.310Z,16.629673,120.758798,2436.0,14.0,18.1,1.0,27,-6,11,Atok,Paoay,,"cabbage,custom_chinese_cabbage",17.0,51.0,,TECNO_TECNO_CM8_2703FE,field,agricapture_data.csv,Atok
794e4c26,91,1,5,images/atok/paoay/no_farm/mixed_crops/atok_paoay_20260206_002823_794e4c26.jpg,1920,1080,1080p,2026-02-06T00:28:24.226Z,16.630202,120.759012,2422.0,46.0,2.0,1.0,25,-1,241,Atok,Paoay,,"cabbage,custom_chinese_cabbage",,,,TECNO_TECNO_CM8_2703FE,field,agricapture_data.csv,Atok
c05d97ef,91,2,5,images/atok/paoay/no_farm/mixed_crops/atok_paoay_20260206_002829_c05d97ef.jpg,1920,1080,1080p,2026-02-06T00:28:30.270Z,16.630197,120.75903,2422.0,24.0,2.0,1.0,41,0,252,Atok,Paoay,,"cabbage,custom_chinese_cabbage",,,,TECNO_TECNO_CM8_2703FE,field,agricapture_data.csv,Atok
c969be88,91,3,5,images/atok/paoay/no_farm/mixed_crops/atok_paoay_20260206_002834_c969be88.jpg,1920,1080,1080p,2026-02-06T00:28:34.626Z,16.630197,120.75903,2422.0,24.0,2.0,1.0,22,-21,249,Atok,Paoay,,"cabbage,custom_chinese_cabbage",17.0,51.0,,TECNO_TECNO_CM8_2703FE,field,agricapture_data.csv,Atok
e84fcdbc,91,4,5,images/atok/paoay/no_farm/mixed_crops/atok_paoay_20260206_002842_e84fcdbc.jpg,1920,1080,1080p,2026-02-06T00:28:42.490Z,16.63018,120.759007,2422.0,21.0,1.9,1.0,33,-4,47,Atok,Paoay,,"cabbage,custom_chinese_cabbage",17.0,51.0,,TECNO_TECNO_CM8_2703FE,field,agricapture_data.csv,Atok
6b7f8b50,91,5,5,images/atok/paoay/no_farm/mixed_crops/atok_paoay_20260206_002847_6b7f8b50.jpg,1920,1080,1080p,2026-02-06T00:28:47.974Z,16.630208,120.759027,2421.0,17.0,1.6,1.0,48,-6,46,Atok,Paoay,,"cabbage,custom_chinese_cabbage",17.0,51.0,,TECNO_TECNO_CM8_2703FE,field,agricapture_data.csv,Atok
b78157dd,93,1,5,images/atok/paoay/no_farm/mixed_crops/atok_paoay_20260206_003011_b78157dd.jpg,1920,1080,1080p,2026-02-06T00:30:12.521Z,16.6303,120.759013,2422.0,34.0,4.2,1.0,43,-1,115,Atok,Paoay,,"cabbage,custom_chinese_cabbage",17.0,51.0,,TECNO_TECNO_CM8_2703FE,field,agricapture_data.csv,Atok
4c8bf96a,93,2,5,images/atok/paoay/no_farm/mixed_crops/atok_paoay_20260206_003016_4c8bf96a.jpg,1920,1080,1080p,2026-02-06T00:30:16.567Z,16.630308,120.758987,2417.0,17.0,5.8,1.0,45,1,142,Atok,Paoay,,"cabbage,custom_chinese_cabbage",18.7,45.0,,TECNO_TECNO_CM8_2703FE,field,agricapture_data.csv,Atok
35f05eeb,93,3,5,images/atok/paoay/no_farm/mixed_crops/atok_paoay_20260206_003021_35f05eeb.jpg,1920,1080,1080p,2026-02-06T00:30:21.558Z,16.630308,120.758987,2417.0,17.0,5.8,1.0,46,-6,90,Atok,Paoay,,"cabbage,custom_chinese_cabbage",18.7,45.0,,TECNO_TECNO_CM8_2703FE,field,agricapture_data.csv,Atok
c0d02fc9,93,4,5,images/atok/paoay/no_farm/mixed_crops/atok_paoay_20260206_003025_c0d02fc9.jpg,1920,1080,1080p,2026-02-06T00:30:25.964Z,16.630308,120.758987,2417.0,17.0,5.8,1.0,8,3,95,Atok,Paoay,,"cabbage,custom_chinese_cabbage",18.7,45.0,,TECNO_TECNO_CM8_2703FE,field,agricapture_data.csv,Atok
5a238577,93,5,5,images/atok/paoay/no_farm/mixed_crops/atok_paoay_20260206_003048_5a238577.jpg,1920,1080,1080p,2026-02-06T00:30:49.190Z,16.630312,120.758967,2420.0,13.0,1.5,1.0,76,47,62,Atok,Paoay,,"cabbage,custom_chinese_cabbage",18.7,45.0,,TECNO_TECNO_CM8_2703FE,field,agricapture_data.csv,Atok
1cc47a2a,96,1,5,images/atok/paoay/no_farm/mixed_crops/atok_paoay_20260206_003200_1cc47a2a.jpg,1920,1080,1080p,2026-02-06T00:32:00.817Z,16.630338,120.758788,2421.0,18.0,3.5,1.0,41,-1,265,Atok,Paoay,,"cabbage,custom_chinese_cabbage",18.7,45.0,,TECNO_TECNO_CM8_2703FE,field,agricapture_data.csv,Atok
4b51ef8a,96,2,5,images/atok/paoay/no_farm/mixed_crops/atok_paoay_20260206_003213_4b51ef8a.jpg,1920,1080,1080p,2026-02-06T00:32:13.833Z,16.63035,120.758815,2422.0,14.0,1.6,1.0,41,-17,244,Atok,Paoay,,"cabbage,custom_chinese_cabbage",18.7,45.0,,TECNO_TECNO_CM8_2703FE,field,agricapture_data.csv,Atok
c61bbee9,96,3,5,images/atok/paoay/no_farm/cabbage/atok_paoay_20260206_003231_c61bbee9.jpg,1920,1080,1080p,2026-02-06T00:32:32.025Z,16.63033,120.75881,2420.0,15.0,1.5,1.0,34,11,106,Atok,Paoay,,cabbage,18.7,45.0,,TECNO_TECNO_CM8_2703FE,field,agricapture_data.csv,Atok
4848d6a0,96,4,5,images/atok/paoay/no_farm/cabbage/atok_paoay_20260206_003235_4848d6a0.jpg,1920,1080,1080p,2026-02-06T00:32:36.495Z,16.63033,120.75881,2420.0,15.0,1.5,1.0,19,6,74,Atok,Paoay,,cabbage,18.7,45.0,,TECNO_TECNO_CM8_2703FE,field,agricapture_data.csv,Atok
baddcb43,96,5,5,images/atok/paoay/no_farm/cabbage/atok_paoay_20260206_003240_baddcb43.jpg,1920,1080,1080p,2026-02-06T00:32:41.119Z,16.63033,120.75881,2420.0,15.0,1.5,1.0,38,4,77,Atok,Paoay,,cabbage,18.7,45.0,,TECNO_TECNO_CM8_2703FE,field,agricapture_data.csv,Atok
94e1d618,99,1,5,images/atok/paoay/no_farm/cabbage/atok_paoay_20260206_003519_94e1d618.jpg,1920,1080,1080p,2026-02-06T00:35:19.656Z,16.630534,120.758829,2413.0,11.0,3.1,1.0,38,5,179,Atok,Paoay,,cabbage,18.7,45.0,,TECNO_TECNO_CM8_2703FE,field,agricapture_data.csv,Atok
b494b096,99,2,5,images/atok/paoay/no_farm/cabbage/atok_paoay_20260206_003523_b494b096.jpg,1920,1080,1080p,2026-02-06T00:35:24.232Z,16.630534,120.758829,2413.0,11.0,3.1,1.0,35,6,179,Atok,Paoay,,cabbage,18.7,45.0,,TECNO_TECNO_CM8_2703FE,field,agricapture_data.csv,Atok
bb079fec,99,3,5,images/atok/paoay/no_farm/cabbage/atok_paoay_20260206_003528_bb079fec.jpg,1920,1080,1080p,2026-02-06T00:35:28.694Z,16.630534,120.758829,2413.0,11.0,3.1,1.0,43,-3,199,Atok,Paoay,,cabbage,18.7,45.0,,TECNO_TECNO_CM8_2703FE,field,agricapture_data.csv,Atok
3d2fc631,99,4,5,images/atok/paoay/no_farm/cabbage/atok_paoay_20260206_003542_3d2fc631.jpg,1920,1080,1080p,2026-02-06T00:35:42.658Z,16.630534,120.758829,2413.0,11.0,3.1,1.0,40,5,13,Atok,Paoay,,cabbage,18.7,45.0,,TECNO_TECNO_CM8_2703FE,field,agricapture_data.csv,Atok
1f25e6a0,99,5,5,images/atok/paoay/no_farm/cabbage/atok_paoay_20260206_003551_1f25e6a0.jpg,1920,1080,1080p,2026-02-06T00:35:51.640Z,16.630534,120.758829,2413.0,11.0,3.1,1.0,33,-37,49,Atok,Paoay,,cabbage,18.7,45.0,,TECNO_TECNO_CM8_2703FE,field,agricapture_data.csv,Atok
9f7bba72,104,1,5,images/atok/paoay/no_farm/cabbage/atok_paoay_20260206_024041_9f7bba72.jpg,1920,1080,1080p,2026-02-06T02:40:41.575Z,16.631002,120.759422,2442.0,27.0,1.6,1.0,43,4,77,Atok,Paoay,,cabbage,16.6,30.0,,TECNO_TECNO_CM8_2703FE,field,agricapture_data.csv,Atok
b822d96b,104,2,5,images/atok/paoay/no_farm/cabbage/atok_paoay_20260206_024045_b822d96b.jpg,1920,1080,1080p,2026-02-06T02:40:45.390Z,16.631002,120.759422,2442.0,27.0,1.6,1.0,50,5,55,Atok,Paoay,,cabbage,16.6,30.0,,TECNO_TECNO_CM8_2703FE,field,agricapture_data.csv,Atok
c5c6c78b,104,3,5,images/atok/paoay/no_farm/cabbage/atok_paoay_20260206_024049_c5c6c78b.jpg,1920,1080,1080p,2026-02-06T02:40:50.201Z,16.631002,120.759422,2442.0,27.0,1.6,1.0,55,26,33,Atok,Paoay,,cabbage,16.6,30.0,,TECNO_TECNO_CM8_2703FE,field,agricapture_data.csv,Atok
8eab076f,104,4,5,images/atok/paoay/no_farm/cabbage/atok_paoay_20260206_024055_8eab076f.jpg,1920,1080,1080p,2026-02-06T02:40:56.136Z,16.631002,120.759422,2442.0,27.0,1.6,1.0,22,-17,158,Atok,Paoay,,cabbage,16.6,30.0,,TECNO_TECNO_CM8_2703FE,field,agricapture_data.csv,Atok
2919648b,104,5,5,images/atok/paoay/no_farm/cabbage/atok_paoay_20260206_024100_2919648b.jpg,1920,1080,1080p,2026-02-06T02:41:00.787Z,16.631002,120.759422,2442.0,27.0,1.6,1.0,55,-8,119,Atok,Paoay,,cabbage,16.6,30.0,,TECNO_TECNO_CM8_2703FE,field,agricapture_data.csv,Atok
9aabee06,105,1,5,images/atok/paoay/no_farm/cabbage/atok_paoay_20260206_024204_9aabee06.jpg,1920,1080,1080p,2026-02-06T02:42:04.940Z,16.631002,120.759422,2442.0,27.0,1.6,1.0,29,8,198,Atok,Paoay,,cabbage,16.6,30.0,,TECNO_TECNO_CM8_2703FE,field,agricapture_data.csv,Atok
7a3ecaed,105,2,5,images/atok/paoay/no_farm/cabbage/atok_paoay_20260206_024209_7a3ecaed.jpg,1920,1080,1080p,2026-02-06T02:42:09.848Z,16.631087,120.759445,2442.0,28.0,5.9,1.0,40,-8,164,Atok,Paoay,,cabbage,16.6,30.0,,TECNO_TECNO_CM8_2703FE,field,agricapture_data.csv,Atok
35ad87f5,105,3,5,images/atok/paoay/no_farm/cabbage/atok_paoay_20260206_024213_35ad87f5.jpg,1920,1080,1080p,2026-02-06T02:42:14.045Z,16.631082,120.759488,2442.0,29.0,4.2,1.0,27,-16,196,Atok,Paoay,,cabbage,16.6,30.0,,TECNO_TECNO_CM8_2703FE,field,agricapture_data.csv,Atok
a9151513,105,4,5,images/atok/paoay/no_farm/cabbage/atok_paoay_20260206_024217_a9151513.jpg,1920,1080,1080p,2026-02-06T02:42:18.658Z,16.631082,120.759488,2442.0,29.0,4.2,1.0,27,2,250,Atok,Paoay,,cabbage,16.6,30.0,,TECNO_TECNO_CM8_2703FE,field,agricapture_data.csv,Atok
39a10891,105,5,5,images/atok/paoay/no_farm/cabbage/atok_paoay_20260206_024222_39a10891.jpg,1920,1080,1080p,2026-02-06T02:42:23.206Z,16.631105,120.759487,2442.0,29.0,4.5,1.0,57,-40,215,Atok,Paoay,,cabbage,16.6,30.0,,TECNO_TECNO_CM8_2703FE,field,agricapture_data.csv,Atok
ba59eb68,108,1,5,images/atok/paoay/no_farm/cabbage/atok_paoay_20260206_024404_ba59eb68.jpg,1920,1080,1080p,2026-02-06T02:44:05.028Z,16.630857,120.759663,2442.0,30.0,2.7,1.0,27,0,346,Atok,Paoay,,cabbage,16.6,30.0,,TECNO_TECNO_CM8_2703FE,field,agricapture_data.csv,Atok
229003ed,108,2,5,images/atok/paoay/no_farm/cabbage/atok_paoay_20260206_024413_229003ed.jpg,1920,1080,1080p,2026-02-06T02:44:14.568Z,16.630853,120.759677,2442.0,30.0,3.4,1.0,-18,-16,24,Atok,Paoay,,cabbage,16.6,30.0,,TECNO_TECNO_CM8_2703FE,field,agricapture_data.csv,Atok
d57b9faa,108,3,5,images/atok/paoay/no_farm/cabbage/atok_paoay_20260206_024418_d57b9faa.jpg,1920,1080,1080p,2026-02-06T02:44:18.832Z,16.630851,120.759703,2442.0,30.0,3.3,1.0,-12,-9,15,Atok,Paoay,,cabbage,16.6,30.0,,TECNO_TECNO_CM8_2703FE,field,agricapture_data.csv,Atok
a03375ac,108,4,5,images/atok/paoay/no_farm/cabbage/atok_paoay_20260206_024422_a03375ac.jpg,1920,1080,1080p,2026-02-06T02:44:22.964Z,16.630851,120.759703,2442.0,30.0,3.3,1.0,-12,-7,16,Atok,Paoay,,cabbage,16.6,30.0,,TECNO_TECNO_CM8_2703FE,field,agricapture_data.csv,Atok
2cb2224f,108,5,5,images/atok/paoay/no_farm/cabbage/atok_paoay_20260206_024435_2cb2224f.jpg,1920,1080,1080p,2026-02-06T02:44:36.310Z,16.630851,120.759703,2442.0,30.0,3.3,1.0,-15,-13,177,Atok,Paoay,,cabbage,16.6,30.0,,TECNO_TECNO_CM8_2703FE,field,agricapture_data.csv,Atok
0ec0e455,110,1,5,images/atok/paoay/no_farm/cabbage/atok_paoay_20260206_024824_0ec0e455.jpg,1920,1080,1080p,2026-02-06T02:48:25.567Z,16.631192,120.759656,2400.0,14.0,1.7,1.0,32,4,55,Atok,Paoay,,cabbage,16.6,30.0,,TECNO_TECNO_CM8_2703FE,field,agricapture_data.csv,Atok
f24f569a,110,2,5,images/atok/paoay/no_farm/cabbage/atok_paoay_20260206_024835_f24f569a.jpg,1920,1080,1080p,2026-02-06T02:48:36.319Z,16.631192,120.759656,2400.0,14.0,1.7,1.0,24,3,299,Atok,Paoay,,cabbage,16.6,30.0,,TECNO_TECNO_CM8_2703FE,field,agricapture_data.csv,Atok
7e9171eb,110,3,5,images/atok/paoay/no_farm/cabbage/atok_paoay_20260206_024844_7e9171eb.jpg,1920,1080,1080p,2026-02-06T02:48:45.357Z,16.631192,120.759656,2400.0,14.0,1.7,1.0,-5,3,212,Atok,Paoay,,cabbage,16.6,30.0,,TECNO_TECNO_CM8_2703FE,field,agricapture_data.csv,Atok
bd7281d0,110,4,5,images/atok/paoay/no_farm/cabbage/atok_paoay_20260206_024854_bd7281d0.jpg,1920,1080,1080p,2026-02-06T02:48:55.366Z,16.631192,120.759656,2400.0,14.0,1.7,1.0,-4,-9,218,Atok,Paoay,,cabbage,16.6,30.0,,TECNO_TECNO_CM8_2703FE,field,agricapture_data.csv,Atok
66ab84ad,110,5,5,images/atok/paoay/no_farm/cabbage/atok_paoay_20260206_024916_66ab84ad.jpg,1920,1080,1080p,2026-02-06T02:49:17.099Z,16.631175,120.759663,2402.0,12.0,3.0,1.0,21,30,107,Atok,Paoay,,cabbage,16.6,30.0,,TECNO_TECNO_CM8_2703FE,field,agricapture_data.csv,Atok
ebfb6a77,115,1,5,images/atok/paoay/no_farm/carrot/atok_paoay_20260206_025555_ebfb6a77.jpg,1920,1080,1080p,2026-02-06T02:55:56.348Z,16.631081,120.759998,2406.0,16.0,2.0,1.0,30,4,208,Atok,Paoay,,carrot,16.6,30.0,,TECNO_TECNO_CM8_2703FE,field,agricapture_data.csv,Atok
b7036234,115,2,5,images/atok/paoay/no_farm/carrot/atok_paoay_20260206_025559_b7036234.jpg,1920,1080,1080p,2026-02-06T02:56:00.672Z,16.631081,120.759998,2406.0,16.0,2.0,1.0,30,4,216,Atok,Paoay,,carrot,16.6,30.0,,TECNO_TECNO_CM8_2703FE,field,agricapture_data.csv,Atok
0fc20c21,115,3,5,images/atok/paoay/no_farm/carrot/atok_paoay_20260206_025604_0fc20c21.jpg,1920,1080,1080p,2026-02-06T02:56:04.790Z,16.631112,120.759991,2409.0,15.0,2.0,1.0,33,5,244,Atok,Paoay,,carrot,16.6,30.0,,TECNO_TECNO_CM8_2703FE,field,agricapture_data.csv,Atok
c6d6b60f,115,4,5,images/atok/paoay/no_farm/carrot/atok_paoay_20260206_025609_c6d6b60f.jpg,1920,1080,1080p,2026-02-06T02:56:10.040Z,16.631112,120.759991,2409.0,15.0,2.0,1.0,15,-12,219,Atok,Paoay,,carrot,16.6,30.0,,TECNO_TECNO_CM8_2703FE,field,agricapture_data.csv,Atok
6818c550,115,5,5,images/atok/paoay/no_farm/carrot/atok_paoay_20260206_025615_6818c550.jpg,1920,1080,1080p,2026-02-06T02:56:15.916Z,16.631112,120.759991,2409.0,15.0,2.0,1.0,44,-41,227,Atok,Paoay,,carrot,16.6,30.0,,TECNO_TECNO_CM8_2703FE,field,agricapture_data.csv,Atok
339353ba,120,1,5,images/atok/paoay/no_farm/carrot/atok_paoay_20260206_030026_339353ba.jpg,1920,1080,1080p,2026-02-06T03:00:27.361Z,16.630937,120.760032,2413.0,15.0,2.2,1.0,40,-11,35,Atok,Paoay,,carrot,16.6,30.0,,TECNO_TECNO_CM8_2703FE,field,agricapture_data.csv,Atok
cd7e42bb,120,2,5,images/atok/paoay/no_farm/carrot/atok_paoay_20260206_030035_cd7e42bb.jpg,1920,1080,1080p,2026-02-06T03:00:35.834Z,16.630918,120.760046,2409.0,15.0,3.0,1.0,15,-40,3,Atok,Paoay,,carrot,16.6,30.0,,TECNO_TECNO_CM8_2703FE,field,agricapture_data.csv,Atok
f67d2f26,120,3,5,images/atok/paoay/no_farm/carrot/atok_paoay_20260206_030041_f67d2f26.jpg,1920,1080,1080p,2026-02-06T03:00:42.246Z,16.630842,120.760104,2408.0,16.0,3.9,1.0,7,-32,2,Atok,Paoay,,carrot,16.6,30.0,,TECNO_TECNO_CM8_2703FE,field,agricapture_data.csv,Atok
ff1ccd24,120,4,5,images/atok/paoay/no_farm/carrot/atok_paoay_20260206_030049_ff1ccd24.jpg,1920,1080,1080p,2026-02-06T03:00:49.839Z,16.630842,120.760104,2408.0,16.0,3.9,1.0,46,-42,314,Atok,Paoay,,carrot,16.6,30.0,,TECNO_TECNO_CM8_2703FE,field,agricapture_data.csv,Atok
1976dd8f,120,5,5,images/atok/paoay/no_farm/carrot/atok_paoay_20260206_030054_1976dd8f.jpg,1920,1080,1080p,2026-02-06T03:00:54.909Z,16.630842,120.760104,2408.0,16.0,3.9,1.0,-9,-6,298,Atok,Paoay,,carrot,16.6,30.0,,TECNO_TECNO_CM8_2703FE,field,agricapture_data.csv,Atok
1d9c72ff,127,1,5,images/atok/paoay/no_farm/carrot/atok_paoay_20260206_031256_1d9c72ff.jpg,1920,1080,1080p,2026-02-06T03:12:57.270Z,16.631286,120.759931,2394.0,20.0,2.4,1.0,37,-14,330,Atok,Paoay,,carrot,16.4,32.0,,TECNO_TECNO_CM8_2703FE,field,agricapture_data.csv,Atok
747c113f,127,2,5,images/atok/paoay/no_farm/carrot/atok_paoay_20260206_031303_747c113f.jpg,1920,1080,1080p,2026-02-06T03:13:04.018Z,16.631283,120.759951,2395.0,22.0,1.8,1.0,25,-28,5,Atok,Paoay,,carrot,16.4,32.0,,TECNO_TECNO_CM8_2703FE,field,agricapture_data.csv,Atok
bf4277b9,127,3,5,images/atok/paoay/no_farm/carrot/atok_paoay_20260206_031308_bf4277b9.jpg,1920,1080,1080p,2026-02-06T03:13:09.266Z,16.631283,120.759951,2395.0,22.0,1.8,1.0,24,0,352,Atok,Paoay,,carrot,16.4,32.0,,TECNO_TECNO_CM8_2703FE,field,agricapture_data.csv,Atok
9941aa25,127,4,5,images/atok/paoay/no_farm/carrot/atok_paoay_20260206_031313_9941aa25.jpg,1920,1080,1080p,2026-02-06T03:13:13.970Z,16.631276,120.759932,2398.0,21.0,3.0,1.0,9,-2,358,Atok,Paoay,,carrot,16.4,32.0,,TECNO_TECNO_CM8_2703FE,field,agricapture_data.csv,Atok
6fc2020a,127,5,5,images/atok/paoay/no_farm/carrot/atok_paoay_20260206_031320_6fc2020a.jpg,1920,1080,1080p,2026-02-06T03:13:20.697Z,16.631276,120.759932,2398.0,21.0,3.0,1.0,-11,-16,245,Atok,Paoay,,carrot,16.4,32.0,,TECNO_TECNO_CM8_2703FE,field,agricapture_data.csv,Atok
8934e8b8,128,1,5,images/atok/paoay/no_farm/cabbage/atok_paoay_20260206_031609_8934e8b8.jpg,1920,1080,1080p,2026-02-06T03:16:09.778Z,16.631366,120.759971,2411.0,26.0,1.9,1.0,33,-12,296,Atok,Paoay,,cabbage,16.4,32.0,,TECNO_TECNO_CM8_2703FE,field,agricapture_data.csv,Atok
fcf9462c,128,2,5,images/atok/paoay/no_farm/cabbage/atok_paoay_20260206_031614_fcf9462c.jpg,1920,1080,1080p,2026-02-06T03:16:15.161Z,16.631366,120.759971,2411.0,26.0,1.9,1.0,26,-13,308,Atok,Paoay,,cabbage,16.4,32.0,,TECNO_TECNO_CM8_2703FE,field,agricapture_data.csv,Atok
eed5add3,128,3,5,images/atok/paoay/no_farm/cabbage/atok_paoay_20260206_031619_eed5add3.jpg,1920,1080,1080p,2026-02-06T03:16:19.787Z,16.631366,120.759971,2411.0,26.0,1.9,1.0,32,-8,304,Atok,Paoay,,cabbage,16.4,32.0,,TECNO_TECNO_CM8_2703FE,field,agricapture_data.csv,Atok
b63ddb6b,128,4,5,images/atok/paoay/no_farm/cabbage/atok_paoay_20260206_031637_b63ddb6b.jpg,1920,1080,1080p,2026-02-06T03:16:37.967Z,16.631366,120.759971,2411.0,26.0,1.9,1.0,5,0,300,Atok,Paoay,,cabbage,16.4,32.0,,TECNO_TECNO_CM8_2703FE,field,agricapture_data.csv,Atok
3b8e34d6,128,5,5,images/atok/paoay/no_farm/cabbage/atok_paoay_20260206_031651_3b8e34d6.jpg,1920,1080,1080p,2026-02-06T03:16:51.780Z,16.631366,120.759971,2411.0,26.0,1.9,1.0,40,-129,343,Atok,Paoay,,cabbage,16.4,32.0,,TECNO_TECNO_CM8_2703FE,field,agricapture_data.csv,Atok
26bd446b,132,1,5,images/atok/paoay/no_farm/potato/atok_paoay_20260206_032506_26bd446b.jpg,1920,1080,1080p,2026-02-06T03:25:06.963Z,16.63121,120.760488,2421.0,19.0,3.0,1.0,40,7,149,Atok,Paoay,,potato,16.7,30.0,,TECNO_TECNO_CM8_2703FE,field,agricapture_data.csv,Atok
ad22d969,132,2,5,images/atok/paoay/no_farm/potato/atok_paoay_20260206_032511_ad22d969.jpg,1920,1080,1080p,2026-02-06T03:25:12.159Z,16.63121,120.760488,2421.0,19.0,3.0,1.0,34,16,162,Atok,Paoay,,potato,16.7,30.0,,TECNO_TECNO_CM8_2703FE,field,agricapture_data.csv,Atok
cb586c14,132,3,5,images/atok/paoay/no_farm/potato/atok_paoay_20260206_032524_cb586c14.jpg,1920,1080,1080p,2026-02-06T03:25:24.653Z,16.63121,120.760488,2421.0,19.0,3.0,1.0,45,-7,182,Atok,Paoay,,potato,16.7,30.0,,TECNO_TECNO_CM8_2703FE,field,agricapture_data.csv,Atok
28e74afd,132,4,5,images/atok/paoay/no_farm/potato/atok_paoay_20260206_032546_28e74afd.jpg,1920,1080,1080p,2026-02-06T03:25:47.444Z,16.63121,120.760488,2421.0,19.0,3.0,1.0,11,-15,201,Atok,Paoay,,potato,16.7,30.0,,TECNO_TECNO_CM8_2703FE,field,agricapture_data.csv,Atok
6b3b8a8f,132,5,5,images/atok/paoay/no_farm/potato/atok_paoay_20260206_032554_6b3b8a8f.jpg,1920,1080,1080p,2026-02-06T03:25:55.358Z,16.63121,120.760488,2421.0,19.0,3.0,1.0,24,5,134,Atok,Paoay,,potato,16.7,30.0,,TECNO_TECNO_CM8_2703FE,field,agricapture_data.csv,Atok
e3736274,135,1,5,images/atok/paoay/no_farm/potato/atok_paoay_20260206_033007_e3736274.jpg,1920,1080,1080p,2026-02-06T03:30:08.652Z,16.631268,120.760492,2425.0,19.0,3.5,1.0,12,-8,213,Atok,Paoay,,potato,16.7,30.0,,TECNO_TECNO_CM8_2703FE,field,agricapture_data.csv,Atok
00d51712,135,2,5,images/atok/paoay/no_farm/potato/atok_paoay_20260206_033013_00d51712.jpg,1920,1080,1080p,2026-02-06T03:30:13.727Z,16.631268,120.760492,2425.0,19.0,3.5,1.0,36,5,194,Atok,Paoay,,potato,16.7,30.0,,TECNO_TECNO_CM8_2703FE,field,agricapture_data.csv,Atok
a36b7c4b,135,3,5,images/atok/paoay/no_farm/potato/atok_paoay_20260206_033022_a36b7c4b.jpg,1920,1080,1080p,2026-02-06T03:30:23.144Z,16.631255,120.760508,2424.0,18.0,3.0,1.0,39,26,174,Atok,Paoay,,potato,18.0,27.0,,TECNO_TECNO_CM8_2703FE,field,agricapture_data.csv,Atok
556f6d9e,135,4,5,images/atok/paoay/no_farm/potato/atok_paoay_20260206_033035_556f6d9e.jpg,1920,1080,1080p,2026-02-06T03:30:36.571Z,16.631249,120.760528,2424.0,16.0,3.0,1.0,23,-31,295,Atok,Paoay,,potato,18.0,27.0,,TECNO_TECNO_CM8_2703FE,field,agricapture_data.csv,Atok
142d1131,135,5,5,images/atok/paoay/no_farm/potato/atok_paoay_20260206_033044_142d1131.jpg,1920,1080,1080p,2026-02-06T03:30:44.580Z,16.631249,120.760528,2424.0,16.0,3.0,1.0,11,-18,309,Atok,Paoay,,potato,18.0,27.0,,TECNO_TECNO_CM8_2703FE,field,agricapture_data.csv,Atok
c13958fb,136,1,5,images/atok/paoay/no_farm/radish/atok_paoay_20260206_033344_c13958fb.jpg,1920,1080,1080p,2026-02-06T03:33:45.089Z,16.631114,120.760752,2432.0,16.0,1.5,1.0,43,-4,327,Atok,Paoay,,radish,16.7,30.0,,TECNO_TECNO_CM8_2703FE,field,agricapture_data.csv,Atok
5df818a4,136,2,5,images/atok/paoay/no_farm/radish/atok_paoay_20260206_033350_5df818a4.jpg,1920,1080,1080p,2026-02-06T03:33:50.995Z,16.631114,120.760752,2432.0,16.0,1.5,1.0,46,18,284,Atok,Paoay,,radish,16.7,30.0,,TECNO_TECNO_CM8_2703FE,field,agricapture_data.csv,Atok
dd1dc030,136,3,5,images/atok/paoay/no_farm/radish/atok_paoay_20260206_033359_dd1dc030.jpg,1920,1080,1080p,2026-02-06T03:33:59.430Z,16.631114,120.760752,2432.0,16.0,1.5,1.0,34,31,270,Atok,Paoay,,radish,16.7,30.0,,TECNO_TECNO_CM8_2703FE,field,agricapture_data.csv,Atok
52601554,136,4,5,images/atok/paoay/no_farm/radish/atok_paoay_20260206_033412_52601554.jpg,1920,1080,1080p,2026-02-06T03:34:13.036Z,16.631114,120.760752,2432.0,16.0,1.5,1.0,26,30,258,Atok,Paoay,,radish,16.7,30.0,,TECNO_TECNO_CM8_2703FE,field,agricapture_data.csv,Atok
c392a2d6,140,1,5,images/atok/paoay/no_farm/radish/atok_paoay_20260206_033604_c392a2d6.jpg,1920,1080,1080p,2026-02-06T03:36:04.576Z,16.630972,120.760806,2442.0,19.0,3.1,1.0,40,-30,255,Atok,Paoay,,radish,16.7,30.0,,TECNO_TECNO_CM8_2703FE,field,agricapture_data.csv,Atok
252ddca7,140,2,5,images/atok/paoay/no_farm/radish/atok_paoay_20260206_033609_252ddca7.jpg,1920,1080,1080p,2026-02-06T03:36:10.472Z,16.630972,120.760806,2442.0,19.0,3.1,1.0,35,11,213,Atok,Paoay,,radish,16.7,30.0,,TECNO_TECNO_CM8_2703FE,field,agricapture_data.csv,Atok
2d6936e7,140,3,5,images/atok/paoay/no_farm/radish/atok_paoay_20260206_033615_2d6936e7.jpg,1920,1080,1080p,2026-02-06T03:36:16.253Z,16.630972,120.760806,2442.0,19.0,3.1,1.0,26,9,218,Atok,Paoay,,radish,16.7,30.0,,TECNO_TECNO_CM8_2703FE,field,agricapture_data.csv,Atok
c9e8f79b,140,4,5,images/atok/paoay/no_farm/radish/atok_paoay_20260206_033621_c9e8f79b.jpg,1920,1080,1080p,2026-02-06T03:36:22.465Z,16.630972,120.760806,2442.0,19.0,3.1,1.0,38,8,210,Atok,Paoay,,radish,16.7,30.0,,TECNO_TECNO_CM8_2703FE,field,agricapture_data.csv,Atok
ef5038b7,142,1,5,images/atok/paoay/no_farm/radish/atok_paoay_20260206_033819_ef5038b7.jpg,1920,1080,1080p,2026-02-06T03:38:20.188Z,16.630913,120.760985,2442.0,10.0,3.0,1.0,20,-7,226,Atok,Paoay,,radish,16.7,30.0,,TECNO_TECNO_CM8_2703FE,field,agricapture_data.csv,Atok
34aeec45,142,2,5,images/atok/paoay/no_farm/radish/atok_paoay_20260206_033827_34aeec45.jpg,1920,1080,1080p,2026-02-06T03:38:27.783Z,16.630913,120.760985,2442.0,10.0,3.0,1.0,22,-7,229,Atok,Paoay,,radish,16.7,30.0,,TECNO_TECNO_CM8_2703FE,field,agricapture_data.csv,Atok
1dc48829,142,3,5,images/atok/paoay/no_farm/radish/atok_paoay_20260206_033841_1dc48829.jpg,1920,1080,1080p,2026-02-06T03:38:42.492Z,16.630913,120.760985,2442.0,10.0,3.0,1.0,32,0,89,Atok,Paoay,,radish,16.7,30.0,,TECNO_TECNO_CM8_2703FE,field,agricapture_data.csv,Atok
651ebff9,142,4,5,images/atok/paoay/no_farm/radish/atok_paoay_20260206_033912_651ebff9.jpg,1920,1080,1080p,2026-02-06T03:39:12.536Z,16.630912,120.760993,2442.0,23.0,1.8,1.0,36,9,79,Atok,Paoay,,radish,16.7,30.0,,TECNO_TECNO_CM8_2703FE,field,agricapture_data.csv,Atok
3e3aa728,142,5,5,images/atok/paoay/no_farm/radish/atok_paoay_20260206_033917_3e3aa728.jpg,1920,1080,1080p,2026-02-06T03:39:17.488Z,16.630931,120.760992,2442.0,24.0,1.6,1.0,36,19,74,Atok,Paoay,,radish,18.0,27.0,,TECNO_TECNO_CM8_2703FE,field,agricapture_data.csv,Atok
106579e3,146,1,5,images/atok/paoay/no_farm/cabbage/atok_paoay_20260206_041059_106579e3.jpg,1920,1080,1080p,2026-02-06T04:11:00.070Z,16.622839,120.757251,2426.0,11.0,4.3,1.0,-10,-49,28,Atok,Paoay,,cabbage,21.3,30.0,,TECNO_TECNO_CM8_2703FE,field,agricapture_data.csv,Atok
77c9bd46,146,2,5,images/atok/paoay/no_farm/cabbage/atok_paoay_20260206_041109_77c9bd46.jpg,1920,1080,1080p,2026-02-06T04:11:10.543Z,16.622857,120.757258,2426.0,11.0,3.0,1.0,12,-49,35,Atok,Paoay,,cabbage,21.3,30.0,,TECNO_TECNO_CM8_2703FE,field,agricapture_data.csv,Atok
266ef77c,146,3,5,images/atok/paoay/no_farm/cabbage/atok_paoay_20260206_041114_266ef77c.jpg,1920,1080,1080p,2026-02-06T04:11:15.011Z,16.622857,120.757258,2426.0,11.0,3.0,1.0,41,5,358,Atok,Paoay,,cabbage,21.3,30.0,,TECNO_TECNO_CM8_2703FE,field,agricapture_data.csv,Atok
57e28de4,146,4,5,images/atok/paoay/no_farm/cabbage/atok_paoay_20260206_041126_57e28de4.jpg,1920,1080,1080p,2026-02-06T04:11:26.709Z,16.622857,120.757258,2426.0,11.0,3.0,1.0,-6,-45,58,Atok,Paoay,,cabbage,21.3,30.0,,TECNO_TECNO_CM8_2703FE,field,agricapture_data.csv,Atok
f309ba5e,146,5,5,images/atok/paoay/no_farm/cabbage/atok_paoay_20260206_041134_f309ba5e.jpg,1920,1080,1080p,2026-02-06T04:11:34.689Z,16.622857,120.757258,2426.0,11.0,3.0,1.0,-4,-22,351,Atok,Paoay,,cabbage,21.3,30.0,,TECNO_TECNO_CM8_2703FE,field,agricapture_data.csv,Atok
9466a872,148,1,5,images/atok/paoay/no_farm/cabbage/atok_paoay_20260206_041346_9466a872.jpg,1920,1080,1080p,2026-02-06T04:13:47.096Z,16.622606,120.757407,2432.0,13.0,3.0,1.0,45,-7,86,Atok,Paoay,,cabbage,21.3,30.0,,TECNO_TECNO_CM8_2703FE,field,agricapture_data.csv,Atok
fead2560,148,2,5,images/atok/paoay/no_farm/cabbage/atok_paoay_20260206_041422_fead2560.jpg,1920,1080,1080p,2026-02-06T04:14:23.592Z,16.622655,120.757371,2432.0,12.0,2.7,1.0,28,-139,43,Atok,Paoay,,cabbage,21.3,30.0,,TECNO_TECNO_CM8_2703FE,field,agricapture_data.csv,Atok
1f4a54e5,148,3,5,images/atok/paoay/no_farm/cabbage/atok_paoay_20260206_041438_1f4a54e5.jpg,1920,1080,1080p,2026-02-06T04:14:38.611Z,16.622617,120.75737,2436.0,11.0,3.0,1.0,41,-7,309,Atok,Paoay,,cabbage,21.3,30.0,,TECNO_TECNO_CM8_2703FE,field,agricapture_data.csv,Atok
bfc436f5,148,4,5,images/atok/paoay/no_farm/cabbage/atok_paoay_20260206_041443_bfc436f5.jpg,1920,1080,1080p,2026-02-06T04:14:43.955Z,16.622617,120.75737,2436.0,11.0,3.0,1.0,33,-24,336,Atok,Paoay,,cabbage,21.3,30.0,,TECNO_TECNO_CM8_2703FE,field,agricapture_data.csv,Atok
d711c89a,148,5,5,images/atok/paoay/no_farm/cabbage/atok_paoay_20260206_041454_d711c89a.jpg,1920,1080,1080p,2026-02-06T04:14:55.251Z,16.622617,120.75737,2436.0,11.0,3.0,1.0,15,-6,310,Atok,Paoay,,cabbage,21.3,30.0,,TECNO_TECNO_CM8_2703FE,field,agricapture_data.csv,Atok
cd111602,152,1,5,images/atok/paoay/no_farm/cabbage/atok_paoay_20260206_041757_cd111602.jpg,1920,1080,1080p,2026-02-06T04:17:57.970Z,16.622926,120.757252,2432.0,8.0,3.9,1.0,5,-48,274,Atok,Paoay,,cabbage,21.3,30.0,,TECNO_TECNO_CM8_2703FE,field,agricapture_data.csv,Atok
7249c58c,152,2,5,images/atok/paoay/no_farm/cabbage/atok_paoay_20260206_041808_7249c58c.jpg,1920,1080,1080p,2026-02-06T04:18:08.360Z,16.622948,120.75721,2432.0,8.0,3.1,1.0,19,-43,270,Atok,Paoay,,cabbage,21.3,30.0,,TECNO_TECNO_CM8_2703FE,field,agricapture_data.csv,Atok
b5e22019,152,3,5,images/atok/paoay/no_farm/cabbage/atok_paoay_20260206_041812_b5e22019.jpg,1920,1080,1080p,2026-02-06T04:18:13.073Z,16.622948,120.75721,2432.0,8.0,3.1,1.0,26,-12,232,Atok,Paoay,,cabbage,21.3,30.0,,TECNO_TECNO_CM8_2703FE,field,agricapture_data.csv,Atok
ba407c96,152,4,5,images/atok/paoay/no_farm/cabbage/atok_paoay_20260206_041821_ba407c96.jpg,1920,1080,1080p,2026-02-06T04:18:22.412Z,16.62294,120.757193,2432.0,14.0,5.3,1.0,17,-21,250,Atok,Paoay,,cabbage,21.3,30.0,,TECNO_TECNO_CM8_2703FE,field,agricapture_data.csv,Atok
1c3f795b,152,5,5,images/atok/paoay/no_farm/cabbage/atok_paoay_20260206_041830_1c3f795b.jpg,1920,1080,1080p,2026-02-06T04:18:31.159Z,16.622912,120.757177,2426.0,17.0,8.9,1.0,32,-22,289,Atok,Paoay,,cabbage,21.3,30.0,,TECNO_TECNO_CM8_2703FE,field,agricapture_data.csv,Atok
308e5d2d,165,1,5,images/atok/paoay/no_farm/cabbage/atok_paoay_20260206_045257_308e5d2d.jpg,1920,1080,1080p,2026-02-06T04:52:58.117Z,16.622862,120.758331,2432.0,13.0,2.2,1.0,37,-14,233,Atok,Paoay,,cabbage,21.7,27.0,,TECNO_TECNO_CM8_2703FE,field,agricapture_data.csv,Atok
4a6e59f2,165,2,5,images/atok/paoay/no_farm/cabbage/atok_paoay_20260206_045301_4a6e59f2.jpg,1920,1080,1080p,2026-02-06T04:53:02.025Z,16.622954,120.758317,2422.0,35.0,4.6,1.0,29,6,210,Atok,Paoay,,cabbage,21.7,27.0,,TECNO_TECNO_CM8_2703FE,field,agricapture_data.csv,Atok
69b98559,165,3,5,images/atok/paoay/no_farm/cabbage/atok_paoay_20260206_045307_69b98559.jpg,1920,1080,1080p,2026-02-06T04:53:07.608Z,16.62304,120.75834,2422.0,8.0,2.8,1.0,41,-21,266,Atok,Paoay,,cabbage,21.7,27.0,,TECNO_TECNO_CM8_2703FE,field,agricapture_data.csv,Atok
de7a355b,165,4,5,images/atok/paoay/no_farm/cabbage/atok_paoay_20260206_045312_de7a355b.jpg,1920,1080,1080p,2026-02-06T04:53:12.846Z,16.62304,120.75834,2422.0,8.0,2.8,1.0,47,-13,229,Atok,Paoay,,cabbage,21.7,27.0,,TECNO_TECNO_CM8_2703FE,field,agricapture_data.csv,Atok
9c0f518a,165,5,5,images/atok/paoay/no_farm/cabbage/atok_paoay_20260206_045328_9c0f518a.jpg,1920,1080,1080p,2026-02-06T04:53:28.918Z,16.623007,120.75835,2422.0,31.0,3.0,1.0,6,-14,170,Atok,Paoay,,cabbage,21.7,27.0,,TECNO_TECNO_CM8_2703FE,field,agricapture_data.csv,Atok
ca14a19b,166,1,5,images/atok/paoay/no_farm/cabbage/atok_paoay_20260206_045543_ca14a19b.jpg,1920,1080,1080p,2026-02-06T04:55:44.292Z,16.623003,120.758223,2436.0,17.0,1.6,1.0,-6,-42,250,Atok,Paoay,,cabbage,21.7,27.0,,TECNO_TECNO_CM8_2703FE,field,agricapture_data.csv,Atok
71566258,166,2,5,images/atok/paoay/no_farm/cabbage/atok_paoay_20260206_045557_71566258.jpg,1920,1080,1080p,2026-02-06T04:55:57.791Z,16.622962,120.758218,2442.0,27.0,1.5,1.0,-15,-12,252,Atok,Paoay,,cabbage,21.7,27.0,,TECNO_TECNO_CM8_2703FE,field,agricapture_data.csv,Atok
39f8e121,166,3,5,images/atok/paoay/no_farm/cabbage/atok_paoay_20260206_045601_39f8e121.jpg,1920,1080,1080p,2026-02-06T04:56:01.672Z,16.622962,120.758218,2442.0,27.0,1.5,1.0,-8,-27,237,Atok,Paoay,,cabbage,21.7,27.0,,TECNO_TECNO_CM8_2703FE,field,agricapture_data.csv,Atok
4e078f51,166,4,5,images/atok/paoay/no_farm/cabbage/atok_paoay_20260206_045639_4e078f51.jpg,1920,1080,1080p,2026-02-06T04:56:40.324Z,16.622962,120.758218,2442.0,27.0,1.5,1.0,1,-58,26,Atok,Paoay,,cabbage,21.7,27.0,,TECNO_TECNO_CM8_2703FE,field,agricapture_data.csv,Atok
44b60c6f,166,5,5,images/atok/paoay/no_farm/cabbage/atok_paoay_20260206_045656_44b60c6f.jpg,1920,1080,1080p,2026-02-06T04:56:57.359Z,16.622962,120.758218,2442.0,27.0,1.5,1.0,36,33,248,Atok,Paoay,,cabbage,21.7,27.0,,TECNO_TECNO_CM8_2703FE,field,agricapture_data.csv,Atok
0e97491f,171,1,5,images/atok/paoay/no_farm/cabbage/atok_paoay_20260206_051346_0e97491f.jpg,1920,1080,1080p,2026-02-06T05:13:47.034Z,16.62386,120.757994,2410.0,21.0,3.1,1.0,31,2,240,Atok,Paoay,,cabbage,21.5,28.0,,TECNO_TECNO_CM8_2703FE,field,agricapture_data.csv,Atok
5d778c89,171,2,5,images/atok/paoay/no_farm/cabbage/atok_paoay_20260206_051351_5d778c89.jpg,1920,1080,1080p,2026-02-06T05:13:52.140Z,16.62386,120.757994,2410.0,21.0,3.1,1.0,33,15,193,Atok,Paoay,,cabbage,21.5,28.0,,TECNO_TECNO_CM8_2703FE,field,agricapture_data.csv,Atok
13229594,171,3,5,images/atok/paoay/no_farm/cabbage/atok_paoay_20260206_051402_13229594.jpg,1920,1080,1080p,2026-02-06T05:14:03.229Z,16.623889,120.758001,2399.0,19.0,3.6,1.0,25,9,194,Atok,Paoay,,cabbage,21.5,28.0,,TECNO_TECNO_CM8_2703FE,field,agricapture_data.csv,Atok
a6cce91e,171,4,5,images/atok/paoay/no_farm/cabbage/atok_paoay_20260206_051430_a6cce91e.jpg,1920,1080,1080p,2026-02-06T05:14:31.248Z,16.623889,120.758001,2399.0,19.0,3.6,1.0,35,16,213,Atok,Paoay,,cabbage,21.5,28.0,,TECNO_TECNO_CM8_2703FE,field,agricapture_data.csv,Atok
ce6a1687,171,5,5,images/atok/paoay/no_farm/cabbage/atok_paoay_20260206_051441_ce6a1687.jpg,1920,1080,1080p,2026-02-06T05:14:41.879Z,16.623889,120.758001,2399.0,19.0,3.6,1.0,14,-1,189,Atok,Paoay,,cabbage,21.5,28.0,,TECNO_TECNO_CM8_2703FE,field,agricapture_data.csv,Atok
6a768c9a,174,1,5,images/atok/paoay/no_farm/cabbage/atok_paoay_20260206_051523_6a768c9a.jpg,1920,1080,1080p,2026-02-06T05:15:23.819Z,16.623877,120.758175,2399.0,12.0,3.0,1.0,20,2,272,Atok,Paoay,,cabbage,21.5,28.0,,TECNO_TECNO_CM8_2703FE,field,agricapture_data.csv,Atok
bacc2486,174,2,5,images/atok/paoay/no_farm/cabbage/atok_paoay_20260206_051532_bacc2486.jpg,1920,1080,1080p,2026-02-06T05:15:32.759Z,16.623877,120.758175,2399.0,12.0,3.0,1.0,16,-52,277,Atok,Paoay,,cabbage,21.5,28.0,,TECNO_TECNO_CM8_2703FE,field,agricapture_data.csv,Atok
7fe62467,174,3,5,images/atok/paoay/no_farm/cabbage/atok_paoay_20260206_051537_7fe62467.jpg,1920,1080,1080p,2026-02-06T05:15:38.361Z,16.623877,120.758175,2399.0,12.0,3.0,1.0,8,-47,288,Atok,Paoay,,cabbage,21.5,28.0,,TECNO_TECNO_CM8_2703FE,field,agricapture_data.csv,Atok
05e0b585,174,4,5,images/atok/paoay/no_farm/cabbage/atok_paoay_20260206_051547_05e0b585.jpg,1920,1080,1080p,2026-02-06T05:15:48.250Z,16.623877,120.758175,2399.0,12.0,3.0,1.0,1,-23,174,Atok,Paoay,,cabbage,21.5,28.0,,TECNO_TECNO_CM8_2703FE,field,agricapture_data.csv,Atok
00987b57,174,5,5,images/atok/paoay/no_farm/cabbage/atok_paoay_20260206_051554_00987b57.jpg,1920,1080,1080p,2026-02-06T05:15:54.962Z,16.623877,120.758175,2399.0,12.0,3.0,1.0,16,-37,182,Atok,Paoay,,cabbage,21.5,28.0,,TECNO_TECNO_CM8_2703FE,field,agricapture_data.csv,Atok
839a13f9,172,1,5,images/atok/paoay/no_farm/cabbage/atok_paoay_20260206_051759_839a13f9.jpg,1920,1080,1080p,2026-02-06T05:18:00.644Z,16.62383,120.758376,2399.0,8.0,3.3,1.0,33,-9,133,Atok,Paoay,,cabbage,21.5,28.0,,TECNO_TECNO_CM8_2703FE,field,agricapture_data.csv,Atok
da418a3a,172,2,5,images/atok/paoay/no_farm/cabbage/atok_paoay_20260206_051805_da418a3a.jpg,1920,1080,1080p,2026-02-06T05:18:05.769Z,16.623865,120.758341,2399.0,8.0,3.0,1.0,25,-26,154,Atok,Paoay,,cabbage,21.5,28.0,,TECNO_TECNO_CM8_2703FE,field,agricapture_data.csv,Atok
de2fbb70,172,3,5,images/atok/paoay/no_farm/cabbage/atok_paoay_20260206_051810_de2fbb70.jpg,1920,1080,1080p,2026-02-06T05:18:11.257Z,16.623865,120.758341,2399.0,8.0,3.0,1.0,34,-14,136,Atok,Paoay,,cabbage,21.5,28.0,,TECNO_TECNO_CM8_2703FE,field,agricapture_data.csv,Atok
250bd6d7,172,4,5,images/atok/paoay/no_farm/cabbage/atok_paoay_20260206_051816_250bd6d7.jpg,1920,1080,1080p,2026-02-06T05:18:17.232Z,16.623848,120.758334,2399.0,10.0,3.0,1.0,39,-4,133,Atok,Paoay,,cabbage,21.5,28.0,,TECNO_TECNO_CM8_2703FE,field,agricapture_data.csv,Atok
c1c34fd9,172,5,5,images/atok/paoay/no_farm/cabbage/atok_paoay_20260206_051823_c1c34fd9.jpg,1920,1080,1080p,2026-02-06T05:18:23.731Z,16.623831,120.758318,2399.0,17.0,3.0,1.0,37,17,122,Atok,Paoay,,cabbage,21.5,28.0,,TECNO_TECNO_CM8_2703FE,field,agricapture_data.csv,Atok
c4a75c02,175,1,5,images/atok/paoay/no_farm/cabbage/atok_paoay_20260206_052037_c4a75c02.jpg,1920,1080,1080p,2026-02-06T05:20:37.855Z,16.62382,120.758106,2399.0,6.0,3.1,1.0,11,-44,108,Atok,Paoay,,cabbage,21.5,28.0,,TECNO_TECNO_CM8_2703FE,field,agricapture_data.csv,Atok
d349fa5d,175,2,5,images/atok/paoay/no_farm/cabbage/atok_paoay_20260206_052042_d349fa5d.jpg,1920,1080,1080p,2026-02-06T05:20:42.549Z,16.623831,120.758142,2399.0,6.0,3.1,1.0,-3,-23,137,Atok,Paoay,,cabbage,21.5,28.0,,TECNO_TECNO_CM8_2703FE,field,agricapture_data.csv,Atok
bab2f753,175,3,5,images/atok/paoay/no_farm/cabbage/atok_paoay_20260206_052057_bab2f753.jpg,1920,1080,1080p,2026-02-06T05:20:57.700Z,16.623814,120.758198,2421.0,8.0,3.0,1.0,37,-6,296,Atok,Paoay,,cabbage,21.5,28.0,,TECNO_TECNO_CM8_2703FE,field,agricapture_data.csv,Atok
1eb065a2,175,4,5,images/atok/paoay/no_farm/cabbage/atok_paoay_20260206_052108_1eb065a2.jpg,1920,1080,1080p,2026-02-06T05:21:08.530Z,16.623796,120.758208,2421.0,8.0,3.0,1.0,13,-21,328,Atok,Paoay,,cabbage,21.5,28.0,,TECNO_TECNO_CM8_2703FE,field,agricapture_data.csv,Atok
8c802ee5,175,5,5,images/atok/paoay/no_farm/cabbage/atok_paoay_20260206_052128_8c802ee5.jpg,1920,1080,1080p,2026-02-06T05:21:29.348Z,16.623778,120.75822,2421.0,8.0,3.0,1.0,-10,-18,293,Atok,Paoay,,cabbage,21.5,28.0,,TECNO_TECNO_CM8_2703FE,field,agricapture_data.csv,Atok
6defe3b3,183,1,5,images/atok/paoay/no_farm/cabbage/atok_paoay_20260206_052439_6defe3b3.jpg,1920,1080,1080p,2026-02-06T05:24:40.183Z,16.623702,120.757957,2421.0,10.0,2.0,1.0,33,-2,73,Atok,Paoay,,cabbage,21.6,27.0,,TECNO_TECNO_CM8_2703FE,field,agricapture_data.csv,Atok
13129b91,183,2,5,images/atok/paoay/no_farm/cabbage/atok_paoay_20260206_052452_13129b91.jpg,1920,1080,1080p,2026-02-06T05:24:53.281Z,16.6237,120.757944,2421.0,10.0,2.3,1.0,36,-3,81,Atok,Paoay,,cabbage,21.6,27.0,,TECNO_TECNO_CM8_2703FE,field,agricapture_data.csv,Atok
83323c56,183,3,5,images/atok/paoay/no_farm/cabbage/atok_paoay_20260206_052458_83323c56.jpg,1920,1080,1080p,2026-02-06T05:24:59.276Z,16.623722,120.75795,2421.0,12.0,2.7,1.0,28,-10,118,Atok,Paoay,,cabbage,21.6,27.0,,TECNO_TECNO_CM8_2703FE,field,agricapture_data.csv,Atok
c95fc84a,183,4,5,images/atok/paoay/no_farm/cabbage/atok_paoay_20260206_052509_c95fc84a.jpg,1920,1080,1080p,2026-02-06T05:25:10.330Z,16.62374,120.757945,2421.0,12.0,3.0,1.0,39,-4,359,Atok,Paoay,,cabbage,21.6,27.0,,TECNO_TECNO_CM8_2703FE,field,agricapture_data.csv,Atok
1e5553d1,183,5,5,images/atok/paoay/no_farm/cabbage/atok_paoay_20260206_052519_1e5553d1.jpg,1920,1080,1080p,2026-02-06T05:25:20.294Z,16.623729,120.75796,2421.0,13.0,3.0,1.0,27,-16,292,Atok,Paoay,,cabbage,21.6,27.0,,TECNO_TECNO_CM8_2703FE,field,agricapture_data.csv,Atok
de933859,184,1,5,images/atok/paoay/no_farm/cabbage/atok_paoay_20260206_052617_de933859.jpg,1920,1080,1080p,2026-02-06T05:26:18.480Z,16.623824,120.757932,2421.0,6.0,3.0,1.0,14,-58,125,Atok,Paoay,,cabbage,,,,TECNO_TECNO_CM8_2703FE,field,agricapture_data.csv,Atok
69073346,184,2,5,images/atok/paoay/no_farm/cabbage/atok_paoay_20260206_052623_69073346.jpg,1920,1080,1080p,2026-02-06T05:26:23.897Z,16.623824,120.757932,2421.0,6.0,3.0,1.0,5,-20,132,Atok,Paoay,,cabbage,21.6,27.0,,TECNO_TECNO_CM8_2703FE,field,agricapture_data.csv,Atok
c275d0a7,184,3,5,images/atok/paoay/no_farm/cabbage/atok_paoay_20260206_052640_c275d0a7.jpg,1920,1080,1080p,2026-02-06T05:26:40.898Z,16.62379,120.757931,2421.0,7.0,3.0,1.0,11,-45,256,Atok,Paoay,,cabbage,21.6,27.0,,TECNO_TECNO_CM8_2703FE,field,agricapture_data.csv,Atok
7d1c5d50,184,4,5,images/atok/paoay/no_farm/cabbage/atok_paoay_20260206_052652_7d1c5d50.jpg,1920,1080,1080p,2026-02-06T05:26:52.925Z,16.62379,120.757931,2421.0,7.0,3.0,1.0,17,-34,252,Atok,Paoay,,cabbage,21.6,27.0,,TECNO_TECNO_CM8_2703FE,field,agricapture_data.csv,Atok
bdf2c6f1,184,5,5,images/atok/paoay/no_farm/cabbage/atok_paoay_20260206_052703_bdf2c6f1.jpg,1920,1080,1080p,2026-02-06T05:27:03.761Z,16.62377,120.757951,2421.0,11.0,2.7,1.0,39,-4,179,Atok,Paoay,,cabbage,21.6,27.0,,TECNO_TECNO_CM8_2703FE,field,agricapture_data.csv,Atok
ed6fc014,1,1,5,images/atok/paoay/no_farm/cabbage/atok_paoay_20260213_020214_ed6fc014.jpg,1920,1080,1080p,2026-02-13T02:02:15.292Z,16.453517,120.590899,1358.0,6.0,3.4,1.0,3,-11,122,Atok,Paoay,,cabbage,19.7,70.0,,TECNO_TECNO_CM8_2703FE,field,agricapture_data.csv,Atok
a60e8ff8,1,2,5,images/atok/paoay/no_farm/cabbage/atok_paoay_20260213_020233_a60e8ff8.jpg,1920,1080,1080p,2026-02-13T02:02:33.710Z,16.453398,120.590812,1360.0,10.0,5.1,1.0,57,42,277,Atok,Paoay,,cabbage,19.7,70.0,,TECNO_TECNO_CM8_2703FE,field,agricapture_data.csv,Atok
368f12ab,1,3,5,images/atok/paoay/no_farm/cabbage/atok_paoay_20260213_020243_368f12ab.jpg,1920,1080,1080p,2026-02-13T02:02:43.826Z,16.453394,120.590862,1363.0,14.0,3.1,1.0,47,-4,295,Atok,Paoay,,cabbage,22.7,49.0,,TECNO_TECNO_CM8_2703FE,field,agricapture_data.csv,Atok
83a87945,1,4,5,images/atok/paoay/no_farm/cabbage/atok_paoay_20260213_020250_83a87945.jpg,1920,1080,1080p,2026-02-13T02:02:51.193Z,16.453396,120.590889,1360.0,17.0,3.2,1.0,59,1,357,Atok,Paoay,,cabbage,22.7,49.0,,TECNO_TECNO_CM8_2703FE,field,agricapture_data.csv,Atok
95a6baee,1,5,5,images/atok/paoay/no_farm/cabbage/atok_paoay_20260213_020324_95a6baee.jpg,1920,1080,1080p,2026-02-13T02:03:24.837Z,16.453399,120.590902,1358.0,3.0,3.0,1.0,45,4,340,Atok,Paoay,,cabbage,19.7,70.0,,TECNO_TECNO_CM8_2703FE,field,agricapture_data.csv,Atok
6bc77824,51,1,5,images/atok/paoay/no_farm/cabbage/atok_paoay_20260213_020641_6bc77824.jpg,1920,1080,1080p,2026-02-13T02:06:41.979Z,16.453375,120.590934,1360.0,3.0,6.8,1.0,39,-4,118,Atok,Paoay,,cabbage,19.7,69.0,,TECNO_TECNO_CM8_2703FE,field,agricapture_data.csv,Atok
42b6ed46,51,2,5,images/atok/paoay/no_farm/cabbage/atok_paoay_20260213_020655_42b6ed46.jpg,1920,1080,1080p,2026-02-13T02:06:55.579Z,16.453401,120.590871,1358.0,3.0,4.6,1.0,42,-43,180,Atok,Paoay,,cabbage,19.7,69.0,,TECNO_TECNO_CM8_2703FE,field,agricapture_data.csv,Atok
aa967836,51,3,5,images/atok/paoay/no_farm/cabbage/atok_paoay_20260213_020703_aa967836.jpg,1920,1080,1080p,2026-02-13T02:07:03.823Z,16.453419,120.590867,1358.0,3.0,4.2,1.0,42,2,305,Atok,Paoay,,cabbage,19.7,69.0,,TECNO_TECNO_CM8_2703FE,field,agricapture_data.csv,Atok
7abbb413,51,4,5,images/atok/paoay/no_farm/cabbage/atok_paoay_20260213_020712_7abbb413.jpg,1920,1080,1080p,2026-02-13T02:07:13.374Z,16.453427,120.590843,1360.0,5.0,3.0,1.0,51,15,307,Atok,Paoay,,cabbage,19.7,69.0,,TECNO_TECNO_CM8_2703FE,field,agricapture_data.csv,Atok
77dbbeda,51,5,5,images/atok/paoay/no_farm/cabbage/atok_paoay_20260213_020727_77dbbeda.jpg,1920,1080,1080p,2026-02-13T02:07:27.483Z,16.453427,120.590843,1360.0,5.0,3.0,1.0,10,-4,25,Atok,Paoay,,cabbage,19.7,69.0,,TECNO_TECNO_CM8_2703FE,field,agricapture_data.csv,Atok
67233c6f,52,1,5,images/atok/paoay/no_farm/cabbage/atok_paoay_20260213_020923_67233c6f.jpg,1920,1080,1080p,2026-02-13T02:09:23.799Z,16.453402,120.591229,1358.0,3.0,20.8,1.0,22,12,293,Atok,Paoay,,cabbage,19.7,69.0,,TECNO_TECNO_CM8_2703FE,field,agricapture_data.csv,Atok
758f733d,52,2,5,images/atok/paoay/no_farm/cabbage/atok_paoay_20260213_020929_758f733d.jpg,1920,1080,1080p,2026-02-13T02:09:29.536Z,16.453424,120.591048,1358.0,3.0,3.6,1.0,29,6,295,Atok,Paoay,,cabbage,19.7,69.0,,TECNO_TECNO_CM8_2703FE,field,agricapture_data.csv,Atok
cf2bca1e,52,3,5,images/atok/paoay/no_farm/cabbage/atok_paoay_20260213_020945_cf2bca1e.jpg,1920,1080,1080p,2026-02-13T02:09:45.829Z,16.453396,120.590983,1360.0,3.0,3.4,1.0,22,3,85,Atok,Paoay,,cabbage,19.7,69.0,,TECNO_TECNO_CM8_2703FE,field,agricapture_data.csv,Atok
f5153a2f,52,4,5,images/atok/paoay/no_farm/cabbage/atok_paoay_20260213_020953_f5153a2f.jpg,1920,1080,1080p,2026-02-13T02:09:53.562Z,16.453405,120.590944,1360.0,2.0,3.7,1.0,38,31,264,Atok,Paoay,,cabbage,19.7,69.0,,TECNO_TECNO_CM8_2703FE,field,agricapture_data.csv,Atok
b6e803cd,52,5,5,images/atok/paoay/no_farm/cabbage/atok_paoay_20260213_020959_b6e803cd.jpg,1920,1080,1080p,2026-02-13T02:09:59.779Z,16.453401,120.590921,1360.0,5.0,3.9,1.0,45,12,281,Atok,Paoay,,cabbage,19.7,69.0,,TECNO_TECNO_CM8_2703FE,field,agricapture_data.csv,Atok
cb266dec,53,1,5,images/atok/paoay/no_farm/cabbage/atok_paoay_20260213_021121_cb266dec.jpg,1920,1080,1080p,2026-02-13T02:11:22.156Z,16.453443,120.590377,1358.0,14.0,5.4,1.0,36,-12,337,Atok,Paoay,,cabbage,19.7,69.0,,TECNO_TECNO_CM8_2703FE,field,agricapture_data.csv,Atok
79610d58,53,2,5,images/atok/paoay/no_farm/cabbage/atok_paoay_20260213_021159_79610d58.jpg,1920,1080,1080p,2026-02-13T02:11:59.632Z,16.453441,120.590857,1360.0,3.0,3.2,1.0,48,7,86,Atok,Paoay,,cabbage,19.7,69.0,,TECNO_TECNO_CM8_2703FE,field,agricapture_data.csv,Atok
fc894f12,53,3,5,images/atok/paoay/no_farm/cabbage/atok_paoay_20260213_021210_fc894f12.jpg,1920,1080,1080p,2026-02-13T02:12:10.864Z,16.45343,120.590872,1360.0,4.0,3.0,1.0,3,-21,193,Atok,Paoay,,cabbage,19.7,69.0,,TECNO_TECNO_CM8_2703FE,field,agricapture_data.csv,Atok
5eb5fbbc,53,4,5,images/atok/paoay/no_farm/cabbage/atok_paoay_20260213_021220_5eb5fbbc.jpg,1920,1080,1080p,2026-02-13T02:12:20.782Z,16.45343,120.590872,1360.0,4.0,3.0,1.0,33,-26,165,Atok,Paoay,,cabbage,19.7,69.0,,TECNO_TECNO_CM8_2703FE,field,agricapture_data.csv,Atok
a6279151,53,5,5,images/atok/paoay/no_farm/cabbage/atok_paoay_20260213_021233_a6279151.jpg,1920,1080,1080p,2026-02-13T02:12:34.034Z,16.45343,120.590872,1360.0,4.0,3.0,1.0,4,-18,196,Atok,Paoay,,cabbage,19.7,69.0,,TECNO_TECNO_CM8_2703FE,field,agricapture_data.csv,Atok
9c5c81f7,54,1,5,images/atok/paoay/no_farm/cabbage/atok_paoay_20260213_021242_9c5c81f7.jpg,1920,1080,1080p,2026-02-13T02:12:43.200Z,16.45343,120.590872,1360.0,4.0,3.0,1.0,3,-28,187,Atok,Paoay,,cabbage,19.7,69.0,,TECNO_TECNO_CM8_2703FE,field,agricapture_data.csv,Atok
9f7bba72,104,1,5,images/atok/paoay/no_farm/cabbage/atok_paoay_20260206_024041_9f7bba72.jpg,1920,1080,1080p,2026-02-06T02:40:41.575Z,16.631002,120.759422,2442.0,27.0,1.6,1.0,43,4,77,Atok,Paoay,,cabbage,16.6,30.0,,TECNO_TECNO_CM8_2703FE,field,agricapture_collections.csv,atok-part2
b822d96b,104,2,5,images/atok/paoay/no_farm/cabbage/atok_paoay_20260206_024045_b822d96b.jpg,1920,1080,1080p,2026-02-06T02:40:45.390Z,16.631002,120.759422,2442.0,27.0,1.6,1.0,50,5,55,Atok,Paoay,,cabbage,16.6,30.0,,TECNO_TECNO_CM8_2703FE,field,agricapture_collections.csv,atok-part2
c5c6c78b,104,3,5,images/atok/paoay/no_farm/cabbage/atok_paoay_20260206_024049_c5c6c78b.jpg,1920,1080,1080p,2026-02-06T02:40:50.201Z,16.631002,120.759422,2442.0,27.0,1.6,1.0,55,26,33,Atok,Paoay,,cabbage,16.6,30.0,,TECNO_TECNO_CM8_2703FE,field,agricapture_collections.csv,atok-part2
8eab076f,104,4,5,images/atok/paoay/no_farm/cabbage/atok_paoay_20260206_024055_8eab076f.jpg,1920,1080,1080p,2026-02-06T02:40:56.136Z,16.631002,120.759422,2442.0,27.0,1.6,1.0,22,-17,158,Atok,Paoay,,cabbage,16.6,30.0,,TECNO_TECNO_CM8_2703FE,field,agricapture_collections.csv,atok-part2
2919648b,104,5,5,images/atok/paoay/no_farm/cabbage/atok_paoay_20260206_024100_2919648b.jpg,1920,1080,1080p,2026-02-06T02:41:00.787Z,16.631002,120.759422,2442.0,27.0,1.6,1.0,55,-8,119,Atok,Paoay,,cabbage,16.6,30.0,,TECNO_TECNO_CM8_2703FE,field,agricapture_collections.csv,atok-part2
9aabee06,105,1,5,images/atok/paoay/no_farm/cabbage/atok_paoay_20260206_024204_9aabee06.jpg,1920,1080,1080p,2026-02-06T02:42:04.940Z,16.631002,120.759422,2442.0,27.0,1.6,1.0,29,8,198,Atok,Paoay,,cabbage,16.6,30.0,,TECNO_TECNO_CM8_2703FE,field,agricapture_collections.csv,atok-part2
7a3ecaed,105,2,5,images/atok/paoay/no_farm/cabbage/atok_paoay_20260206_024209_7a3ecaed.jpg,1920,1080,1080p,2026-02-06T02:42:09.848Z,16.631087,120.759445,2442.0,28.0,5.9,1.0,40,-8,164,Atok,Paoay,,cabbage,16.6,30.0,,TECNO_TECNO_CM8_2703FE,field,agricapture_collections.csv,atok-part2
35ad87f5,105,3,5,images/atok/paoay/no_farm/cabbage/atok_paoay_20260206_024213_35ad87f5.jpg,1920,1080,1080p,2026-02-06T02:42:14.045Z,16.631082,120.759488,2442.0,29.0,4.2,1.0,27,-16,196,Atok,Paoay,,cabbage,16.6,30.0,,TECNO_TECNO_CM8_2703FE,field,agricapture_collections.csv,atok-part2
a9151513,105,4,5,images/atok/paoay/no_farm/cabbage/atok_paoay_20260206_024217_a9151513.jpg,1920,1080,1080p,2026-02-06T02:42:18.658Z,16.631082,120.759488,2442.0,29.0,4.2,1.0,27,2,250,Atok,Paoay,,cabbage,16.6,30.0,,TECNO_TECNO_CM8_2703FE,field,agricapture_collections.csv,atok-part2
39a10891,105,5,5,images/atok/paoay/no_farm/cabbage/atok_paoay_20260206_024222_39a10891.jpg,1920,1080,1080p,2026-02-06T02:42:23.206Z,16.631105,120.759487,2442.0,29.0,4.5,1.0,57,-40,215,Atok,Paoay,,cabbage,16.6,30.0,,TECNO_TECNO_CM8_2703FE,field,agricapture_collections.csv,atok-part2
ba59eb68,108,1,5,images/atok/paoay/no_farm/cabbage/atok_paoay_20260206_024404_ba59eb68.jpg,1920,1080,1080p,2026-02-06T02:44:05.028Z,16.630857,120.759663,2442.0,30.0,2.7,1.0,27,0,346,Atok,Paoay,,cabbage,16.6,30.0,,TECNO_TECNO_CM8_2703FE,field,agricapture_collections.csv,atok-part2
229003ed,108,2,5,images/atok/paoay/no_farm/cabbage/atok_paoay_20260206_024413_229003ed.jpg,1920,1080,1080p,2026-02-06T02:44:14.568Z,16.630853,120.759677,2442.0,30.0,3.4,1.0,-18,-16,24,Atok,Paoay,,cabbage,16.6,30.0,,TECNO_TECNO_CM8_2703FE,field,agricapture_collections.csv,atok-part2
d57b9faa,108,3,5,images/atok/paoay/no_farm/cabbage/atok_paoay_20260206_024418_d57b9faa.jpg,1920,1080,1080p,2026-02-06T02:44:18.832Z,16.630851,120.759703,2442.0,30.0,3.3,1.0,-12,-9,15,Atok,Paoay,,cabbage,16.6,30.0,,TECNO_TECNO_CM8_2703FE,field,agricapture_collections.csv,atok-part2
a03375ac,108,4,5,images/atok/paoay/no_farm/cabbage/atok_paoay_20260206_024422_a03375ac.jpg,1920,1080,1080p,2026-02-06T02:44:22.964Z,16.630851,120.759703,2442.0,30.0,3.3,1.0,-12,-7,16,Atok,Paoay,,cabbage,16.6,30.0,,TECNO_TECNO_CM8_2703FE,field,agricapture_collections.csv,atok-part2
2cb2224f,108,5,5,images/atok/paoay/no_farm/cabbage/atok_paoay_20260206_024435_2cb2224f.jpg,1920,1080,1080p,2026-02-06T02:44:36.310Z,16.630851,120.759703,2442.0,30.0,3.3,1.0,-15,-13,177,Atok,Paoay,,cabbage,16.6,30.0,,TECNO_TECNO_CM8_2703FE,field,agricapture_collections.csv,atok-part2
0ec0e455,110,1,5,images/atok/paoay/no_farm/cabbage/atok_paoay_20260206_024824_0ec0e455.jpg,1920,1080,1080p,2026-02-06T02:48:25.567Z,16.631192,120.759656,2400.0,14.0,1.7,1.0,32,4,55,Atok,Paoay,,cabbage,16.6,30.0,,TECNO_TECNO_CM8_2703FE,field,agricapture_collections.csv,atok-part2
f24f569a,110,2,5,images/atok/paoay/no_farm/cabbage/atok_paoay_20260206_024835_f24f569a.jpg,1920,1080,1080p,2026-02-06T02:48:36.319Z,16.631192,120.759656,2400.0,14.0,1.7,1.0,24,3,299,Atok,Paoay,,cabbage,16.6,30.0,,TECNO_TECNO_CM8_2703FE,field,agricapture_collections.csv,atok-part2
7e9171eb,110,3,5,images/atok/paoay/no_farm/cabbage/atok_paoay_20260206_024844_7e9171eb.jpg,1920,1080,1080p,2026-02-06T02:48:45.357Z,16.631192,120.759656,2400.0,14.0,1.7,1.0,-5,3,212,Atok,Paoay,,cabbage,16.6,30.0,,TECNO_TECNO_CM8_2703FE,field,agricapture_collections.csv,atok-part2
bd7281d0,110,4,5,images/atok/paoay/no_farm/cabbage/atok_paoay_20260206_024854_bd7281d0.jpg,1920,1080,1080p,2026-02-06T02:48:55.366Z,16.631192,120.759656,2400.0,14.0,1.7,1.0,-4,-9,218,Atok,Paoay,,cabbage,16.6,30.0,,TECNO_TECNO_CM8_2703FE,field,agricapture_collections.csv,atok-part2
66ab84ad,110,5,5,images/atok/paoay/no_farm/cabbage/atok_paoay_20260206_024916_66ab84ad.jpg,1920,1080,1080p,2026-02-06T02:49:17.099Z,16.631175,120.759663,2402.0,12.0,3.0,1.0,21,30,107,Atok,Paoay,,cabbage,16.6,30.0,,TECNO_TECNO_CM8_2703FE,field,agricapture_collections.csv,atok-part2
ebfb6a77,115,1,5,images/atok/paoay/no_farm/carrot/atok_paoay_20260206_025555_ebfb6a77.jpg,1920,1080,1080p,2026-02-06T02:55:56.348Z,16.631081,120.759998,2406.0,16.0,2.0,1.0,30,4,208,Atok,Paoay,,carrot,16.6,30.0,,TECNO_TECNO_CM8_2703FE,field,agricapture_collections.csv,atok-part2
b7036234,115,2,5,images/atok/paoay/no_farm/carrot/atok_paoay_20260206_025559_b7036234.jpg,1920,1080,1080p,2026-02-06T02:56:00.672Z,16.631081,120.759998,2406.0,16.0,2.0,1.0,30,4,216,Atok,Paoay,,carrot,16.6,30.0,,TECNO_TECNO_CM8_2703FE,field,agricapture_collections.csv,atok-part2
0fc20c21,115,3,5,images/atok/paoay/no_farm/carrot/atok_paoay_20260206_025604_0fc20c21.jpg,1920,1080,1080p,2026-02-06T02:56:04.790Z,16.631112,120.759991,2409.0,15.0,2.0,1.0,33,5,244,Atok,Paoay,,carrot,16.6,30.0,,TECNO_TECNO_CM8_2703FE,field,agricapture_collections.csv,atok-part2
c6d6b60f,115,4,5,images/atok/paoay/no_farm/carrot/atok_paoay_20260206_025609_c6d6b60f.jpg,1920,1080,1080p,2026-02-06T02:56:10.040Z,16.631112,120.759991,2409.0,15.0,2.0,1.0,15,-12,219,Atok,Paoay,,carrot,16.6,30.0,,TECNO_TECNO_CM8_2703FE,field,agricapture_collections.csv,atok-part2
6818c550,115,5,5,images/atok/paoay/no_farm/carrot/atok_paoay_20260206_025615_6818c550.jpg,1920,1080,1080p,2026-02-06T02:56:15.916Z,16.631112,120.759991,2409.0,15.0,2.0,1.0,44,-41,227,Atok,Paoay,,carrot,16.6,30.0,,TECNO_TECNO_CM8_2703FE,field,agricapture_collections.csv,atok-part2
339353ba,120,1,5,images/atok/paoay/no_farm/carrot/atok_paoay_20260206_030026_339353ba.jpg,1920,1080,1080p,2026-02-06T03:00:27.361Z,16.630937,120.760032,2413.0,15.0,2.2,1.0,40,-11,35,Atok,Paoay,,carrot,16.6,30.0,,TECNO_TECNO_CM8_2703FE,field,agricapture_collections.csv,atok-part2
cd7e42bb,120,2,5,images/atok/paoay/no_farm/carrot/atok_paoay_20260206_030035_cd7e42bb.jpg,1920,1080,1080p,2026-02-06T03:00:35.834Z,16.630918,120.760046,2409.0,15.0,3.0,1.0,15,-40,3,Atok,Paoay,,carrot,16.6,30.0,,TECNO_TECNO_CM8_2703FE,field,agricapture_collections.csv,atok-part2
f67d2f26,120,3,5,images/atok/paoay/no_farm/carrot/atok_paoay_20260206_030041_f67d2f26.jpg,1920,1080,1080p,2026-02-06T03:00:42.246Z,16.630842,120.760104,2408.0,16.0,3.9,1.0,7,-32,2,Atok,Paoay,,carrot,16.6,30.0,,TECNO_TECNO_CM8_2703FE,field,agricapture_collections.csv,atok-part2
ff1ccd24,120,4,5,images/atok/paoay/no_farm/carrot/atok_paoay_20260206_030049_ff1ccd24.jpg,1920,1080,1080p,2026-02-06T03:00:49.839Z,16.630842,120.760104,2408.0,16.0,3.9,1.0,46,-42,314,Atok,Paoay,,carrot,16.6,30.0,,TECNO_TECNO_CM8_2703FE,field,agricapture_collections.csv,atok-part2
1976dd8f,120,5,5,images/atok/paoay/no_farm/carrot/atok_paoay_20260206_030054_1976dd8f.jpg,1920,1080,1080p,2026-02-06T03:00:54.909Z,16.630842,120.760104,2408.0,16.0,3.9,1.0,-9,-6,298,Atok,Paoay,,carrot,16.6,30.0,,TECNO_TECNO_CM8_2703FE,field,agricapture_collections.csv,atok-part2
1d9c72ff,127,1,5,images/atok/paoay/no_farm/carrot/atok_paoay_20260206_031256_1d9c72ff.jpg,1920,1080,1080p,2026-02-06T03:12:57.270Z,16.631286,120.759931,2394.0,20.0,2.4,1.0,37,-14,330,Atok,Paoay,,carrot,16.4,32.0,,TECNO_TECNO_CM8_2703FE,field,agricapture_collections.csv,atok-part2
747c113f,127,2,5,images/atok/paoay/no_farm/carrot/atok_paoay_20260206_031303_747c113f.jpg,1920,1080,1080p,2026-02-06T03:13:04.018Z,16.631283,120.759951,2395.0,22.0,1.8,1.0,25,-28,5,Atok,Paoay,,carrot,16.4,32.0,,TECNO_TECNO_CM8_2703FE,field,agricapture_collections.csv,atok-part2
bf4277b9,127,3,5,images/atok/paoay/no_farm/carrot/atok_paoay_20260206_031308_bf4277b9.jpg,1920,1080,1080p,2026-02-06T03:13:09.266Z,16.631283,120.759951,2395.0,22.0,1.8,1.0,24,0,352,Atok,Paoay,,carrot,16.4,32.0,,TECNO_TECNO_CM8_2703FE,field,agricapture_collections.csv,atok-part2
9941aa25,127,4,5,images/atok/paoay/no_farm/carrot/atok_paoay_20260206_031313_9941aa25.jpg,1920,1080,1080p,2026-02-06T03:13:13.970Z,16.631276,120.759932,2398.0,21.0,3.0,1.0,9,-2,358,Atok,Paoay,,carrot,16.4,32.0,,TECNO_TECNO_CM8_2703FE,field,agricapture_collections.csv,atok-part2
6fc2020a,127,5,5,images/atok/paoay/no_farm/carrot/atok_paoay_20260206_031320_6fc2020a.jpg,1920,1080,1080p,2026-02-06T03:13:20.697Z,16.631276,120.759932,2398.0,21.0,3.0,1.0,-11,-16,245,Atok,Paoay,,carrot,16.4,32.0,,TECNO_TECNO_CM8_2703FE,field,agricapture_collections.csv,atok-part2
8934e8b8,128,1,5,images/atok/paoay/no_farm/cabbage/atok_paoay_20260206_031609_8934e8b8.jpg,1920,1080,1080p,2026-02-06T03:16:09.778Z,16.631366,120.759971,2411.0,26.0,1.9,1.0,33,-12,296,Atok,Paoay,,cabbage,16.4,32.0,,TECNO_TECNO_CM8_2703FE,field,agricapture_collections.csv,atok-part2
fcf9462c,128,2,5,images/atok/paoay/no_farm/cabbage/atok_paoay_20260206_031614_fcf9462c.jpg,1920,1080,1080p,2026-02-06T03:16:15.161Z,16.631366,120.759971,2411.0,26.0,1.9,1.0,26,-13,308,Atok,Paoay,,cabbage,16.4,32.0,,TECNO_TECNO_CM8_2703FE,field,agricapture_collections.csv,atok-part2
eed5add3,128,3,5,images/atok/paoay/no_farm/cabbage/atok_paoay_20260206_031619_eed5add3.jpg,1920,1080,1080p,2026-02-06T03:16:19.787Z,16.631366,120.759971,2411.0,26.0,1.9,1.0,32,-8,304,Atok,Paoay,,cabbage,16.4,32.0,,TECNO_TECNO_CM8_2703FE,field,agricapture_collections.csv,atok-part2
b63ddb6b,128,4,5,images/atok/paoay/no_farm/cabbage/atok_paoay_20260206_031637_b63ddb6b.jpg,1920,1080,1080p,2026-02-06T03:16:37.967Z,16.631366,120.759971,2411.0,26.0,1.9,1.0,5,0,300,Atok,Paoay,,cabbage,16.4,32.0,,TECNO_TECNO_CM8_2703FE,field,agricapture_collections.csv,atok-part2
3b8e34d6,128,5,5,images/atok/paoay/no_farm/cabbage/atok_paoay_20260206_031651_3b8e34d6.jpg,1920,1080,1080p,2026-02-06T03:16:51.780Z,16.631366,120.759971,2411.0,26.0,1.9,1.0,40,-129,343,Atok,Paoay,,cabbage,16.4,32.0,,TECNO_TECNO_CM8_2703FE,field,agricapture_collections.csv,atok-part2
26bd446b,132,1,5,images/atok/paoay/no_farm/potato/atok_paoay_20260206_032506_26bd446b.jpg,1920,1080,1080p,2026-02-06T03:25:06.963Z,16.63121,120.760488,2421.0,19.0,3.0,1.0,40,7,149,Atok,Paoay,,potato,16.7,30.0,,TECNO_TECNO_CM8_2703FE,field,agricapture_collections.csv,atok-part2
ad22d969,132,2,5,images/atok/paoay/no_farm/potato/atok_paoay_20260206_032511_ad22d969.jpg,1920,1080,1080p,2026-02-06T03:25:12.159Z,16.63121,120.760488,2421.0,19.0,3.0,1.0,34,16,162,Atok,Paoay,,potato,16.7,30.0,,TECNO_TECNO_CM8_2703FE,field,agricapture_collections.csv,atok-part2
cb586c14,132,3,5,images/atok/paoay/no_farm/potato/atok_paoay_20260206_032524_cb586c14.jpg,1920,1080,1080p,2026-02-06T03:25:24.653Z,16.63121,120.760488,2421.0,19.0,3.0,1.0,45,-7,182,Atok,Paoay,,potato,16.7,30.0,,TECNO_TECNO_CM8_2703FE,field,agricapture_collections.csv,atok-part2
28e74afd,132,4,5,images/atok/paoay/no_farm/potato/atok_paoay_20260206_032546_28e74afd.jpg,1920,1080,1080p,2026-02-06T03:25:47.444Z,16.63121,120.760488,2421.0,19.0,3.0,1.0,11,-15,201,Atok,Paoay,,potato,16.7,30.0,,TECNO_TECNO_CM8_2703FE,field,agricapture_collections.csv,atok-part2
6b3b8a8f,132,5,5,images/atok/paoay/no_farm/potato/atok_paoay_20260206_032554_6b3b8a8f.jpg,1920,1080,1080p,2026-02-06T03:25:55.358Z,16.63121,120.760488,2421.0,19.0,3.0,1.0,24,5,134,Atok,Paoay,,potato,16.7,30.0,,TECNO_TECNO_CM8_2703FE,field,agricapture_collections.csv,atok-part2
e3736274,135,1,5,images/atok/paoay/no_farm/potato/atok_paoay_20260206_033007_e3736274.jpg,1920,1080,1080p,2026-02-06T03:30:08.652Z,16.631268,120.760492,2425.0,19.0,3.5,1.0,12,-8,213,Atok,Paoay,,potato,16.7,30.0,,TECNO_TECNO_CM8_2703FE,field,agricapture_collections.csv,atok-part2
00d51712,135,2,5,images/atok/paoay/no_farm/potato/atok_paoay_20260206_033013_00d51712.jpg,1920,1080,1080p,2026-02-06T03:30:13.727Z,16.631268,120.760492,2425.0,19.0,3.5,1.0,36,5,194,Atok,Paoay,,potato,16.7,30.0,,TECNO_TECNO_CM8_2703FE,field,agricapture_collections.csv,atok-part2
a36b7c4b,135,3,5,images/atok/paoay/no_farm/potato/atok_paoay_20260206_033022_a36b7c4b.jpg,1920,1080,1080p,2026-02-06T03:30:23.144Z,16.631255,120.760508,2424.0,18.0,3.0,1.0,39,26,174,Atok,Paoay,,potato,18.0,27.0,,TECNO_TECNO_CM8_2703FE,field,agricapture_collections.csv,atok-part2
556f6d9e,135,4,5,images/atok/paoay/no_farm/potato/atok_paoay_20260206_033035_556f6d9e.jpg,1920,1080,1080p,2026-02-06T03:30:36.571Z,16.631249,120.760528,2424.0,16.0,3.0,1.0,23,-31,295,Atok,Paoay,,potato,18.0,27.0,,TECNO_TECNO_CM8_2703FE,field,agricapture_collections.csv,atok-part2
142d1131,135,5,5,images/atok/paoay/no_farm/potato/atok_paoay_20260206_033044_142d1131.jpg,1920,1080,1080p,2026-02-06T03:30:44.580Z,16.631249,120.760528,2424.0,16.0,3.0,1.0,11,-18,309,Atok,Paoay,,potato,18.0,27.0,,TECNO_TECNO_CM8_2703FE,field,agricapture_collections.csv,atok-part2
c13958fb,136,1,5,images/atok/paoay/no_farm/radish/atok_paoay_20260206_033344_c13958fb.jpg,1920,1080,1080p,2026-02-06T03:33:45.089Z,16.631114,120.760752,2432.0,16.0,1.5,1.0,43,-4,327,Atok,Paoay,,radish,16.7,30.0,,TECNO_TECNO_CM8_2703FE,field,agricapture_collections.csv,atok-part2
5df818a4,136,2,5,images/atok/paoay/no_farm/radish/atok_paoay_20260206_033350_5df818a4.jpg,1920,1080,1080p,2026-02-06T03:33:50.995Z,16.631114,120.760752,2432.0,16.0,1.5,1.0,46,18,284,Atok,Paoay,,radish,16.7,30.0,,TECNO_TECNO_CM8_2703FE,field,agricapture_collections.csv,atok-part2
dd1dc030,136,3,5,images/atok/paoay/no_farm/radish/atok_paoay_20260206_033359_dd1dc030.jpg,1920,1080,1080p,2026-02-06T03:33:59.430Z,16.631114,120.760752,2432.0,16.0,1.5,1.0,34,31,270,Atok,Paoay,,radish,16.7,30.0,,TECNO_TECNO_CM8_2703FE,field,agricapture_collections.csv,atok-part2
52601554,136,4,5,images/atok/paoay/no_farm/radish/atok_paoay_20260206_033412_52601554.jpg,1920,1080,1080p,2026-02-06T03:34:13.036Z,16.631114,120.760752,2432.0,16.0,1.5,1.0,26,30,258,Atok,Paoay,,radish,16.7,30.0,,TECNO_TECNO_CM8_2703FE,field,agricapture_collections.csv,atok-part2
c392a2d6,140,1,5,images/atok/paoay/no_farm/radish/atok_paoay_20260206_033604_c392a2d6.jpg,1920,1080,1080p,2026-02-06T03:36:04.576Z,16.630972,120.760806,2442.0,19.0,3.1,1.0,40,-30,255,Atok,Paoay,,radish,16.7,30.0,,TECNO_TECNO_CM8_2703FE,field,agricapture_collections.csv,atok-part2
252ddca7,140,2,5,images/atok/paoay/no_farm/radish/atok_paoay_20260206_033609_252ddca7.jpg,1920,1080,1080p,2026-02-06T03:36:10.472Z,16.630972,120.760806,2442.0,19.0,3.1,1.0,35,11,213,Atok,Paoay,,radish,16.7,30.0,,TECNO_TECNO_CM8_2703FE,field,agricapture_collections.csv,atok-part2
2d6936e7,140,3,5,images/atok/paoay/no_farm/radish/atok_paoay_20260206_033615_2d6936e7.jpg,1920,1080,1080p,2026-02-06T03:36:16.253Z,16.630972,120.760806,2442.0,19.0,3.1,1.0,26,9,218,Atok,Paoay,,radish,16.7,30.0,,TECNO_TECNO_CM8_2703FE,field,agricapture_collections.csv,atok-part2
c9e8f79b,140,4,5,images/atok/paoay/no_farm/radish/atok_paoay_20260206_033621_c9e8f79b.jpg,1920,1080,1080p,2026-02-06T03:36:22.465Z,16.630972,120.760806,2442.0,19.0,3.1,1.0,38,8,210,Atok,Paoay,,radish,16.7,30.0,,TECNO_TECNO_CM8_2703FE,field,agricapture_collections.csv,atok-part2
ef5038b7,142,1,5,images/atok/paoay/no_farm/radish/atok_paoay_20260206_033819_ef5038b7.jpg,1920,1080,1080p,2026-02-06T03:38:20.188Z,16.630913,120.760985,2442.0,10.0,3.0,1.0,20,-7,226,Atok,Paoay,,radish,16.7,30.0,,TECNO_TECNO_CM8_2703FE,field,agricapture_collections.csv,atok-part2
34aeec45,142,2,5,images/atok/paoay/no_farm/radish/atok_paoay_20260206_033827_34aeec45.jpg,1920,1080,1080p,2026-02-06T03:38:27.783Z,16.630913,120.760985,2442.0,10.0,3.0,1.0,22,-7,229,Atok,Paoay,,radish,16.7,30.0,,TECNO_TECNO_CM8_2703FE,field,agricapture_collections.csv,atok-part2
1dc48829,142,3,5,images/atok/paoay/no_farm/radish/atok_paoay_20260206_033841_1dc48829.jpg,1920,1080,1080p,2026-02-06T03:38:42.492Z,16.630913,120.760985,2442.0,10.0,3.0,1.0,32,0,89,Atok,Paoay,,radish,16.7,30.0,,TECNO_TECNO_CM8_2703FE,field,agricapture_collections.csv,atok-part2
651ebff9,142,4,5,images/atok/paoay/no_farm/radish/atok_paoay_20260206_033912_651ebff9.jpg,1920,1080,1080p,2026-02-06T03:39:12.536Z,16.630912,120.760993,2442.0,23.0,1.8,1.0,36,9,79,Atok,Paoay,,radish,16.7,30.0,,TECNO_TECNO_CM8_2703FE,field,agricapture_collections.csv,atok-part2
3e3aa728,142,5,5,images/atok/paoay/no_farm/radish/atok_paoay_20260206_033917_3e3aa728.jpg,1920,1080,1080p,2026-02-06T03:39:17.488Z,16.630931,120.760992,2442.0,24.0,1.6,1.0,36,19,74,Atok,Paoay,,radish,18.0,27.0,,TECNO_TECNO_CM8_2703FE,field,agricapture_collections.csv,atok-part2
106579e3,146,1,5,images/atok/paoay/no_farm/cabbage/atok_paoay_20260206_041059_106579e3.jpg,1920,1080,1080p,2026-02-06T04:11:00.070Z,16.622839,120.757251,2426.0,11.0,4.3,1.0,-10,-49,28,Atok,Paoay,,cabbage,21.3,30.0,,TECNO_TECNO_CM8_2703FE,field,agricapture_collections.csv,atok-part2
77c9bd46,146,2,5,images/atok/paoay/no_farm/cabbage/atok_paoay_20260206_041109_77c9bd46.jpg,1920,1080,1080p,2026-02-06T04:11:10.543Z,16.622857,120.757258,2426.0,11.0,3.0,1.0,12,-49,35,Atok,Paoay,,cabbage,21.3,30.0,,TECNO_TECNO_CM8_2703FE,field,agricapture_collections.csv,atok-part2
266ef77c,146,3,5,images/atok/paoay/no_farm/cabbage/atok_paoay_20260206_041114_266ef77c.jpg,1920,1080,1080p,2026-02-06T04:11:15.011Z,16.622857,120.757258,2426.0,11.0,3.0,1.0,41,5,358,Atok,Paoay,,cabbage,21.3,30.0,,TECNO_TECNO_CM8_2703FE,field,agricapture_collections.csv,atok-part2
57e28de4,146,4,5,images/atok/paoay/no_farm/cabbage/atok_paoay_20260206_041126_57e28de4.jpg,1920,1080,1080p,2026-02-06T04:11:26.709Z,16.622857,120.757258,2426.0,11.0,3.0,1.0,-6,-45,58,Atok,Paoay,,cabbage,21.3,30.0,,TECNO_TECNO_CM8_2703FE,field,agricapture_collections.csv,atok-part2
f309ba5e,146,5,5,images/atok/paoay/no_farm/cabbage/atok_paoay_20260206_041134_f309ba5e.jpg,1920,1080,1080p,2026-02-06T04:11:34.689Z,16.622857,120.757258,2426.0,11.0,3.0,1.0,-4,-22,351,Atok,Paoay,,cabbage,21.3,30.0,,TECNO_TECNO_CM8_2703FE,field,agricapture_collections.csv,atok-part2
9466a872,148,1,5,images/atok/paoay/no_farm/cabbage/atok_paoay_20260206_041346_9466a872.jpg,1920,1080,1080p,2026-02-06T04:13:47.096Z,16.622606,120.757407,2432.0,13.0,3.0,1.0,45,-7,86,Atok,Paoay,,cabbage,21.3,30.0,,TECNO_TECNO_CM8_2703FE,field,agricapture_collections.csv,atok-part2
fead2560,148,2,5,images/atok/paoay/no_farm/cabbage/atok_paoay_20260206_041422_fead2560.jpg,1920,1080,1080p,2026-02-06T04:14:23.592Z,16.622655,120.757371,2432.0,12.0,2.7,1.0,28,-139,43,Atok,Paoay,,cabbage,21.3,30.0,,TECNO_TECNO_CM8_2703FE,field,agricapture_collections.csv,atok-part2
1f4a54e5,148,3,5,images/atok/paoay/no_farm/cabbage/atok_paoay_20260206_041438_1f4a54e5.jpg,1920,1080,1080p,2026-02-06T04:14:38.611Z,16.622617,120.75737,2436.0,11.0,3.0,1.0,41,-7,309,Atok,Paoay,,cabbage,21.3,30.0,,TECNO_TECNO_CM8_2703FE,field,agricapture_collections.csv,atok-part2
bfc436f5,148,4,5,images/atok/paoay/no_farm/cabbage/atok_paoay_20260206_041443_bfc436f5.jpg,1920,1080,1080p,2026-02-06T04:14:43.955Z,16.622617,120.75737,2436.0,11.0,3.0,1.0,33,-24,336,Atok,Paoay,,cabbage,21.3,30.0,,TECNO_TECNO_CM8_2703FE,field,agricapture_collections.csv,atok-part2
d711c89a,148,5,5,images/atok/paoay/no_farm/cabbage/atok_paoay_20260206_041454_d711c89a.jpg,1920,1080,1080p,2026-02-06T04:14:55.251Z,16.622617,120.75737,2436.0,11.0,3.0,1.0,15,-6,310,Atok,Paoay,,cabbage,21.3,30.0,,TECNO_TECNO_CM8_2703FE,field,agricapture_collections.csv,atok-part2
cd111602,152,1,5,images/atok/paoay/no_farm/cabbage/atok_paoay_20260206_041757_cd111602.jpg,1920,1080,1080p,2026-02-06T04:17:57.970Z,16.622926,120.757252,2432.0,8.0,3.9,1.0,5,-48,274,Atok,Paoay,,cabbage,21.3,30.0,,TECNO_TECNO_CM8_2703FE,field,agricapture_collections.csv,atok-part2
7249c58c,152,2,5,images/atok/paoay/no_farm/cabbage/atok_paoay_20260206_041808_7249c58c.jpg,1920,1080,1080p,2026-02-06T04:18:08.360Z,16.622948,120.75721,2432.0,8.0,3.1,1.0,19,-43,270,Atok,Paoay,,cabbage,21.3,30.0,,TECNO_TECNO_CM8_2703FE,field,agricapture_collections.csv,atok-part2
b5e22019,152,3,5,images/atok/paoay/no_farm/cabbage/atok_paoay_20260206_041812_b5e22019.jpg,1920,1080,1080p,2026-02-06T04:18:13.073Z,16.622948,120.75721,2432.0,8.0,3.1,1.0,26,-12,232,Atok,Paoay,,cabbage,21.3,30.0,,TECNO_TECNO_CM8_2703FE,field,agricapture_collections.csv,atok-part2
ba407c96,152,4,5,images/atok/paoay/no_farm/cabbage/atok_paoay_20260206_041821_ba407c96.jpg,1920,1080,1080p,2026-02-06T04:18:22.412Z,16.62294,120.757193,2432.0,14.0,5.3,1.0,17,-21,250,Atok,Paoay,,cabbage,21.3,30.0,,TECNO_TECNO_CM8_2703FE,field,agricapture_collections.csv,atok-part2
1c3f795b,152,5,5,images/atok/paoay/no_farm/cabbage/atok_paoay_20260206_041830_1c3f795b.jpg,1920,1080,1080p,2026-02-06T04:18:31.159Z,16.622912,120.757177,2426.0,17.0,8.9,1.0,32,-22,289,Atok,Paoay,,cabbage,21.3,30.0,,TECNO_TECNO_CM8_2703FE,field,agricapture_collections.csv,atok-part2
4615b73d,58,1,5,images/atok/paoay/no_farm/mixed_crops/atok_paoay_20260213_024408_4615b73d.jpg,1280,720,720p,2026-02-13T02:44:09.475Z,16.453392,120.590857,1360.0,7.0,3.1,1.0,46,-7,318,Atok,Paoay,,"carrot,lettuce,custom_green_ice",23.8,45.0,,TECNO_TECNO_CM8_B8BDF1,field,agricapture_data.csv,Atok
990f1abb,58,2,5,images/atok/paoay/no_farm/mixed_crops/atok_paoay_20260213_024414_990f1abb.jpg,1280,720,720p,2026-02-13T02:44:15.086Z,16.453392,120.590857,1360.0,7.0,3.1,1.0,50,3,219,Atok,Paoay,,"carrot,lettuce,custom_green_ice",23.8,45.0,,TECNO_TECNO_CM8_B8BDF1,field,agricapture_data.csv,Atok
e423d7c0,58,3,5,images/atok/paoay/no_farm/mixed_crops/atok_paoay_20260213_024420_e423d7c0.jpg,1280,720,720p,2026-02-13T02:44:20.844Z,16.453392,120.590857,1360.0,7.0,3.1,1.0,32,-1,233,Atok,Paoay,,"carrot,lettuce,custom_green_ice",23.8,45.0,,TECNO_TECNO_CM8_B8BDF1,field,agricapture_data.csv,Atok
47e0fb57,58,4,5,images/atok/paoay/no_farm/mixed_crops/atok_paoay_20260213_024424_47e0fb57.jpg,1280,720,720p,2026-02-13T02:44:24.976Z,16.453392,120.590857,1360.0,7.0,3.1,1.0,44,-23,258,Atok,Paoay,,"carrot,lettuce,custom_green_ice",23.8,45.0,,TECNO_TECNO_CM8_B8BDF1,field,agricapture_data.csv,Atok
d70eb0eb,58,5,5,images/atok/paoay/no_farm/mixed_crops/atok_paoay_20260213_024429_d70eb0eb.jpg,1280,720,720p,2026-02-13T02:44:30.496Z,16.453392,120.590857,1360.0,7.0,3.1,1.0,55,-22,211,Atok,Paoay,,"carrot,lettuce,custom_green_ice",23.8,45.0,,TECNO_TECNO_CM8_B8BDF1,field,agricapture_data.csv,Atok
8392233a,1,1,5,images/la_trinidad/alapang/no_farm/mixed_crops/latrinidad_alapang_20260213_023411_8392233a.jpg,1920,1080,1080p,2026-02-13T02:34:12.161Z,16.453393,120.590626,1358.0,4.0,28.3,1.0,32,0,3,La Trinidad,Alapang,,"cabbage,carrot,potato,lettuce,pechay,sayote,beans",,,,TECNO_TECNO_CM8_B8BDF1,field,agricapture_data.csv,La_Trinidad
9c8d8daa,1,1,5,images/la_trinidad/alapang/no_farm/mixed_crops/latrinidad_alapang_20260213_024026_9c8d8daa.jpg,1920,1080,1080p,2026-02-13T02:40:26.918Z,16.453464,120.59074,1360.0,4.0,6.2,1.0,-2,-65,163,La Trinidad,Alapang,,"cabbage,carrot,potato,lettuce,pechay,sayote,beans",23.8,45.0,,TECNO_TECNO_CM8_B8BDF1,field,agricapture_data.csv,La_Trinidad
ce3635bd,54,1,5,images/la_trinidad/alapang/no_farm/mixed_crops/latrinidad_alapang_20260213_024049_ce3635bd.jpg,1920,1080,1080p,2026-02-13T02:40:50.139Z,16.453453,120.59081,1360.0,4.0,3.0,1.0,43,-3,103,La Trinidad,Alapang,,"cabbage,carrot,potato,lettuce,pechay,sayote,beans",23.8,45.0,,TECNO_TECNO_CM8_B8BDF1,field,agricapture_data.csv,La_Trinidad
5fa6008a,54,2,5,images/la_trinidad/alapang/no_farm/mixed_crops/latrinidad_alapang_20260213_024054_5fa6008a.jpg,1920,1080,1080p,2026-02-13T02:40:54.934Z,16.453447,120.590832,1360.0,10.0,3.0,1.0,45,2,80,La Trinidad,Alapang,,"cabbage,carrot,potato,lettuce,pechay,sayote,beans",23.8,45.0,,TECNO_TECNO_CM8_B8BDF1,field,agricapture_data.csv,La_Trinidad
b27c4fc1,54,3,5,images/la_trinidad/alapang/no_farm/mixed_crops/latrinidad_alapang_20260213_024059_b27c4fc1.jpg,1920,1080,1080p,2026-02-13T02:41:00.450Z,16.453447,120.590832,1360.0,10.0,3.0,1.0,21,-34,191,La Trinidad,Alapang,,"cabbage,carrot,potato,lettuce,pechay,sayote,beans",23.8,45.0,,TECNO_TECNO_CM8_B8BDF1,field,agricapture_data.csv,La_Trinidad
de442941,54,4,5,images/la_trinidad/alapang/no_farm/mixed_crops/latrinidad_alapang_20260213_024107_de442941.jpg,1920,1080,1080p,2026-02-13T02:41:07.591Z,16.453413,120.590866,1360.0,4.0,3.1,1.0,50,3,25,La Trinidad,Alapang,,"cabbage,carrot,potato,lettuce,pechay,sayote,beans",23.8,45.0,,TECNO_TECNO_CM8_B8BDF1,field,agricapture_data.csv,La_Trinidad
10744bb4,54,5,5,images/la_trinidad/alapang/no_farm/mixed_crops/latrinidad_alapang_20260213_024113_10744bb4.jpg,1920,1080,1080p,2026-02-13T02:41:14.138Z,16.4534,120.59088,1360.0,12.0,3.1,1.0,59,4,79,La Trinidad,Alapang,,"cabbage,carrot,potato,lettuce,pechay,sayote,beans",23.8,45.0,,TECNO_TECNO_CM8_B8BDF1,field,agricapture_data.csv,La_Trinidad
987aa828,55,1,5,images/la_trinidad/alapang/no_farm/mixed_crops/latrinidad_alapang_20260213_024156_987aa828.jpg,1920,1080,1080p,2026-02-13T02:41:56.859Z,16.45346,120.590746,1359.0,4.0,7.2,1.0,6,-52,339,La Trinidad,Alapang,,"cabbage,carrot,potato,lettuce,pechay,sayote,beans",23.8,45.0,,TECNO_TECNO_CM8_B8BDF1,field,agricapture_data.csv,La_Trinidad
1fe5c4e9,55,2,5,images/la_trinidad/alapang/no_farm/mixed_crops/latrinidad_alapang_20260213_024200_1fe5c4e9.jpg,1920,1080,1080p,2026-02-13T02:42:00.971Z,16.453426,120.590795,1359.0,6.0,3.0,1.0,7,-55,314,La Trinidad,Alapang,,"cabbage,carrot,potato,lettuce,pechay,sayote,beans",23.8,45.0,,TECNO_TECNO_CM8_B8BDF1,field,agricapture_data.csv,La_Trinidad
104525fa,55,3,5,images/la_trinidad/alapang/no_farm/mixed_crops/latrinidad_alapang_20260213_024204_104525fa.jpg,1920,1080,1080p,2026-02-13T02:42:05.055Z,16.453399,120.590818,1359.0,6.0,2.5,1.0,21,-55,295,La Trinidad,Alapang,,"cabbage,carrot,potato,lettuce,pechay,sayote,beans",23.8,45.0,,TECNO_TECNO_CM8_B8BDF1,field,agricapture_data.csv,La_Trinidad
255acc8e,55,4,5,images/la_trinidad/alapang/no_farm/mixed_crops/latrinidad_alapang_20260213_024208_255acc8e.jpg,1920,1080,1080p,2026-02-13T02:42:09.327Z,16.453399,120.590818,1359.0,6.0,2.5,1.0,11,-61,258,La Trinidad,Alapang,,"cabbage,carrot,potato,lettuce,pechay,sayote,beans",23.8,45.0,,TECNO_TECNO_CM8_B8BDF1,field,agricapture_data.csv,La_Trinidad
a7079b63,55,5,5,images/la_trinidad/alapang/no_farm/mixed_crops/latrinidad_alapang_20260213_024219_a7079b63.jpg,1920,1080,1080p,2026-02-13T02:42:19.459Z,16.453407,120.59084,1359.0,6.0,3.0,1.0,37,-66,271,La Trinidad,Alapang,,"cabbage,carrot,potato,lettuce,pechay,sayote,beans",23.8,45.0,,TECNO_TECNO_CM8_B8BDF1,field,agricapture_data.csv,La_Trinidad
cf352415,10,2,5,images/2026/01/21/latrinidad_balili_bsuback_20260121_055739_cf352415.jpg,1080,1080,1080p,2026-01-21T05:57:39.629Z,,,,,,,15,1,198,La Trinidad,Balili,BSU Back,"cabbage,custom_chinese_cabbage",,,,TECNO_TECNO_CM8_DF2CAC,controlled,agricapture_data.csv,1
de642ce4,10,3,5,images/2026/01/21/latrinidad_balili_bsuback_20260121_055804_de642ce4.jpg,1080,1080,1080p,2026-01-21T05:58:04.489Z,,,,,,,12,-1,220,La Trinidad,Balili,BSU Back,"cabbage,custom_chinese_cabbage",,,,TECNO_TECNO_CM8_DF2CAC,controlled,agricapture_data.csv,1
433bad72,10,4,5,images/2026/01/21/latrinidad_balili_bsuback_20260121_055808_433bad72.jpg,1080,1080,1080p,2026-01-21T05:58:08.320Z,,,,,,,10,-2,222,La Trinidad,Balili,BSU Back,"cabbage,custom_chinese_cabbage",,,,TECNO_TECNO_CM8_DF2CAC,controlled,agricapture_data.csv,1
b222b4b6,10,5,5,images/2026/01/21/latrinidad_balili_bsuback_20260121_055812_b222b4b6.jpg,1080,1080,1080p,2026-01-21T05:58:12.830Z,,,,,,,18,0,175,La Trinidad,Balili,BSU Back,"cabbage,custom_chinese_cabbage",,,,TECNO_TECNO_CM8_DF2CAC,controlled,agricapture_data.csv,1
5648081d,2,1,5,images/2026/01/21/latrinidad_balili_bsuback_20260121_055849_5648081d.jpg,1080,1080,1080p,2026-01-21T05:58:49.456Z,,,,,,,14,0,193,La Trinidad,Balili,BSU Back,"cabbage,custom_chinese_cabbage",,,,TECNO_TECNO_CM8_DF2CAC,controlled,agricapture_data.csv,1
4a4cc156,2,2,5,images/2026/01/21/latrinidad_balili_bsuback_20260121_055853_4a4cc156.jpg,1080,1080,1080p,2026-01-21T05:58:53.037Z,,,,,,,16,0,153,La Trinidad,Balili,BSU Back,"cabbage,custom_chinese_cabbage",,,,TECNO_TECNO_CM8_DF2CAC,controlled,agricapture_data.csv,1
03530df5,2,3,5,images/2026/01/21/latrinidad_balili_bsuback_20260121_055856_03530df5.jpg,1080,1080,1080p,2026-01-21T05:58:56.922Z,,,,,,,16,-1,237,La Trinidad,Balili,BSU Back,"cabbage,custom_chinese_cabbage",,,,TECNO_TECNO_CM8_DF2CAC,controlled,agricapture_data.csv,1
b0be4a11,2,4,5,images/2026/01/21/latrinidad_balili_bsuback_20260121_055900_b0be4a11.jpg,1080,1080,1080p,2026-01-21T05:59:00.785Z,,,,,,,5,-2,193,La Trinidad,Balili,BSU Back,"cabbage,custom_chinese_cabbage",,,,TECNO_TECNO_CM8_DF2CAC,controlled,agricapture_data.csv,1
e8baf836,2,5,5,images/2026/01/21/latrinidad_balili_bsuback_20260121_055905_e8baf836.jpg,1080,1080,1080p,2026-01-21T05:59:05.613Z,,,,,,,8,-4,264,La Trinidad,Balili,BSU Back,"cabbage,custom_chinese_cabbage",,,,TECNO_TECNO_CM8_DF2CAC,controlled,agricapture_data.csv,1
d50692f6,3,1,5,images/2026/01/21/latrinidad_balili_bsuback_20260121_060036_d50692f6.jpg,1080,1080,1080p,2026-01-21T06:00:36.527Z,,,,,,,0,-8,285,La Trinidad,Balili,BSU Back,"cabbage,custom_chinese_cabbage",,,,TECNO_TECNO_CM8_DF2CAC,controlled,agricapture_data.csv,1
36582afc,3,2,5,images/2026/01/21/latrinidad_balili_bsuback_20260121_060040_36582afc.jpg,1080,1080,1080p,2026-01-21T06:00:40.422Z,,,,,,,21,-1,285,La Trinidad,Balili,BSU Back,"cabbage,custom_chinese_cabbage",,,,TECNO_TECNO_CM8_DF2CAC,controlled,agricapture_data.csv,1
551b50d7,3,3,5,images/2026/01/21/latrinidad_balili_bsuback_20260121_060051_551b50d7.jpg,1080,1080,1080p,2026-01-21T06:00:51.872Z,,,,,,,7,11,296,La Trinidad,Balili,BSU Back,"cabbage,custom_chinese_cabbage",,,,TECNO_TECNO_CM8_DF2CAC,controlled,agricapture_data.csv,1
e1305424,3,4,5,images/2026/01/21/latrinidad_balili_bsuback_20260121_060055_e1305424.jpg,1080,1080,1080p,2026-01-21T06:00:55.948Z,,,,,,,-17,-25,283,La Trinidad,Balili,BSU Back,"cabbage,custom_chinese_cabbage",,,,TECNO_TECNO_CM8_DF2CAC,controlled,agricapture_data.csv,1
0405644a,3,5,5,images/2026/01/21/latrinidad_balili_bsuback_20260121_060100_0405644a.jpg,1080,1080,1080p,2026-01-21T06:01:00.274Z,,,,,,,20,2,284,La Trinidad,Balili,BSU Back,"cabbage,custom_chinese_cabbage",,,,TECNO_TECNO_CM8_DF2CAC,controlled,agricapture_data.csv,1
155e70d1,6,1,5,images/2026/01/21/latrinidad_balili_bsuback_20260121_060148_155e70d1.jpg,1080,1080,1080p,2026-01-21T06:01:48.818Z,,,,,,,23,3,251,La Trinidad,Balili,BSU Back,"cabbage,custom_chinese_cabbage",,,,TECNO_TECNO_CM8_DF2CAC,controlled,agricapture_data.csv,1
f5c9a8f3,6,2,5,images/2026/01/21/latrinidad_balili_bsuback_20260121_060152_f5c9a8f3.jpg,1080,1080,1080p,2026-01-21T06:01:52.977Z,,,,,,,24,2,214,La Trinidad,Balili,BSU Back,"cabbage,custom_chinese_cabbage",,,,TECNO_TECNO_CM8_DF2CAC,controlled,agricapture_data.csv,1
e19ffe61,6,3,5,images/2026/01/21/latrinidad_balili_bsuback_20260121_060157_e19ffe61.jpg,1080,1080,1080p,2026-01-21T06:01:57.557Z,,,,,,,33,1,273,La Trinidad,Balili,BSU Back,"cabbage,custom_chinese_cabbage",,,,TECNO_TECNO_CM8_DF2CAC,controlled,agricapture_data.csv,1
735da657,6,4,5,images/2026/01/21/latrinidad_balili_bsuback_20260121_060201_735da657.jpg,1080,1080,1080p,2026-01-21T06:02:01.963Z,,,,,,,17,5,213,La Trinidad,Balili,BSU Back,"cabbage,custom_chinese_cabbage",,,,TECNO_TECNO_CM8_DF2CAC,controlled,agricapture_data.csv,1
c037476b,6,5,5,images/2026/01/21/latrinidad_balili_bsuback_20260121_060206_c037476b.jpg,1080,1080,1080p,2026-01-21T06:02:06.784Z,,,,,,,39,0,215,La Trinidad,Balili,BSU Back,"cabbage,custom_chinese_cabbage",,,,TECNO_TECNO_CM8_DF2CAC,controlled,agricapture_data.csv,1
fe0ca83a,7,1,5,images/2026/01/21/latrinidad_balili_bsuback_20260121_060220_fe0ca83a.jpg,1080,1080,1080p,2026-01-21T06:02:20.885Z,,,,,,,14,4,228,La Trinidad,Balili,BSU Back,"cabbage,custom_chinese_cabbage",,,,TECNO_TECNO_CM8_DF2CAC,controlled,agricapture_data.csv,1
15140475,7,2,5,images/2026/01/21/latrinidad_balili_bsuback_20260121_060225_15140475.jpg,1080,1080,1080p,2026-01-21T06:02:25.523Z,,,,,,,40,0,290,La Trinidad,Balili,BSU Back,"cabbage,custom_chinese_cabbage",,,,TECNO_TECNO_CM8_DF2CAC,controlled,agricapture_data.csv,1
3b47e8e1,7,3,5,images/2026/01/21/latrinidad_balili_bsuback_20260121_060235_3b47e8e1.jpg,1080,1080,1080p,2026-01-21T06:02:35.560Z,,,,,,,32,-6,176,La Trinidad,Balili,BSU Back,"cabbage,custom_chinese_cabbage",,,,TECNO_TECNO_CM8_DF2CAC,controlled,agricapture_data.csv,1
5375712a,7,4,5,images/2026/01/21/latrinidad_balili_bsuback_20260121_060240_5375712a.jpg,1080,1080,1080p,2026-01-21T06:02:40.876Z,,,,,,,30,-4,186,La Trinidad,Balili,BSU Back,"cabbage,custom_chinese_cabbage",,,,TECNO_TECNO_CM8_DF2CAC,controlled,agricapture_data.csv,1
84b28024,7,5,5,images/2026/01/21/latrinidad_balili_bsuback_20260121_060302_84b28024.jpg,1080,1080,1080p,2026-01-21T06:03:02.448Z,,,,,,,28,-13,219,La Trinidad,Balili,BSU Back,"cabbage,custom_chinese_cabbage",,,,TECNO_TECNO_CM8_DF2CAC,controlled,agricapture_data.csv,1
f46f4586,9,1,5,images/2026/01/21/latrinidad_balili_bsuback_20260121_060400_f46f4586.jpg,1080,1080,1080p,2026-01-21T06:04:00.031Z,,,,,,,18,2,236,La Trinidad,Balili,BSU Back,potato,,,,TECNO_TECNO_CM8_DF2CAC,controlled,agricapture_data.csv,1
5bda9e3b,9,2,5,images/2026/01/21/latrinidad_balili_bsuback_20260121_060404_5bda9e3b.jpg,1080,1080,1080p,2026-01-21T06:04:04.745Z,,,,,,,19,1,206,La Trinidad,Balili,BSU Back,potato,,,,TECNO_TECNO_CM8_DF2CAC,controlled,agricapture_data.csv,1
48b6ac60,9,3,5,images/2026/01/21/latrinidad_balili_bsuback_20260121_060409_48b6ac60.jpg,1080,1080,1080p,2026-01-21T06:04:09.828Z,,,,,,,18,-6,185,La Trinidad,Balili,BSU Back,potato,,,,TECNO_TECNO_CM8_DF2CAC,controlled,agricapture_data.csv,1
acf7bb7d,9,4,5,images/2026/01/21/latrinidad_balili_bsuback_20260121_060420_acf7bb7d.jpg,1080,1080,1080p,2026-01-21T06:04:20.270Z,,,,,,,15,32,280,La Trinidad,Balili,BSU Back,potato,,,,TECNO_TECNO_CM8_DF2CAC,controlled,agricapture_data.csv,1
05b72b06,9,5,5,images/2026/01/21/latrinidad_balili_bsuback_20260121_060426_05b72b06.jpg,1080,1080,1080p,2026-01-21T06:04:26.363Z,,,,,,,14,4,267,La Trinidad,Balili,BSU Back,potato,,,,TECNO_TECNO_CM8_DF2CAC,controlled,agricapture_data.csv,1
fb908cd7,10,6,5,images/2026/01/21/latrinidad_balili_bsuback_20260121_060505_fb908cd7.jpg,1080,1080,1080p,2026-01-21T06:05:05.389Z,,,,,,,9,2,227,La Trinidad,Balili,BSU Back,potato,,,,TECNO_TECNO_CM8_DF2CAC,controlled,agricapture_data.csv,1
75047094,11,1,5,images/2026/01/21/latrinidad_balili_bsuback_20260121_060643_75047094.jpg,1080,1080,1080p,2026-01-21T06:06:43.407Z,,,,,,,7,12,270,La Trinidad,Balili,BSU Back,cabbage,,,,TECNO_TECNO_CM8_DF2CAC,controlled,agricapture_data.csv,1
e6145cf3,11,2,5,images/2026/01/21/latrinidad_balili_bsuback_20260121_060648_e6145cf3.jpg,1080,1080,1080p,2026-01-21T06:06:48.431Z,,,,,,,5,37,266,La Trinidad,Balili,BSU Back,cabbage,,,,TECNO_TECNO_CM8_DF2CAC,controlled,agricapture_data.csv,1
c40c2bcb,11,3,5,images/2026/01/21/latrinidad_balili_bsuback_20260121_060653_c40c2bcb.jpg,1080,1080,1080p,2026-01-21T06:06:53.518Z,,,,,,,3,-24,277,La Trinidad,Balili,BSU Back,cabbage,,,,TECNO_TECNO_CM8_DF2CAC,controlled,agricapture_data.csv,1
34a5052e,11,4,5,images/2026/01/21/latrinidad_balili_bsuback_20260121_060658_34a5052e.jpg,1080,1080,1080p,2026-01-21T06:06:58.961Z,,,,,,,1,-31,233,La Trinidad,Balili,BSU Back,cabbage,,,,TECNO_TECNO_CM8_DF2CAC,controlled,agricapture_data.csv,1
4ddb51f5,11,5,5,images/2026/01/21/latrinidad_balili_bsuback_20260121_060704_4ddb51f5.jpg,1080,1080,1080p,2026-01-21T06:07:04.579Z,,,,,,,7,35,247,La Trinidad,Balili,BSU Back,cabbage,,,,TECNO_TECNO_CM8_DF2CAC,controlled,agricapture_data.csv,1
02c1f82d,13,1,5,images/2026/01/21/latrinidad_balili_bsuback_20260121_060731_02c1f82d.jpg,1080,1080,1080p,2026-01-21T06:07:31.471Z,,,,,,,19,-15,256,La Trinidad,Balili,BSU Back,cabbage,,,,TECNO_TECNO_CM8_DF2CAC,controlled,agricapture_data.csv,1
2422912d,13,2,5,images/2026/01/21/latrinidad_balili_bsuback_20260121_060739_2422912d.jpg,1080,1080,1080p,2026-01-21T06:07:39.583Z,,,,,,,8,-3,255,La Trinidad,Balili,BSU Back,cabbage,,,,TECNO_TECNO_CM8_DF2CAC,controlled,agricapture_data.csv,1
6051391c,13,3,5,images/2026/01/21/latrinidad_balili_bsuback_20260121_060745_6051391c.jpg,1080,1080,1080p,2026-01-21T06:07:45.520Z,,,,,,,10,25,261,La Trinidad,Balili,BSU Back,cabbage,,,,TECNO_TECNO_CM8_DF2CAC,controlled,agricapture_data.csv,1
3afb78cb,13,4,5,images/2026/01/21/latrinidad_balili_bsuback_20260121_060751_3afb78cb.jpg,1080,1080,1080p,2026-01-21T06:07:51.147Z,,,,,,,5,25,346,La Trinidad,Balili,BSU Back,cabbage,,,,TECNO_TECNO_CM8_DF2CAC,controlled,agricapture_data.csv,1
6423ba4e,13,5,5,images/2026/01/21/latrinidad_balili_bsuback_20260121_060756_6423ba4e.jpg,1080,1080,1080p,2026-01-21T06:07:56.805Z,,,,,,,4,-2,271,La Trinidad,Balili,BSU Back,cabbage,,,,TECNO_TECNO_CM8_DF2CAC,controlled,agricapture_data.csv,1
9de47a85,18,1,5,images/2026/01/21/latrinidad_balili_bsuback_20260121_060909_9de47a85.jpg,1080,1080,1080p,2026-01-21T06:09:09.943Z,,,,,,,16,1,252,La Trinidad,Balili,BSU Back,cabbage,,,,TECNO_TECNO_CM8_DF2CAC,controlled,agricapture_data.csv,1
9fd06765,18,2,5,images/2026/01/21/latrinidad_balili_bsuback_20260121_060915_9fd06765.jpg,1080,1080,1080p,2026-01-21T06:09:15.394Z,,,,,,,5,-24,260,La Trinidad,Balili,BSU Back,cabbage,,,,TECNO_TECNO_CM8_DF2CAC,controlled,agricapture_data.csv,1
4c69d884,18,3,5,images/2026/01/21/latrinidad_balili_bsuback_20260121_060920_4c69d884.jpg,1080,1080,1080p,2026-01-21T06:09:20.910Z,,,,,,,5,30,255,La Trinidad,Balili,BSU Back,cabbage,,,,TECNO_TECNO_CM8_DF2CAC,controlled,agricapture_data.csv,1
cc78bce0,18,4,5,images/2026/01/21/latrinidad_balili_bsuback_20260121_060928_cc78bce0.jpg,1080,1080,1080p,2026-01-21T06:09:28.486Z,,,,,,,7,-10,354,La Trinidad,Balili,BSU Back,cabbage,,,,TECNO_TECNO_CM8_DF2CAC,controlled,agricapture_data.csv,1
a1287318,18,5,5,images/2026/01/21/latrinidad_balili_bsuback_20260121_060934_a1287318.jpg,1080,1080,1080p,2026-01-21T06:09:34.635Z,,,,,,,0,-15,348,La Trinidad,Balili,BSU Back,cabbage,,,,TECNO_TECNO_CM8_DF2CAC,controlled,agricapture_data.csv,1
6b1d46f5,20,1,5,images/2026/01/21/latrinidad_balili_bsuback_20260121_061012_6b1d46f5.jpg,1080,1080,1080p,2026-01-21T06:10:12.039Z,,,,,,,7,-33,263,La Trinidad,Balili,BSU Back,cabbage,,,,TECNO_TECNO_CM8_DF2CAC,controlled,agricapture_data.csv,1
6f8fe0d2,20,2,5,images/2026/01/21/latrinidad_balili_bsuback_20260121_061018_6f8fe0d2.jpg,1080,1080,1080p,2026-01-21T06:10:18.197Z,,,,,,,5,25,245,La Trinidad,Balili,BSU Back,cabbage,,,,TECNO_TECNO_CM8_DF2CAC,controlled,agricapture_data.csv,1
7a205680,20,3,5,images/2026/01/21/latrinidad_balili_bsuback_20260121_061024_7a205680.jpg,1080,1080,1080p,2026-01-21T06:10:24.766Z,,,,,,,16,-2,250,La Trinidad,Balili,BSU Back,cabbage,,,,TECNO_TECNO_CM8_DF2CAC,controlled,agricapture_data.csv,1
e3245dcf,20,4,5,images/2026/01/21/latrinidad_balili_bsuback_20260121_061038_e3245dcf.jpg,1080,1080,1080p,2026-01-21T06:10:38.144Z,,,,,,,-4,29,330,La Trinidad,Balili,BSU Back,cabbage,,,,TECNO_TECNO_CM8_DF2CAC,controlled,agricapture_data.csv,1
5f39d413,20,5,5,images/2026/01/21/latrinidad_balili_bsuback_20260121_061044_5f39d413.jpg,1080,1080,1080p,2026-01-21T06:10:44.946Z,,,,,,,12,-3,251,La Trinidad,Balili,BSU Back,cabbage,,,,TECNO_TECNO_CM8_DF2CAC,controlled,agricapture_data.csv,1
e0356485,31,1,5,images/2026/01/21/latrinidad_balili_bsuback_20260121_061500_e0356485.jpg,1080,1080,1080p,2026-01-21T06:15:00.863Z,,,,,,,12,2,259,La Trinidad,Balili,BSU Back,tomato,,,,TECNO_TECNO_CM8_DF2CAC,controlled,agricapture_data.csv,2
73cbe547,31,2,5,images/2026/01/21/latrinidad_balili_bsuback_20260121_061504_73cbe547.jpg,1080,1080,1080p,2026-01-21T06:15:04.569Z,,,,,,,6,-15,264,La Trinidad,Balili,BSU Back,tomato,,,,TECNO_TECNO_CM8_DF2CAC,controlled,agricapture_data.csv,2
25a6d5ff,31,3,5,images/2026/01/21/latrinidad_balili_bsuback_20260121_061507_25a6d5ff.jpg,1080,1080,1080p,2026-01-21T06:15:07.619Z,,,,,,,0,34,258,La Trinidad,Balili,BSU Back,tomato,,,,TECNO_TECNO_CM8_DF2CAC,controlled,agricapture_data.csv,2
15da2e8f,31,4,5,images/2026/01/21/latrinidad_balili_bsuback_20260121_061510_15da2e8f.jpg,1080,1080,1080p,2026-01-21T06:15:10.577Z,,,,,,,-5,2,264,La Trinidad,Balili,BSU Back,tomato,,,,TECNO_TECNO_CM8_DF2CAC,controlled,agricapture_data.csv,2
051d3d52,31,5,5,images/2026/01/21/latrinidad_balili_bsuback_20260121_061521_051d3d52.jpg,1080,1080,1080p,2026-01-21T06:15:21.189Z,,,,,,,25,9,252,La Trinidad,Balili,BSU Back,tomato,,,,TECNO_TECNO_CM8_DF2CAC,controlled,agricapture_data.csv,2
0beb26a7,21,1,5,images/2026/01/21/latrinidad_balili_bsuback_20260121_061618_0beb26a7.jpg,1080,1080,1080p,2026-01-21T06:16:18.678Z,,,,,,,4,-15,249,La Trinidad,Balili,BSU Back,custom_follow_through,,,,TECNO_TECNO_CM8_DF2CAC,controlled,agricapture_data.csv,2
75cbd91f,21,2,5,images/2026/01/21/latrinidad_balili_bsuback_20260121_061621_75cbd91f.jpg,1080,1080,1080p,2026-01-21T06:16:21.781Z,,,,,,,11,4,251,La Trinidad,Balili,BSU Back,custom_follow_through,,,,TECNO_TECNO_CM8_DF2CAC,controlled,agricapture_data.csv,2
9e6ba7a1,21,3,5,images/2026/01/21/latrinidad_balili_bsuback_20260121_061626_9e6ba7a1.jpg,1080,1080,1080p,2026-01-21T06:16:26.129Z,,,,,,,-5,-1,257,La Trinidad,Balili,BSU Back,custom_follow_through,,,,TECNO_TECNO_CM8_DF2CAC,controlled,agricapture_data.csv,2
a4778bdf,21,4,5,images/2026/01/21/latrinidad_balili_bsuback_20260121_061629_a4778bdf.jpg,1080,1080,1080p,2026-01-21T06:16:29.667Z,,,,,,,2,41,265,La Trinidad,Balili,BSU Back,custom_follow_through,,,,TECNO_TECNO_CM8_DF2CAC,controlled,agricapture_data.csv,2
7d2f4568,21,5,5,images/2026/01/21/latrinidad_balili_bsuback_20260121_061635_7d2f4568.jpg,1080,1080,1080p,2026-01-21T06:16:35.465Z,,,,,,,-8,-1,266,La Trinidad,Balili,BSU Back,custom_follow_through,,,,TECNO_TECNO_CM8_DF2CAC,controlled,agricapture_data.csv,2
1974b62c,22,1,5,images/2026/01/21/latrinidad_balili_bsuback_20260121_061816_1974b62c.jpg,1080,1080,1080p,2026-01-21T06:18:16.623Z,,,,,,,4,-10,256,La Trinidad,Balili,BSU Back,custom_follow_through,,,,TECNO_TECNO_CM8_DF2CAC,controlled,agricapture_data.csv,2
67c298e0,22,2,5,images/2026/01/21/latrinidad_balili_bsuback_20260121_061819_67c298e0.jpg,1080,1080,1080p,2026-01-21T06:18:19.854Z,,,,,,,-1,-28,268,La Trinidad,Balili,BSU Back,custom_follow_through,,,,TECNO_TECNO_CM8_DF2CAC,controlled,agricapture_data.csv,2
854e9ff0,22,3,5,images/2026/01/21/latrinidad_balili_bsuback_20260121_061830_854e9ff0.jpg,1080,1080,1080p,2026-01-21T06:18:30.214Z,,,,,,,-3,12,259,La Trinidad,Balili,BSU Back,custom_follow_through,,,,TECNO_TECNO_CM8_DF2CAC,controlled,agricapture_data.csv,2
085a6b6b,22,4,5,images/2026/01/21/latrinidad_balili_bsuback_20260121_061835_085a6b6b.jpg,1080,1080,1080p,2026-01-21T06:18:35.128Z,,,,,,,-19,-2,268,La Trinidad,Balili,BSU Back,custom_follow_through,,,,TECNO_TECNO_CM8_DF2CAC,controlled,agricapture_data.csv,2
b4d19c72,22,5,5,images/2026/01/21/latrinidad_balili_bsuback_20260121_061844_b4d19c72.jpg,1080,1080,1080p,2026-01-21T06:18:44.396Z,,,,,,,4,-15,272,La Trinidad,Balili,BSU Back,custom_follow_through,,,,TECNO_TECNO_CM8_DF2CAC,controlled,agricapture_data.csv,2
6df74293,32,1,5,images/2026/01/21/latrinidad_balili_bsuback_20260121_062013_6df74293.jpg,1080,1080,1080p,2026-01-21T06:20:13.792Z,,,,,,,6,-5,274,La Trinidad,Balili,BSU Back,tomato,,,,TECNO_TECNO_CM8_DF2CAC,controlled,agricapture_data.csv,2
84c8f6ac,32,2,5,images/2026/01/21/latrinidad_balili_bsuback_20260121_062024_84c8f6ac.jpg,1080,1080,1080p,2026-01-21T06:20:24.099Z,,,,,,,4,2,276,La Trinidad,Balili,BSU Back,tomato,,,,TECNO_TECNO_CM8_DF2CAC,controlled,agricapture_data.csv,2
132ff1f2,32,3,5,images/2026/01/21/latrinidad_balili_bsuback_20260121_062027_132ff1f2.jpg,1080,1080,1080p,2026-01-21T06:20:27.177Z,,,,,,,-1,28,281,La Trinidad,Balili,BSU Back,tomato,,,,TECNO_TECNO_CM8_DF2CAC,controlled,agricapture_data.csv,2
1cdc9903,32,4,5,images/2026/01/21/latrinidad_balili_bsuback_20260121_062030_1cdc9903.jpg,1080,1080,1080p,2026-01-21T06:20:30.330Z,,,,,,,-25,2,282,La Trinidad,Balili,BSU Back,tomato,,,,TECNO_TECNO_CM8_DF2CAC,controlled,agricapture_data.csv,2
39ade3f8,32,5,5,images/2026/01/21/latrinidad_balili_bsuback_20260121_062034_39ade3f8.jpg,1080,1080,1080p,2026-01-21T06:20:34.573Z,,,,,,,1,1,275,La Trinidad,Balili,BSU Back,tomato,,,,TECNO_TECNO_CM8_DF2CAC,controlled,agricapture_data.csv,2
a7a16d7b,30,1,5,images/2026/01/21/latrinidad_balili_bsuback_20260121_062111_a7a16d7b.jpg,1080,1080,1080p,2026-01-21T06:21:11.898Z,,,,,,,-1,-14,278,La Trinidad,Balili,BSU Back,custom_follow_through,,,,TECNO_TECNO_CM8_DF2CAC,controlled,agricapture_data.csv,2
4415d5fc,30,2,5,images/2026/01/21/latrinidad_balili_bsuback_20260121_062115_4415d5fc.jpg,1080,1080,1080p,2026-01-21T06:21:15.329Z,,,,,,,-3,27,269,La Trinidad,Balili,BSU Back,custom_follow_through,,,,TECNO_TECNO_CM8_DF2CAC,controlled,agricapture_data.csv,2
9629928b,30,3,5,images/2026/01/21/latrinidad_balili_bsuback_20260121_062121_9629928b.jpg,1080,1080,1080p,2026-01-21T06:21:21.023Z,,,,,,,4,-6,272,La Trinidad,Balili,BSU Back,custom_follow_through,,,,TECNO_TECNO_CM8_DF2CAC,controlled,agricapture_data.csv,2
59b0027b,30,4,5,images/2026/01/21/latrinidad_balili_bsuback_20260121_062124_59b0027b.jpg,1080,1080,1080p,2026-01-21T06:21:24.020Z,,,,,,,16,-7,273,La Trinidad,Balili,BSU Back,custom_follow_through,,,,TECNO_TECNO_CM8_DF2CAC,controlled,agricapture_data.csv,2
71eaad38,30,5,5,images/2026/01/21/latrinidad_balili_bsuback_20260121_062127_71eaad38.jpg,1080,1080,1080p,2026-01-21T06:21:27.256Z,,,,,,,18,-12,274,La Trinidad,Balili,BSU Back,custom_follow_through,,,,TECNO_TECNO_CM8_DF2CAC,controlled,agricapture_data.csv,2
5f4c56d2,43,1,5,images/2026/01/21/latrinidad_balili_bsuback_20260121_062145_5f4c56d2.jpg,1080,1080,1080p,2026-01-21T06:21:45.844Z,,,,,,,4,-24,267,La Trinidad,Balili,BSU Back,corn,,,,TECNO_TECNO_CM8_DF2CAC,controlled,agricapture_data.csv,2
976fb6ba,43,2,5,images/2026/01/21/latrinidad_balili_bsuback_20260121_062148_976fb6ba.jpg,1080,1080,1080p,2026-01-21T06:21:48.552Z,,,,,,,4,22,262,La Trinidad,Balili,BSU Back,corn,,,,TECNO_TECNO_CM8_DF2CAC,controlled,agricapture_data.csv,2
9f0573e1,43,3,5,images/2026/01/21/latrinidad_balili_bsuback_20260121_062151_9f0573e1.jpg,1080,1080,1080p,2026-01-21T06:21:51.430Z,,,,,,,15,-8,262,La Trinidad,Balili,BSU Back,corn,,,,TECNO_TECNO_CM8_DF2CAC,controlled,agricapture_data.csv,2
ef4c28ff,43,4,5,images/2026/01/21/latrinidad_balili_bsuback_20260121_062154_ef4c28ff.jpg,1080,1080,1080p,2026-01-21T06:21:54.159Z,,,,,,,-7,-11,266,La Trinidad,Balili,BSU Back,corn,,,,TECNO_TECNO_CM8_DF2CAC,controlled,agricapture_data.csv,2
7ba3ea1b,43,5,5,images/2026/01/21/latrinidad_balili_bsuback_20260121_062157_7ba3ea1b.jpg,1080,1080,1080p,2026-01-21T06:21:57.024Z,,,,,,,-32,-15,268,La Trinidad,Balili,BSU Back,corn,,,,TECNO_TECNO_CM8_DF2CAC,controlled,agricapture_data.csv,2
2d22b158,49,1,5,images/2026/01/21/latrinidad_balili_bsuback_20260121_062242_2d22b158.jpg,1080,1080,1080p,2026-01-21T06:22:42.229Z,,,,,,,11,7,265,La Trinidad,Balili,BSU Back,custom_follow_through,,,,TECNO_TECNO_CM8_DF2CAC,controlled,agricapture_data.csv,2
e1bd971f,49,2,5,images/2026/01/21/latrinidad_balili_bsuback_20260121_062245_e1bd971f.jpg,1080,1080,1080p,2026-01-21T06:22:45.041Z,,,,,,,21,2,261,La Trinidad,Balili,BSU Back,custom_follow_through,,,,TECNO_TECNO_CM8_DF2CAC,controlled,agricapture_data.csv,2
fc67023d,49,3,5,images/2026/01/21/latrinidad_balili_bsuback_20260121_062251_fc67023d.jpg,1080,1080,1080p,2026-01-21T06:22:51.977Z,,,,,,,-27,-8,273,La Trinidad,Balili,BSU Back,custom_follow_through,,,,TECNO_TECNO_CM8_DF2CAC,controlled,agricapture_data.csv,2
8d9f6fa3,49,4,5,images/2026/01/21/latrinidad_balili_bsuback_20260121_062256_8d9f6fa3.jpg,1080,1080,1080p,2026-01-21T06:22:56.583Z,,,,,,,0,27,269,La Trinidad,Balili,BSU Back,custom_follow_through,,,,TECNO_TECNO_CM8_DF2CAC,controlled,agricapture_data.csv,2
49249862,49,5,5,images/2026/01/21/latrinidad_balili_bsuback_20260121_062303_49249862.jpg,1080,1080,1080p,2026-01-21T06:23:03.391Z,,,,,,,4,-3,273,La Trinidad,Balili,BSU Back,custom_follow_through,,,,TECNO_TECNO_CM8_DF2CAC,controlled,agricapture_data.csv,2
0aa6d847,37,1,5,images/2026/01/21/latrinidad_balili_bsuback_20260121_062414_0aa6d847.jpg,1080,1080,1080p,2026-01-21T06:24:14.552Z,,,,,,,0,-13,283,La Trinidad,Balili,BSU Back,custom_follow_through,,,,TECNO_TECNO_CM8_DF2CAC,controlled,agricapture_data.csv,2
6f75f99b,37,2,5,images/2026/01/21/latrinidad_balili_bsuback_20260121_062417_6f75f99b.jpg,1080,1080,1080p,2026-01-21T06:24:17.567Z,,,,,,,15,5,280,La Trinidad,Balili,BSU Back,custom_follow_through,,,,TECNO_TECNO_CM8_DF2CAC,controlled,agricapture_data.csv,2
e091dc81,37,3,5,images/2026/01/21/latrinidad_balili_bsuback_20260121_062420_e091dc81.jpg,1080,1080,1080p,2026-01-21T06:24:20.591Z,,,,,,,0,34,278,La Trinidad,Balili,BSU Back,custom_follow_through,,,,TECNO_TECNO_CM8_DF2CAC,controlled,agricapture_data.csv,2
20eb39eb,37,4,5,images/2026/01/21/latrinidad_balili_bsuback_20260121_062423_20eb39eb.jpg,1080,1080,1080p,2026-01-21T06:24:23.546Z,,,,,,,-22,8,287,La Trinidad,Balili,BSU Back,custom_follow_through,,,,TECNO_TECNO_CM8_DF2CAC,controlled,agricapture_data.csv,2
c7c9248b,37,5,5,images/2026/01/21/latrinidad_balili_bsuback_20260121_062426_c7c9248b.jpg,1080,1080,1080p,2026-01-21T06:24:26.976Z,,,,,,,6,-14,278,La Trinidad,Balili,BSU Back,custom_follow_through,,,,TECNO_TECNO_CM8_DF2CAC,controlled,agricapture_data.csv,2
f3c81021,48,1,5,images/2026/01/21/latrinidad_balili_bsuback_20260121_062454_f3c81021.jpg,1080,1080,1080p,2026-01-21T06:24:54.685Z,,,,,,,0,-22,295,La Trinidad,Balili,BSU Back,custom_follow_through,,,,TECNO_TECNO_CM8_DF2CAC,controlled,agricapture_data.csv,2
e4ac55f9,48,2,5,images/2026/01/21/latrinidad_balili_bsuback_20260121_062458_e4ac55f9.jpg,1080,1080,1080p,2026-01-21T06:24:58.710Z,,,,,,,12,-1,280,La Trinidad,Balili,BSU Back,custom_follow_through,,,,TECNO_TECNO_CM8_DF2CAC,controlled,agricapture_data.csv,2
55c28fca,48,3,5,images/2026/01/21/latrinidad_balili_bsuback_20260121_062502_55c28fca.jpg,1080,1080,1080p,2026-01-21T06:25:02.012Z,,,,,,,-26,2,284,La Trinidad,Balili,BSU Back,custom_follow_through,,,,TECNO_TECNO_CM8_DF2CAC,controlled,agricapture_data.csv,2
cfa47ba8,48,4,5,images/2026/01/21/latrinidad_balili_bsuback_20260121_062505_cfa47ba8.jpg,1080,1080,1080p,2026-01-21T06:25:05.735Z,,,,,,,1,29,289,La Trinidad,Balili,BSU Back,custom_follow_through,,,,TECNO_TECNO_CM8_DF2CAC,controlled,agricapture_data.csv,2
a82d3306,39,1,5,images/2026/01/21/latrinidad_balili_bsuback_20260121_062615_a82d3306.jpg,1080,1080,1080p,2026-01-21T06:26:15.043Z,,,,,,,9,4,276,La Trinidad,Balili,BSU Back,custom_follow_through,,,,TECNO_TECNO_CM8_DF2CAC,controlled,agricapture_data.csv,2
c0a7905d,39,2,5,images/2026/01/21/latrinidad_balili_bsuback_20260121_062618_c0a7905d.jpg,1080,1080,1080p,2026-01-21T06:26:18.610Z,,,,,,,-16,3,279,La Trinidad,Balili,BSU Back,custom_follow_through,,,,TECNO_TECNO_CM8_DF2CAC,controlled,agricapture_data.csv,2
8d1ee330,39,3,5,images/2026/01/21/latrinidad_balili_bsuback_20260121_062622_8d1ee330.jpg,1080,1080,1080p,2026-01-21T06:26:22.098Z,,,,,,,-1,30,272,La Trinidad,Balili,BSU Back,custom_follow_through,,,,TECNO_TECNO_CM8_DF2CAC,controlled,agricapture_data.csv,2
8d90a2a1,39,4,5,images/2026/01/21/latrinidad_balili_bsuback_20260121_062625_8d90a2a1.jpg,1080,1080,1080p,2026-01-21T06:26:25.690Z,,,,,,,-4,-22,276,La Trinidad,Balili,BSU Back,custom_follow_through,,,,TECNO_TECNO_CM8_DF2CAC,controlled,agricapture_data.csv,2
284c81ef,39,5,5,images/2026/01/21/latrinidad_balili_bsuback_20260121_062636_284c81ef.jpg,1080,1080,1080p,2026-01-21T06:26:36.018Z,,,,,,,8,1,271,La Trinidad,Balili,BSU Back,custom_follow_through,,,,TECNO_TECNO_CM8_DF2CAC,controlled,agricapture_data.csv,2
06c7f03f,47,1,5,images/2026/01/21/latrinidad_balili_bsuback_20260121_062715_06c7f03f.jpg,1080,1080,1080p,2026-01-21T06:27:15.079Z,,,,,,,22,-2,266,La Trinidad,Balili,BSU Back,custom_follow_through,,,,TECNO_TECNO_CM8_DF2CAC,controlled,agricapture_data.csv,2
1b6197a0,47,2,5,images/2026/01/21/latrinidad_balili_bsuback_20260121_062718_1b6197a0.jpg,1080,1080,1080p,2026-01-21T06:27:18.664Z,,,,,,,3,31,262,La Trinidad,Balili,BSU Back,custom_follow_through,,,,TECNO_TECNO_CM8_DF2CAC,controlled,agricapture_data.csv,2
f965e91f,47,3,5,images/2026/01/21/latrinidad_balili_bsuback_20260121_062722_f965e91f.jpg,1080,1080,1080p,2026-01-21T06:27:22.338Z,,,,,,,-18,33,285,La Trinidad,Balili,BSU Back,custom_follow_through,,,,TECNO_TECNO_CM8_DF2CAC,controlled,agricapture_data.csv,2
19dbcbf3,47,4,5,images/2026/01/21/latrinidad_balili_bsuback_20260121_062726_19dbcbf3.jpg,1080,1080,1080p,2026-01-21T06:27:26.102Z,,,,,,,-5,-22,280,La Trinidad,Balili,BSU Back,custom_follow_through,,,,TECNO_TECNO_CM8_DF2CAC,controlled,agricapture_data.csv,2
1ae72cea,47,5,5,images/2026/01/21/latrinidad_balili_bsuback_20260121_062738_1ae72cea.jpg,1080,1080,1080p,2026-01-21T06:27:38.342Z,,,,,,,14,2,272,La Trinidad,Balili,BSU Back,custom_follow_through,,,,TECNO_TECNO_CM8_DF2CAC,controlled,agricapture_data.csv,2
a79e2740,55,1,5,images/2026/01/21/latrinidad_balili_bsuback_20260121_062850_a79e2740.jpg,1080,1080,1080p,2026-01-21T06:28:50.874Z,,,,,,,4,-4,280,La Trinidad,Balili,BSU Back,broccoli,,,,TECNO_TECNO_CM8_DF2CAC,controlled,agricapture_data.csv,2
7e187c6f,55,2,5,images/2026/01/21/latrinidad_balili_bsuback_20260121_062854_7e187c6f.jpg,1080,1080,1080p,2026-01-21T06:28:54.833Z,,,,,,,-4,-29,285,La Trinidad,Balili,BSU Back,broccoli,,,,TECNO_TECNO_CM8_DF2CAC,controlled,agricapture_data.csv,2
88f86b32,55,3,5,images/2026/01/21/latrinidad_balili_bsuback_20260121_062858_88f86b32.jpg,1080,1080,1080p,2026-01-21T06:28:58.878Z,,,,,,,21,-3,273,La Trinidad,Balili,BSU Back,broccoli,,,,TECNO_TECNO_CM8_DF2CAC,controlled,agricapture_data.csv,2
08b1cd14,55,4,5,images/2026/01/21/latrinidad_balili_bsuback_20260121_062902_08b1cd14.jpg,1080,1080,1080p,2026-01-21T06:29:02.803Z,,,,,,,-26,4,277,La Trinidad,Balili,BSU Back,broccoli,,,,TECNO_TECNO_CM8_DF2CAC,controlled,agricapture_data.csv,2
a1f200bb,55,5,5,images/2026/01/21/latrinidad_balili_bsuback_20260121_062907_a1f200bb.jpg,1080,1080,1080p,2026-01-21T06:29:07.578Z,,,,,,,5,-1,277,La Trinidad,Balili,BSU Back,broccoli,,,,TECNO_TECNO_CM8_DF2CAC,controlled,agricapture_data.csv,2
594c0fcc,53,1,5,images/2026/01/21/latrinidad_balili_bsuback_20260121_063005_594c0fcc.jpg,1080,1080,1080p,2026-01-21T06:30:05.392Z,,,,,,,-1,-16,301,La Trinidad,Balili,BSU Back,broccoli,,,,TECNO_TECNO_CM8_DF2CAC,controlled,agricapture_data.csv,2
4b4a83d6,53,2,5,images/2026/01/21/latrinidad_balili_bsuback_20260121_063009_4b4a83d6.jpg,1080,1080,1080p,2026-01-21T06:30:09.550Z,,,,,,,-1,22,301,La Trinidad,Balili,BSU Back,broccoli,,,,TECNO_TECNO_CM8_DF2CAC,controlled,agricapture_data.csv,2
1b84e5fb,53,3,5,images/2026/01/21/latrinidad_balili_bsuback_20260121_063013_1b84e5fb.jpg,1080,1080,1080p,2026-01-21T06:30:13.628Z,,,,,,,-32,0,315,La Trinidad,Balili,BSU Back,broccoli,,,,TECNO_TECNO_CM8_DF2CAC,controlled,agricapture_data.csv,2
dd2e5e62,53,4,5,images/2026/01/21/latrinidad_balili_bsuback_20260121_063017_dd2e5e62.jpg,1080,1080,1080p,2026-01-21T06:30:17.750Z,,,,,,,18,18,292,La Trinidad,Balili,BSU Back,broccoli,,,,TECNO_TECNO_CM8_DF2CAC,controlled,agricapture_data.csv,2
80fb8803,53,5,5,images/2026/01/21/latrinidad_balili_bsuback_20260121_063027_80fb8803.jpg,1080,1080,1080p,2026-01-21T06:30:27.483Z,,,,,,,-6,-2,310,La Trinidad,Balili,BSU Back,broccoli,,,,TECNO_TECNO_CM8_DF2CAC,controlled,agricapture_data.csv,2
ecedb774,38,1,5,images/2026/01/21/latrinidad_balili_bsuback_20260121_063116_ecedb774.jpg,1080,1080,1080p,2026-01-21T06:31:16.266Z,,,,,,,-2,31,263,La Trinidad,Balili,BSU Back,custom_follow_through,,,,TECNO_TECNO_CM8_DF2CAC,controlled,agricapture_data.csv,2
525f8879,38,2,5,images/2026/01/21/latrinidad_balili_bsuback_20260121_063120_525f8879.jpg,1080,1080,1080p,2026-01-21T06:31:20.727Z,,,,,,,-6,-31,272,La Trinidad,Balili,BSU Back,custom_follow_through,,,,TECNO_TECNO_CM8_DF2CAC,controlled,agricapture_data.csv,2
8b079d5c,38,3,5,images/2026/01/21/latrinidad_balili_bsuback_20260121_063125_8b079d5c.jpg,1080,1080,1080p,2026-01-21T06:31:25.016Z,,,,,,,17,-4,264,La Trinidad,Balili,BSU Back,custom_follow_through,,,,TECNO_TECNO_CM8_DF2CAC,controlled,agricapture_data.csv,2
333d5cd6,38,4,5,images/2026/01/21/latrinidad_balili_bsuback_20260121_063130_333d5cd6.jpg,1080,1080,1080p,2026-01-21T06:31:30.404Z,,,,,,,-23,9,234,La Trinidad,Balili,BSU Back,custom_follow_through,,,,TECNO_TECNO_CM8_DF2CAC,controlled,agricapture_data.csv,2
f9c6f5f5,38,5,5,images/2026/01/21/latrinidad_balili_bsuback_20260121_063136_f9c6f5f5.jpg,1080,1080,1080p,2026-01-21T06:31:36.238Z,,,,,,,10,2,272,La Trinidad,Balili,BSU Back,custom_follow_through,,,,TECNO_TECNO_CM8_DF2CAC,controlled,agricapture_data.csv,2
f84d0a5d,65,1,5,images/2026/01/21/latrinidad_balili_bsuback_20260121_063932_f84d0a5d.jpg,1080,1080,1080p,2026-01-21T06:39:32.711Z,,,,,,,2,2,204,La Trinidad,Balili,BSU Back,"cabbage,custom_chinese_cabbage",,,,TECNO_TECNO_CM8_DF2CAC,controlled,agricapture_data.csv,3
9cdf5593,65,2,5,images/2026/01/21/latrinidad_balili_bsuback_20260121_063937_9cdf5593.jpg,1080,1080,1080p,2026-01-21T06:39:37.213Z,,,,,,,16,1,206,La Trinidad,Balili,BSU Back,"cabbage,custom_chinese_cabbage",,,,TECNO_TECNO_CM8_DF2CAC,controlled,agricapture_data.csv,3
01e329ed,65,3,5,images/2026/01/21/latrinidad_balili_bsuback_20260121_063941_01e329ed.jpg,1080,1080,1080p,2026-01-21T06:39:41.751Z,,,,,,,-15,13,203,La Trinidad,Balili,BSU Back,"cabbage,custom_chinese_cabbage",,,,TECNO_TECNO_CM8_DF2CAC,controlled,agricapture_data.csv,3
b1348dd8,65,4,5,images/2026/01/21/latrinidad_balili_bsuback_20260121_063946_b1348dd8.jpg,1080,1080,1080p,2026-01-21T06:39:46.255Z,,,,,,,-5,32,205,La Trinidad,Balili,BSU Back,"cabbage,custom_chinese_cabbage",,,,TECNO_TECNO_CM8_DF2CAC,controlled,agricapture_data.csv,3
6675ff04,65,5,5,images/2026/01/21/latrinidad_balili_bsuback_20260121_063951_6675ff04.jpg,1080,1080,1080p,2026-01-21T06:39:51.318Z,,,,,,,2,-1,198,La Trinidad,Balili,BSU Back,"cabbage,custom_chinese_cabbage",,,,TECNO_TECNO_CM8_DF2CAC,controlled,agricapture_data.csv,3
ac29a57f,64,1,5,images/2026/01/21/latrinidad_balili_bsuback_20260121_064037_ac29a57f.jpg,1080,1080,1080p,2026-01-21T06:40:37.684Z,,,,,,,2,-12,203,La Trinidad,Balili,BSU Back,cabbage,,,,TECNO_TECNO_CM8_DF2CAC,controlled,agricapture_data.csv,3
6f631e86,64,2,5,images/2026/01/21/latrinidad_balili_bsuback_20260121_064042_6f631e86.jpg,1080,1080,1080p,2026-01-21T06:40:42.727Z,,,,,,,8,3,199,La Trinidad,Balili,BSU Back,cabbage,,,,TECNO_TECNO_CM8_DF2CAC,controlled,agricapture_data.csv,3
1726310d,64,3,5,images/2026/01/21/latrinidad_balili_bsuback_20260121_064053_1726310d.jpg,1080,1080,1080p,2026-01-21T06:40:53.318Z,,,,,,,-2,24,195,La Trinidad,Balili,BSU Back,cabbage,,,,TECNO_TECNO_CM8_DF2CAC,controlled,agricapture_data.csv,3
7f38948d,64,4,5,images/2026/01/21/latrinidad_balili_bsuback_20260121_064058_7f38948d.jpg,1080,1080,1080p,2026-01-21T06:40:58.475Z,,,,,,,-21,7,200,La Trinidad,Balili,BSU Back,cabbage,,,,TECNO_TECNO_CM8_DF2CAC,controlled,agricapture_data.csv,3
bc3641f0,64,5,5,images/2026/01/21/latrinidad_balili_bsuback_20260121_064104_bc3641f0.jpg,1080,1080,1080p,2026-01-21T06:41:04.841Z,,,,,,,0,-1,202,La Trinidad,Balili,BSU Back,cabbage,,,,TECNO_TECNO_CM8_DF2CAC,controlled,agricapture_data.csv,3
b222d1e0,32,1,5,images/2026/01/21/latrinidad_balili_bsuback_20260121_064145_b222d1e0.jpg,1080,1080,1080p,2026-01-21T06:41:45.036Z,,,,,,,4,-1,224,La Trinidad,Balili,BSU Back,tomato,,,,TECNO_TECNO_CM8_DF2CAC,controlled,agricapture_data.csv,3
a9cd6677,32,2,5,images/2026/01/21/latrinidad_balili_bsuback_20260121_064150_a9cd6677.jpg,1080,1080,1080p,2026-01-21T06:41:50.059Z,,,,,,,18,9,210,La Trinidad,Balili,BSU Back,tomato,,,,TECNO_TECNO_CM8_DF2CAC,controlled,agricapture_data.csv,3
b9c8f800,32,3,5,images/2026/01/21/latrinidad_balili_bsuback_20260121_064155_b9c8f800.jpg,1080,1080,1080p,2026-01-21T06:41:55.067Z,,,,,,,-5,26,209,La Trinidad,Balili,BSU Back,tomato,,,,TECNO_TECNO_CM8_DF2CAC,controlled,agricapture_data.csv,3
a3d80175,32,4,5,images/2026/01/21/latrinidad_balili_bsuback_20260121_064200_a3d80175.jpg,1080,1080,1080p,2026-01-21T06:42:00.389Z,,,,,,,-19,15,209,La Trinidad,Balili,BSU Back,tomato,,,,TECNO_TECNO_CM8_DF2CAC,controlled,agricapture_data.csv,3
79962287,32,5,5,images/2026/01/21/latrinidad_balili_bsuback_20260121_064215_79962287.jpg,1080,1080,1080p,2026-01-21T06:42:15.455Z,,,,,,,4,-4,216,La Trinidad,Balili,BSU Back,tomato,,,,TECNO_TECNO_CM8_DF2CAC,controlled,agricapture_data.csv,3
8f05d900,61,1,5,images/2026/01/21/latrinidad_balili_bsuback_20260121_064238_8f05d900.jpg,1080,1080,1080p,2026-01-21T06:42:38.012Z,,,,,,,14,-5,203,La Trinidad,Balili,BSU Back,cabbage,,,,TECNO_TECNO_CM8_DF2CAC,controlled,agricapture_data.csv,3
af95af56,61,2,5,images/2026/01/21/latrinidad_balili_bsuback_20260121_064243_af95af56.jpg,1080,1080,1080p,2026-01-21T06:42:43.988Z,,,,,,,18,1,199,La Trinidad,Balili,BSU Back,cabbage,,,,TECNO_TECNO_CM8_DF2CAC,controlled,agricapture_data.csv,3
3c61f9c3,61,3,5,images/2026/01/21/latrinidad_balili_bsuback_20260121_064256_3c61f9c3.jpg,1080,1080,1080p,2026-01-21T06:42:56.192Z,,,,,,,0,13,193,La Trinidad,Balili,BSU Back,cabbage,,,,TECNO_TECNO_CM8_DF2CAC,controlled,agricapture_data.csv,3
c7be660f,61,4,5,images/2026/01/21/latrinidad_balili_bsuback_20260121_064301_c7be660f.jpg,1080,1080,1080p,2026-01-21T06:43:01.829Z,,,,,,,12,11,196,La Trinidad,Balili,BSU Back,cabbage,,,,TECNO_TECNO_CM8_DF2CAC,controlled,agricapture_data.csv,3
7ed5ece0,61,5,5,images/2026/01/21/latrinidad_balili_bsuback_20260121_064324_7ed5ece0.jpg,1080,1080,1080p,2026-01-21T06:43:24.121Z,,,,,,,4,6,237,La Trinidad,Balili,BSU Back,cabbage,,,,TECNO_TECNO_CM8_DF2CAC,controlled,agricapture_data.csv,3
6bf67b01,20,1,5,images/2026/01/21/latrinidad_betag_sf_20260121_045541_6bf67b01.jpg,1080,1080,1080p,2026-01-21T04:55:41.260Z,,,,,,,39,0,196,La Trinidad,Betag,SF,lettuce,,,,TECNO_TECNO_CM8_DF2CAC,controlled,agricapture_data.csv,1
04719b59,20,2,5,images/2026/01/21/latrinidad_betag_sf_20260121_045543_04719b59.jpg,1080,1080,1080p,2026-01-21T04:55:43.877Z,,,,,,,28,0,197,La Trinidad,Betag,SF,lettuce,,,,TECNO_TECNO_CM8_DF2CAC,controlled,agricapture_data.csv,1
55ffc979,20,3,5,images/2026/01/21/latrinidad_betag_sf_20260121_045546_55ffc979.jpg,1080,1080,1080p,2026-01-21T04:55:46.838Z,,,,,,,17,0,197,La Trinidad,Betag,SF,lettuce,,,,TECNO_TECNO_CM8_DF2CAC,controlled,agricapture_data.csv,1
424a3850,20,4,5,images/2026/01/21/latrinidad_betag_sf_20260121_045549_424a3850.jpg,1080,1080,1080p,2026-01-21T04:55:49.945Z,,,,,,,5,0,198,La Trinidad,Betag,SF,lettuce,,,,TECNO_TECNO_CM8_DF2CAC,controlled,agricapture_data.csv,1
d615d4ba,19,1,5,images/2026/01/21/latrinidad_betag_sf_20260121_045632_d615d4ba.jpg,1080,1080,1080p,2026-01-21T04:56:32.760Z,,,,,,,37,0,198,La Trinidad,Betag,SF,lettuce,,,,TECNO_TECNO_CM8_DF2CAC,controlled,agricapture_data.csv,1
3a815495,19,2,5,images/2026/01/21/latrinidad_betag_sf_20260121_045638_3a815495.jpg,1080,1080,1080p,2026-01-21T04:56:38.035Z,,,,,,,22,1,198,La Trinidad,Betag,SF,lettuce,,,,TECNO_TECNO_CM8_DF2CAC,controlled,agricapture_data.csv,1
799363ed,19,3,5,images/2026/01/21/latrinidad_betag_sf_20260121_045641_799363ed.jpg,1080,1080,1080p,2026-01-21T04:56:41.028Z,,,,,,,13,1,198,La Trinidad,Betag,SF,lettuce,,,,TECNO_TECNO_CM8_DF2CAC,controlled,agricapture_data.csv,1
09ca69d3,19,4,5,images/2026/01/21/latrinidad_betag_sf_20260121_045644_09ca69d3.jpg,1080,1080,1080p,2026-01-21T04:56:44.288Z,,,,,,,4,0,199,La Trinidad,Betag,SF,lettuce,,,,TECNO_TECNO_CM8_DF2CAC,controlled,agricapture_data.csv,1
e55c9cb5,17,1,5,images/2026/01/21/latrinidad_betag_sf_20260121_045746_e55c9cb5.jpg,1080,1080,1080p,2026-01-21T04:57:46.705Z,,,,,,,40,-1,193,La Trinidad,Betag,SF,lettuce,,,,TECNO_TECNO_CM8_DF2CAC,controlled,agricapture_data.csv,1
d9f8e58a,17,2,5,images/2026/01/21/latrinidad_betag_sf_20260121_045749_d9f8e58a.jpg,1080,1080,1080p,2026-01-21T04:57:49.656Z,,,,,,,31,0,192,La Trinidad,Betag,SF,lettuce,,,,TECNO_TECNO_CM8_DF2CAC,controlled,agricapture_data.csv,1
011cf099,17,3,5,images/2026/01/21/latrinidad_betag_sf_20260121_045752_011cf099.jpg,1080,1080,1080p,2026-01-21T04:57:52.638Z,,,,,,,19,0,193,La Trinidad,Betag,SF,lettuce,,,,TECNO_TECNO_CM8_DF2CAC,controlled,agricapture_data.csv,1
57b4a771,17,4,5,images/2026/01/21/latrinidad_betag_sf_20260121_045755_57b4a771.jpg,1080,1080,1080p,2026-01-21T04:57:55.939Z,,,,,,,9,0,193,La Trinidad,Betag,SF,lettuce,,,,TECNO_TECNO_CM8_DF2CAC,controlled,agricapture_data.csv,1
1c03311f,22,1,5,images/2026/01/21/latrinidad_betag_sf_20260121_045832_1c03311f.jpg,1080,1080,1080p,2026-01-21T04:58:32.843Z,,,,,,,44,-1,196,La Trinidad,Betag,SF,lettuce,,,,TECNO_TECNO_CM8_DF2CAC,controlled,agricapture_data.csv,1
1fa4a319,22,2,5,images/2026/01/21/latrinidad_betag_sf_20260121_045835_1fa4a319.jpg,1080,1080,1080p,2026-01-21T04:58:35.864Z,,,,,,,34,-1,196,La Trinidad,Betag,SF,lettuce,,,,TECNO_TECNO_CM8_DF2CAC,controlled,agricapture_data.csv,1
9f47b223,22,3,5,images/2026/01/21/latrinidad_betag_sf_20260121_045838_9f47b223.jpg,1080,1080,1080p,2026-01-21T04:58:38.950Z,,,,,,,25,1,197,La Trinidad,Betag,SF,lettuce,,,,TECNO_TECNO_CM8_DF2CAC,controlled,agricapture_data.csv,1
f409a780,22,4,5,images/2026/01/21/latrinidad_betag_sf_20260121_045842_f409a780.jpg,1080,1080,1080p,2026-01-21T04:58:42.184Z,,,,,,,14,1,197,La Trinidad,Betag,SF,lettuce,,,,TECNO_TECNO_CM8_DF2CAC,controlled,agricapture_data.csv,1
05a158d3,18,1,5,images/2026/01/21/latrinidad_betag_sf_20260121_045913_05a158d3.jpg,1080,1080,1080p,2026-01-21T04:59:13.250Z,,,,,,,31,-1,194,La Trinidad,Betag,SF,lettuce,,,,TECNO_TECNO_CM8_DF2CAC,controlled,agricapture_data.csv,1
f487b9a5,18,2,5,images/2026/01/21/latrinidad_betag_sf_20260121_045916_f487b9a5.jpg,1080,1080,1080p,2026-01-21T04:59:16.601Z,,,,,,,22,1,195,La Trinidad,Betag,SF,lettuce,,,,TECNO_TECNO_CM8_DF2CAC,controlled,agricapture_data.csv,1
febecd81,18,3,5,images/2026/01/21/latrinidad_betag_sf_20260121_045919_febecd81.jpg,1080,1080,1080p,2026-01-21T04:59:19.976Z,,,,,,,14,0,196,La Trinidad,Betag,SF,lettuce,,,,TECNO_TECNO_CM8_DF2CAC,controlled,agricapture_data.csv,1
7f525678,18,4,5,images/2026/01/21/latrinidad_betag_sf_20260121_045923_7f525678.jpg,1080,1080,1080p,2026-01-21T04:59:23.299Z,,,,,,,6,0,196,La Trinidad,Betag,SF,lettuce,,,,TECNO_TECNO_CM8_DF2CAC,controlled,agricapture_data.csv,1
53487194,16,1,5,images/2026/01/21/latrinidad_betag_sf_20260121_050000_53487194.jpg,1080,1080,1080p,2026-01-21T05:00:00.557Z,,,,,,,37,-1,196,La Trinidad,Betag,SF,lettuce,,,,TECNO_TECNO_CM8_DF2CAC,controlled,agricapture_data.csv,1
51c3ad71,16,2,5,images/2026/01/21/latrinidad_betag_sf_20260121_050003_51c3ad71.jpg,1080,1080,1080p,2026-01-21T05:00:03.796Z,,,,,,,27,1,196,La Trinidad,Betag,SF,lettuce,,,,TECNO_TECNO_CM8_DF2CAC,controlled,agricapture_data.csv,1
0a52542f,16,3,5,images/2026/01/21/latrinidad_betag_sf_20260121_050007_0a52542f.jpg,1080,1080,1080p,2026-01-21T05:00:07.303Z,,,,,,,19,0,196,La Trinidad,Betag,SF,lettuce,,,,TECNO_TECNO_CM8_DF2CAC,controlled,agricapture_data.csv,1
f8e21acc,16,4,5,images/2026/01/21/latrinidad_betag_sf_20260121_050010_f8e21acc.jpg,1080,1080,1080p,2026-01-21T05:00:10.872Z,,,,,,,10,1,197,La Trinidad,Betag,SF,lettuce,,,,TECNO_TECNO_CM8_DF2CAC,controlled,agricapture_data.csv,1
cbf0def3,25,1,5,images/2026/01/21/latrinidad_betag_sf_20260121_050047_cbf0def3.jpg,1080,1080,1080p,2026-01-21T05:00:47.625Z,,,,,,,36,-2,197,La Trinidad,Betag,SF,lettuce,,,,TECNO_TECNO_CM8_DF2CAC,controlled,agricapture_data.csv,1
434059df,25,2,5,images/2026/01/21/latrinidad_betag_sf_20260121_050051_434059df.jpg,1080,1080,1080p,2026-01-21T05:00:51.099Z,,,,,,,27,-1,196,La Trinidad,Betag,SF,lettuce,,,,TECNO_TECNO_CM8_DF2CAC,controlled,agricapture_data.csv,1
60367eac,25,3,5,images/2026/01/21/latrinidad_betag_sf_20260121_050054_60367eac.jpg,1080,1080,1080p,2026-01-21T05:00:54.673Z,,,,,,,19,0,196,La Trinidad,Betag,SF,lettuce,,,,TECNO_TECNO_CM8_DF2CAC,controlled,agricapture_data.csv,1
9eecd06e,25,4,5,images/2026/01/21/latrinidad_betag_sf_20260121_050058_9eecd06e.jpg,1080,1080,1080p,2026-01-21T05:00:58.296Z,,,,,,,9,1,196,La Trinidad,Betag,SF,lettuce,,,,TECNO_TECNO_CM8_DF2CAC,controlled,agricapture_data.csv,1
a6455066,21,1,5,images/2026/01/21/latrinidad_betag_sf_20260121_050125_a6455066.jpg,1080,1080,1080p,2026-01-21T05:01:25.730Z,,,,,,,34,1,196,La Trinidad,Betag,SF,lettuce,,,,TECNO_TECNO_CM8_DF2CAC,controlled,agricapture_data.csv,1
7a14f929,21,2,5,images/2026/01/21/latrinidad_betag_sf_20260121_050129_7a14f929.jpg,1080,1080,1080p,2026-01-21T05:01:29.337Z,,,,,,,27,0,197,La Trinidad,Betag,SF,lettuce,,,,TECNO_TECNO_CM8_DF2CAC,controlled,agricapture_data.csv,1
54d514d5,21,3,5,images/2026/01/21/latrinidad_betag_sf_20260121_050132_54d514d5.jpg,1080,1080,1080p,2026-01-21T05:01:32.995Z,,,,,,,20,0,197,La Trinidad,Betag,SF,lettuce,,,,TECNO_TECNO_CM8_DF2CAC,controlled,agricapture_data.csv,1
218698f0,21,4,5,images/2026/01/21/latrinidad_betag_sf_20260121_050136_218698f0.jpg,1080,1080,1080p,2026-01-21T05:01:36.724Z,,,,,,,10,1,197,La Trinidad,Betag,SF,lettuce,,,,TECNO_TECNO_CM8_DF2CAC,controlled,agricapture_data.csv,1
77d99bc1,23,1,5,images/2026/01/21/latrinidad_betag_sf_20260121_050205_77d99bc1.jpg,1080,1080,1080p,2026-01-21T05:02:05.356Z,,,,,,,36,0,194,La Trinidad,Betag,SF,lettuce,,,,TECNO_TECNO_CM8_DF2CAC,controlled,agricapture_data.csv,1
d9f03d96,23,2,5,images/2026/01/21/latrinidad_betag_sf_20260121_050209_d9f03d96.jpg,1080,1080,1080p,2026-01-21T05:02:09.148Z,,,,,,,29,0,195,La Trinidad,Betag,SF,lettuce,,,,TECNO_TECNO_CM8_DF2CAC,controlled,agricapture_data.csv,1
24728707,23,3,5,images/2026/01/21/latrinidad_betag_sf_20260121_050212_24728707.jpg,1080,1080,1080p,2026-01-21T05:02:12.972Z,,,,,,,21,0,195,La Trinidad,Betag,SF,lettuce,,,,TECNO_TECNO_CM8_DF2CAC,controlled,agricapture_data.csv,1
336783b1,23,4,5,images/2026/01/21/latrinidad_betag_sf_20260121_050216_336783b1.jpg,1080,1080,1080p,2026-01-21T05:02:16.877Z,,,,,,,12,0,195,La Trinidad,Betag,SF,lettuce,,,,TECNO_TECNO_CM8_DF2CAC,controlled,agricapture_data.csv,1
29c36fd5,24,1,5,images/2026/01/21/latrinidad_betag_sf_20260121_050253_29c36fd5.jpg,1080,1080,1080p,2026-01-21T05:02:53.426Z,,,,,,,41,1,196,La Trinidad,Betag,SF,lettuce,,,,TECNO_TECNO_CM8_DF2CAC,controlled,agricapture_data.csv,1
2c98b4eb,24,2,5,images/2026/01/21/latrinidad_betag_sf_20260121_050257_2c98b4eb.jpg,1080,1080,1080p,2026-01-21T05:02:57.390Z,,,,,,,34,-1,197,La Trinidad,Betag,SF,lettuce,,,,TECNO_TECNO_CM8_DF2CAC,controlled,agricapture_data.csv,1
1a3a261f,24,3,5,images/2026/01/21/latrinidad_betag_sf_20260121_050301_1a3a261f.jpg,1080,1080,1080p,2026-01-21T05:03:01.388Z,,,,,,,27,0,198,La Trinidad,Betag,SF,lettuce,,,,TECNO_TECNO_CM8_DF2CAC,controlled,agricapture_data.csv,1
3f321e6e,24,4,5,images/2026/01/21/latrinidad_betag_sf_20260121_050305_3f321e6e.jpg,1080,1080,1080p,2026-01-21T05:03:05.394Z,,,,,,,17,0,198,La Trinidad,Betag,SF,lettuce,,,,TECNO_TECNO_CM8_DF2CAC,controlled,agricapture_data.csv,1
3babe1d7,12,1,5,images/2026/01/21/latrinidad_betag_sf_20260121_050825_3babe1d7.jpg,1080,1080,1080p,2026-01-21T05:08:25.070Z,,,,,,,36,0,191,La Trinidad,Betag,SF,custom_ice_berg,,,,TECNO_TECNO_CM8_DF2CAC,controlled,agricapture_data.csv,1
5bd40589,12,2,5,images/2026/01/21/latrinidad_betag_sf_20260121_050829_5bd40589.jpg,1080,1080,1080p,2026-01-21T05:08:29.150Z,,,,,,,30,0,192,La Trinidad,Betag,SF,custom_ice_berg,,,,TECNO_TECNO_CM8_DF2CAC,controlled,agricapture_data.csv,1
071db45d,12,3,5,images/2026/01/21/latrinidad_betag_sf_20260121_050833_071db45d.jpg,1080,1080,1080p,2026-01-21T05:08:33.406Z,,,,,,,23,0,192,La Trinidad,Betag,SF,custom_ice_berg,,,,TECNO_TECNO_CM8_DF2CAC,controlled,agricapture_data.csv,1
f0dc644a,12,4,5,images/2026/01/21/latrinidad_betag_sf_20260121_050838_f0dc644a.jpg,1080,1080,1080p,2026-01-21T05:08:38.110Z,,,,,,,16,-2,198,La Trinidad,Betag,SF,custom_ice_berg,,,,TECNO_TECNO_CM8_DF2CAC,controlled,agricapture_data.csv,1
f488e40f,15,1,5,images/2026/01/21/latrinidad_betag_sf_20260121_051014_f488e40f.jpg,1080,1080,1080p,2026-01-21T05:10:14.657Z,,,,,,,35,0,194,La Trinidad,Betag,SF,custom_ice_berg,,,,TECNO_TECNO_CM8_DF2CAC,controlled,agricapture_data.csv,1
843fff1f,15,2,5,images/2026/01/21/latrinidad_betag_sf_20260121_051018_843fff1f.jpg,1080,1080,1080p,2026-01-21T05:10:18.911Z,,,,,,,27,1,195,La Trinidad,Betag,SF,custom_ice_berg,,,,TECNO_TECNO_CM8_DF2CAC,controlled,agricapture_data.csv,1
87945df0,15,3,5,images/2026/01/21/latrinidad_betag_sf_20260121_051023_87945df0.jpg,1080,1080,1080p,2026-01-21T05:10:23.141Z,,,,,,,19,1,196,La Trinidad,Betag,SF,custom_ice_berg,,,,TECNO_TECNO_CM8_DF2CAC,controlled,agricapture_data.csv,1
6806d047,15,4,5,images/2026/01/21/latrinidad_betag_sf_20260121_051027_6806d047.jpg,1080,1080,1080p,2026-01-21T05:10:27.426Z,,,,,,,11,1,196,La Trinidad,Betag,SF,custom_ice_berg,,,,TECNO_TECNO_CM8_DF2CAC,controlled,agricapture_data.csv,1
6848b15f,13,1,5,images/2026/01/21/latrinidad_betag_sf_20260121_051207_6848b15f.jpg,1080,1080,1080p,2026-01-21T05:12:07.832Z,,,,,,,26,-1,195,La Trinidad,Betag,SF,custom_ice_berg,,,,TECNO_TECNO_CM8_DF2CAC,controlled,agricapture_data.csv,1
ae0f9c55,13,2,5,images/2026/01/21/latrinidad_betag_sf_20260121_051212_ae0f9c55.jpg,1080,1080,1080p,2026-01-21T05:12:12.491Z,,,,,,,28,0,196,La Trinidad,Betag,SF,custom_ice_berg,,,,TECNO_TECNO_CM8_DF2CAC,controlled,agricapture_data.csv,1
f4ca084f,13,3,5,images/2026/01/21/latrinidad_betag_sf_20260121_051216_f4ca084f.jpg,1080,1080,1080p,2026-01-21T05:12:16.865Z,,,,,,,20,1,197,La Trinidad,Betag,SF,custom_ice_berg,,,,TECNO_TECNO_CM8_DF2CAC,controlled,agricapture_data.csv,1
4706c409,13,4,5,images/2026/01/21/latrinidad_betag_sf_20260121_051221_4706c409.jpg,1080,1080,1080p,2026-01-21T05:12:21.227Z,,,,,,,11,1,196,La Trinidad,Betag,SF,custom_ice_berg,,,,TECNO_TECNO_CM8_DF2CAC,controlled,agricapture_data.csv,1
23079a73,7,1,5,images/2026/01/21/latrinidad_betag_sf_20260121_051258_23079a73.jpg,1080,1080,1080p,2026-01-21T05:12:58.679Z,,,,,,,36,-1,195,La Trinidad,Betag,SF,custom_ice_berg,,,,TECNO_TECNO_CM8_DF2CAC,controlled,agricapture_data.csv,1
10833611,7,2,5,images/2026/01/21/latrinidad_betag_sf_20260121_051303_10833611.jpg,1080,1080,1080p,2026-01-21T05:13:03.175Z,,,,,,,28,0,195,La Trinidad,Betag,SF,custom_ice_berg,,,,TECNO_TECNO_CM8_DF2CAC,controlled,agricapture_data.csv,1
f746b179,7,3,5,images/2026/01/21/latrinidad_betag_sf_20260121_051307_f746b179.jpg,1080,1080,1080p,2026-01-21T05:13:07.663Z,,,,,,,20,1,195,La Trinidad,Betag,SF,custom_ice_berg,,,,TECNO_TECNO_CM8_DF2CAC,controlled,agricapture_data.csv,1
d04b1dec,7,4,5,images/2026/01/21/latrinidad_betag_sf_20260121_051312_d04b1dec.jpg,1080,1080,1080p,2026-01-21T05:13:12.128Z,,,,,,,13,0,195,La Trinidad,Betag,SF,custom_ice_berg,,,,TECNO_TECNO_CM8_DF2CAC,controlled,agricapture_data.csv,1
ecb2289d,6,1,5,images/2026/01/21/latrinidad_betag_sf_20260121_051343_ecb2289d.jpg,1080,1080,1080p,2026-01-21T05:13:43.880Z,,,,,,,32,-1,196,La Trinidad,Betag,SF,custom_ice_berg,,,,TECNO_TECNO_CM8_DF2CAC,controlled,agricapture_data.csv,1
73101a0a,6,2,5,images/2026/01/21/latrinidad_betag_sf_20260121_051348_73101a0a.jpg,1080,1080,1080p,2026-01-21T05:13:48.402Z,,,,,,,25,0,196,La Trinidad,Betag,SF,custom_ice_berg,,,,TECNO_TECNO_CM8_DF2CAC,controlled,agricapture_data.csv,1
4cc993b2,6,3,5,images/2026/01/21/latrinidad_betag_sf_20260121_051353_4cc993b2.jpg,1080,1080,1080p,2026-01-21T05:13:53.015Z,,,,,,,18,-1,196,La Trinidad,Betag,SF,custom_ice_berg,,,,TECNO_TECNO_CM8_DF2CAC,controlled,agricapture_data.csv,1
449feb17,6,4,5,images/2026/01/21/latrinidad_betag_sf_20260121_051357_449feb17.jpg,1080,1080,1080p,2026-01-21T05:13:57.995Z,,,,,,,7,1,196,La Trinidad,Betag,SF,custom_ice_berg,,,,TECNO_TECNO_CM8_DF2CAC,controlled,agricapture_data.csv,1
5f528a0b,9,1,5,images/2026/01/21/latrinidad_betag_sf_20260121_051428_5f528a0b.jpg,1080,1080,1080p,2026-01-21T05:14:28.771Z,,,,,,,32,0,196,La Trinidad,Betag,SF,custom_ice_berg,,,,TECNO_TECNO_CM8_DF2CAC,controlled,agricapture_data.csv,1
6b926331,9,2,5,images/2026/01/21/latrinidad_betag_sf_20260121_051433_6b926331.jpg,1080,1080,1080p,2026-01-21T05:14:33.486Z,,,,,,,23,0,196,La Trinidad,Betag,SF,custom_ice_berg,,,,TECNO_TECNO_CM8_DF2CAC,controlled,agricapture_data.csv,1
50159dae,9,3,5,images/2026/01/21/latrinidad_betag_sf_20260121_051438_50159dae.jpg,1080,1080,1080p,2026-01-21T05:14:38.189Z,,,,,,,16,0,197,La Trinidad,Betag,SF,custom_ice_berg,,,,TECNO_TECNO_CM8_DF2CAC,controlled,agricapture_data.csv,1
8b9cbf94,9,4,5,images/2026/01/21/latrinidad_betag_sf_20260121_051443_8b9cbf94.jpg,1080,1080,1080p,2026-01-21T05:14:43.017Z,,,,,,,6,1,197,La Trinidad,Betag,SF,custom_ice_berg,,,,TECNO_TECNO_CM8_DF2CAC,controlled,agricapture_data.csv,1
eaf22492,10,1,5,images/2026/01/21/latrinidad_betag_sf_20260121_051505_eaf22492.jpg,1080,1080,1080p,2026-01-21T05:15:05.653Z,,,,,,,37,0,182,La Trinidad,Betag,SF,custom_ice_berg,,,,TECNO_TECNO_CM8_DF2CAC,controlled,agricapture_data.csv,1
9c1cb82d,10,2,5,images/2026/01/21/latrinidad_betag_sf_20260121_051510_9c1cb82d.jpg,1080,1080,1080p,2026-01-21T05:15:10.463Z,,,,,,,28,0,181,La Trinidad,Betag,SF,custom_ice_berg,,,,TECNO_TECNO_CM8_DF2CAC,controlled,agricapture_data.csv,1
c90f4dcb,10,3,5,images/2026/01/21/latrinidad_betag_sf_20260121_051515_c90f4dcb.jpg,1080,1080,1080p,2026-01-21T05:15:15.318Z,,,,,,,20,0,182,La Trinidad,Betag,SF,custom_ice_berg,,,,TECNO_TECNO_CM8_DF2CAC,controlled,agricapture_data.csv,1
b295dc9c,10,4,5,images/2026/01/21/latrinidad_betag_sf_20260121_051520_b295dc9c.jpg,1080,1080,1080p,2026-01-21T05:15:20.222Z,,,,,,,11,0,180,La Trinidad,Betag,SF,custom_ice_berg,,,,TECNO_TECNO_CM8_DF2CAC,controlled,agricapture_data.csv,1
d864cd9c,10,1,5,images/2026/01/21/latrinidad_balili_20260121_052811_d864cd9c.jpg,1080,1080,1080p,2026-01-21T05:28:11.268Z,,,,,,,30,-1,197,La Trinidad,Balili,,custom_pole_beans,,,,TECNO_TECNO_CM8_DF2CAC,controlled,agricapture_data.csv,2
5f91dc99,10,2,5,images/2026/01/21/latrinidad_balili_20260121_052813_5f91dc99.jpg,1080,1080,1080p,2026-01-21T05:28:13.710Z,,,,,,,23,0,197,La Trinidad,Balili,,custom_pole_beans,,,,TECNO_TECNO_CM8_DF2CAC,controlled,agricapture_data.csv,2
1ea96919,10,3,5,images/2026/01/21/latrinidad_balili_20260121_052815_1ea96919.jpg,1080,1080,1080p,2026-01-21T05:28:15.941Z,,,,,,,14,1,196,La Trinidad,Balili,,custom_pole_beans,,,,TECNO_TECNO_CM8_DF2CAC,controlled,agricapture_data.csv,2
7da7dc35,10,4,5,images/2026/01/21/latrinidad_balili_20260121_052818_7da7dc35.jpg,1080,1080,1080p,2026-01-21T05:28:18.330Z,,,,,,,9,1,196,La Trinidad,Balili,,custom_pole_beans,,,,TECNO_TECNO_CM8_DF2CAC,controlled,agricapture_data.csv,2
5bc73340,8,1,5,images/2026/01/21/latrinidad_balili_20260121_052857_5bc73340.jpg,1080,1080,1080p,2026-01-21T05:28:57.824Z,,,,,,,28,-1,196,La Trinidad,Balili,,custom_pole_beans,,,,TECNO_TECNO_CM8_DF2CAC,controlled,agricapture_data.csv,2
f3f9ae88,8,2,5,images/2026/01/21/latrinidad_balili_20260121_052900_f3f9ae88.jpg,1080,1080,1080p,2026-01-21T05:29:00.263Z,,,,,,,22,-1,196,La Trinidad,Balili,,custom_pole_beans,,,,TECNO_TECNO_CM8_DF2CAC,controlled,agricapture_data.csv,2
ac790eea,8,3,5,images/2026/01/21/latrinidad_balili_20260121_052902_ac790eea.jpg,1080,1080,1080p,2026-01-21T05:29:02.433Z,,,,,,,15,-1,195,La Trinidad,Balili,,custom_pole_beans,,,,TECNO_TECNO_CM8_DF2CAC,controlled,agricapture_data.csv,2
7de360b4,8,4,5,images/2026/01/21/latrinidad_balili_20260121_052905_7de360b4.jpg,1080,1080,1080p,2026-01-21T05:29:05.403Z,,,,,,,11,-1,195,La Trinidad,Balili,,custom_pole_beans,,,,TECNO_TECNO_CM8_DF2CAC,controlled,agricapture_data.csv,2
2275fde6,9,1,5,images/2026/01/21/latrinidad_balili_20260121_053038_2275fde6.jpg,1080,1080,1080p,2026-01-21T05:30:38.691Z,,,,,,,27,-2,197,La Trinidad,Balili,,custom_pole_beans,,,,TECNO_TECNO_CM8_DF2CAC,controlled,agricapture_data.csv,2
6bd09b8d,9,2,5,images/2026/01/21/latrinidad_balili_20260121_053041_6bd09b8d.jpg,1080,1080,1080p,2026-01-21T05:30:41.077Z,,,,,,,20,-1,196,La Trinidad,Balili,,custom_pole_beans,,,,TECNO_TECNO_CM8_DF2CAC,controlled,agricapture_data.csv,2
25a7c98e,9,3,5,images/2026/01/21/latrinidad_balili_20260121_053043_25a7c98e.jpg,1080,1080,1080p,2026-01-21T05:30:43.330Z,,,,,,,12,0,196,La Trinidad,Balili,,custom_pole_beans,,,,TECNO_TECNO_CM8_DF2CAC,controlled,agricapture_data.csv,2
13f2f155,9,4,5,images/2026/01/21/latrinidad_balili_20260121_053045_13f2f155.jpg,1080,1080,1080p,2026-01-21T05:30:45.741Z,,,,,,,5,1,196,La Trinidad,Balili,,custom_pole_beans,,,,TECNO_TECNO_CM8_DF2CAC,controlled,agricapture_data.csv,2
df6cc23c,11,1,5,images/2026/01/21/latrinidad_balili_20260121_053228_df6cc23c.jpg,1080,1080,1080p,2026-01-21T05:32:28.472Z,,,,,,,16,3,195,La Trinidad,Balili,,lettuce,,,,TECNO_TECNO_CM8_DF2CAC,controlled,agricapture_data.csv,2
feedf5a5,11,2,5,images/2026/01/21/latrinidad_balili_20260121_053231_feedf5a5.jpg,1080,1080,1080p,2026-01-21T05:32:31.647Z,,,,,,,22,-1,196,La Trinidad,Balili,,lettuce,,,,TECNO_TECNO_CM8_DF2CAC,controlled,agricapture_data.csv,2
a75dace3,11,3,5,images/2026/01/21/latrinidad_balili_20260121_053233_a75dace3.jpg,1080,1080,1080p,2026-01-21T05:32:33.999Z,,,,,,,14,0,195,La Trinidad,Balili,,lettuce,,,,TECNO_TECNO_CM8_DF2CAC,controlled,agricapture_data.csv,2
8b20058c,11,4,5,images/2026/01/21/latrinidad_balili_20260121_053236_8b20058c.jpg,1080,1080,1080p,2026-01-21T05:32:36.727Z,,,,,,,7,0,195,La Trinidad,Balili,,lettuce,,,,TECNO_TECNO_CM8_DF2CAC,controlled,agricapture_data.csv,2
a2c21b9b,12,1,5,images/2026/01/21/latrinidad_balili_20260121_053512_a2c21b9b.jpg,1080,1080,1080p,2026-01-21T05:35:12.924Z,,,,,,,30,1,195,La Trinidad,Balili,,lettuce,,,,TECNO_TECNO_CM8_DF2CAC,controlled,agricapture_data.csv,2
52000180,12,2,5,images/2026/01/21/latrinidad_balili_20260121_053515_52000180.jpg,1080,1080,1080p,2026-01-21T05:35:15.176Z,,,,,,,22,1,196,La Trinidad,Balili,,lettuce,,,,TECNO_TECNO_CM8_DF2CAC,controlled,agricapture_data.csv,2
6fb35f28,12,3,5,images/2026/01/21/latrinidad_balili_20260121_053517_6fb35f28.jpg,1080,1080,1080p,2026-01-21T05:35:17.585Z,,,,,,,14,0,196,La Trinidad,Balili,,lettuce,,,,TECNO_TECNO_CM8_DF2CAC,controlled,agricapture_data.csv,2
ff5107da,12,4,5,images/2026/01/21/latrinidad_balili_20260121_053519_ff5107da.jpg,1080,1080,1080p,2026-01-21T05:35:19.980Z,,,,,,,6,1,195,La Trinidad,Balili,,lettuce,,,,TECNO_TECNO_CM8_DF2CAC,controlled,agricapture_data.csv,2
00abc849,13,1,5,images/2026/01/21/latrinidad_balili_20260121_053640_00abc849.jpg,1080,1080,1080p,2026-01-21T05:36:40.935Z,,,,,,,24,0,195,La Trinidad,Balili,,lettuce,,,,TECNO_TECNO_CM8_DF2CAC,controlled,agricapture_data.csv,2
a1a36a3e,13,2,5,images/2026/01/21/latrinidad_balili_20260121_053643_a1a36a3e.jpg,1080,1080,1080p,2026-01-21T05:36:43.516Z,,,,,,,18,1,194,La Trinidad,Balili,,lettuce,,,,TECNO_TECNO_CM8_DF2CAC,controlled,agricapture_data.csv,2
bf6fa47d,13,3,5,images/2026/01/21/latrinidad_balili_20260121_053645_bf6fa47d.jpg,1080,1080,1080p,2026-01-21T05:36:45.911Z,,,,,,,9,2,194,La Trinidad,Balili,,lettuce,,,,TECNO_TECNO_CM8_DF2CAC,controlled,agricapture_data.csv,2
c85082e0,13,4,5,images/2026/01/21/latrinidad_balili_20260121_053648_c85082e0.jpg,1080,1080,1080p,2026-01-21T05:36:48.482Z,,,,,,,1,2,194,La Trinidad,Balili,,lettuce,,,,TECNO_TECNO_CM8_DF2CAC,controlled,agricapture_data.csv,2
6f00508c,17,1,5,images/2026/01/21/latrinidad_balili_20260121_054152_6f00508c.jpg,1080,1080,1080p,2026-01-21T05:41:52.316Z,,,,,,,28,-1,197,La Trinidad,Balili,,lettuce,,,,TECNO_TECNO_CM8_DF2CAC,controlled,agricapture_data.csv,2
64d5c1d1,17,2,5,images/2026/01/21/latrinidad_balili_20260121_054154_64d5c1d1.jpg,1080,1080,1080p,2026-01-21T05:41:54.718Z,,,,,,,22,0,198,La Trinidad,Balili,,lettuce,,,,TECNO_TECNO_CM8_DF2CAC,controlled,agricapture_data.csv,2
43bdd346,17,3,5,images/2026/01/21/latrinidad_balili_20260121_054157_43bdd346.jpg,1080,1080,1080p,2026-01-21T05:41:57.286Z,,,,,,,16,1,197,La Trinidad,Balili,,lettuce,,,,TECNO_TECNO_CM8_DF2CAC,controlled,agricapture_data.csv,2
1c3b48af,17,4,5,images/2026/01/21/latrinidad_balili_20260121_054159_1c3b48af.jpg,1080,1080,1080p,2026-01-21T05:41:59.718Z,,,,,,,7,3,197,La Trinidad,Balili,,lettuce,,,,TECNO_TECNO_CM8_DF2CAC,controlled,agricapture_data.csv,2
ec88f187,14,1,5,images/2026/01/21/latrinidad_balili_20260121_054244_ec88f187.jpg,1080,1080,1080p,2026-01-21T05:42:44.033Z,,,,,,,26,0,197,La Trinidad,Balili,,lettuce,,,,TECNO_TECNO_CM8_DF2CAC,controlled,agricapture_data.csv,2
2b33eda0,14,2,5,images/2026/01/21/latrinidad_balili_20260121_054246_2b33eda0.jpg,1080,1080,1080p,2026-01-21T05:42:46.568Z,,,,,,,17,0,197,La Trinidad,Balili,,lettuce,,,,TECNO_TECNO_CM8_DF2CAC,controlled,agricapture_data.csv,2
d425a444,14,3,5,images/2026/01/21/latrinidad_balili_20260121_054249_d425a444.jpg,1080,1080,1080p,2026-01-21T05:42:49.304Z,,,,,,,11,0,197,La Trinidad,Balili,,lettuce,,,,TECNO_TECNO_CM8_DF2CAC,controlled,agricapture_data.csv,2
b311722a,14,4,5,images/2026/01/21/latrinidad_balili_20260121_054252_b311722a.jpg,1080,1080,1080p,2026-01-21T05:42:52.011Z,,,,,,,4,0,198,La Trinidad,Balili,,lettuce,,,,TECNO_TECNO_CM8_DF2CAC,controlled,agricapture_data.csv,2
c400718e,15,1,5,images/2026/01/21/latrinidad_balili_20260121_054344_c400718e.jpg,1080,1080,1080p,2026-01-21T05:43:44.961Z,,,,,,,34,1,198,La Trinidad,Balili,,lettuce,,,,TECNO_TECNO_CM8_DF2CAC,controlled,agricapture_data.csv,2
7c25b36f,15,2,5,images/2026/01/21/latrinidad_balili_20260121_054347_7c25b36f.jpg,1080,1080,1080p,2026-01-21T05:43:47.850Z,,,,,,,27,1,198,La Trinidad,Balili,,lettuce,,,,TECNO_TECNO_CM8_DF2CAC,controlled,agricapture_data.csv,2
e7ccd680,15,3,5,images/2026/01/21/latrinidad_balili_20260121_054350_e7ccd680.jpg,1080,1080,1080p,2026-01-21T05:43:50.501Z,,,,,,,18,2,197,La Trinidad,Balili,,lettuce,,,,TECNO_TECNO_CM8_DF2CAC,controlled,agricapture_data.csv,2
011a6439,15,4,5,images/2026/01/21/latrinidad_balili_20260121_054353_011a6439.jpg,1080,1080,1080p,2026-01-21T05:43:53.199Z,,,,,,,7,3,198,La Trinidad,Balili,,lettuce,,,,TECNO_TECNO_CM8_DF2CAC,controlled,agricapture_data.csv,2
9dca958f,16,1,5,images/2026/01/21/latrinidad_balili_20260121_054512_9dca958f.jpg,1080,1080,1080p,2026-01-21T05:45:12.140Z,,,,,,,35,-2,197,La Trinidad,Balili,,lettuce,,,,TECNO_TECNO_CM8_DF2CAC,controlled,agricapture_data.csv,2
224c7f23,16,2,5,images/2026/01/21/latrinidad_balili_20260121_054514_224c7f23.jpg,1080,1080,1080p,2026-01-21T05:45:14.958Z,,,,,,,28,-2,198,La Trinidad,Balili,,lettuce,,,,TECNO_TECNO_CM8_DF2CAC,controlled,agricapture_data.csv,2
0c079a2f,16,3,5,images/2026/01/21/latrinidad_balili_20260121_054517_0c079a2f.jpg,1080,1080,1080p,2026-01-21T05:45:17.777Z,,,,,,,18,-1,197,La Trinidad,Balili,,lettuce,,,,TECNO_TECNO_CM8_DF2CAC,controlled,agricapture_data.csv,2
03008ac8,16,4,5,images/2026/01/21/latrinidad_balili_20260121_054520_03008ac8.jpg,1080,1080,1080p,2026-01-21T05:45:20.845Z,,,,,,,7,0,197,La Trinidad,Balili,,lettuce,,,,TECNO_TECNO_CM8_DF2CAC,controlled,agricapture_data.csv,2
da98fddd,18,1,5,images/2026/01/21/latrinidad_balili_20260121_054712_da98fddd.jpg,1080,1080,1080p,2026-01-21T05:47:12.065Z,,,,,,,28,1,200,La Trinidad,Balili,,lettuce,,,,TECNO_TECNO_CM8_DF2CAC,controlled,agricapture_data.csv,2
4f036832,18,2,5,images/2026/01/21/latrinidad_balili_20260121_054715_4f036832.jpg,1080,1080,1080p,2026-01-21T05:47:15.082Z,,,,,,,18,0,199,La Trinidad,Balili,,lettuce,,,,TECNO_TECNO_CM8_DF2CAC,controlled,agricapture_data.csv,2
1cd3f55a,18,3,5,images/2026/01/21/latrinidad_balili_20260121_054718_1cd3f55a.jpg,1080,1080,1080p,2026-01-21T05:47:18.095Z,,,,,,,9,0,199,La Trinidad,Balili,,lettuce,,,,TECNO_TECNO_CM8_DF2CAC,controlled,agricapture_data.csv,2
268dbc02,18,4,5,images/2026/01/21/latrinidad_balili_20260121_054721_268dbc02.jpg,1080,1080,1080p,2026-01-21T05:47:21.126Z,,,,,,,1,0,199,La Trinidad,Balili,,lettuce,,,,TECNO_TECNO_CM8_DF2CAC,controlled,agricapture_data.csv,2
8366d661,27,1,5,images/2026/01/21/latrinidad_betag_sf_20260121_055158_8366d661.jpg,1080,1080,1080p,2026-01-21T05:51:58.502Z,,,,,,,37,-3,85,La Trinidad,Betag,SF,pechay,,,,TECNO_TECNO_CM8_DF2CAC,controlled,agricapture_data.csv,2
95ca150f,27,2,5,images/2026/01/21/latrinidad_betag_sf_20260121_055201_95ca150f.jpg,1080,1080,1080p,2026-01-21T05:52:01.688Z,,,,,,,28,-1,83,La Trinidad,Betag,SF,pechay,,,,TECNO_TECNO_CM8_DF2CAC,controlled,agricapture_data.csv,2
da11b0f2,27,3,5,images/2026/01/21/latrinidad_betag_sf_20260121_055204_da11b0f2.jpg,1080,1080,1080p,2026-01-21T05:52:04.882Z,,,,,,,19,0,82,La Trinidad,Betag,SF,pechay,,,,TECNO_TECNO_CM8_DF2CAC,controlled,agricapture_data.csv,2
c33884ca,27,4,5,images/2026/01/21/latrinidad_betag_sf_20260121_055208_c33884ca.jpg,1080,1080,1080p,2026-01-21T05:52:08.056Z,,,,,,,11,1,82,La Trinidad,Betag,SF,pechay,,,,TECNO_TECNO_CM8_DF2CAC,controlled,agricapture_data.csv,2
059f7ba7,29,1,5,images/2026/01/21/latrinidad_betag_sf_20260121_055223_059f7ba7.jpg,1080,1080,1080p,2026-01-21T05:52:23.131Z,,,,,,,36,-1,90,La Trinidad,Betag,SF,pechay,,,,TECNO_TECNO_CM8_DF2CAC,controlled,agricapture_data.csv,2
50f37ae8,29,2,5,images/2026/01/21/latrinidad_betag_sf_20260121_055226_50f37ae8.jpg,1080,1080,1080p,2026-01-21T05:52:26.330Z,,,,,,,28,0,89,La Trinidad,Betag,SF,pechay,,,,TECNO_TECNO_CM8_DF2CAC,controlled,agricapture_data.csv,2
fbec9f2b,29,3,5,images/2026/01/21/latrinidad_betag_sf_20260121_055229_fbec9f2b.jpg,1080,1080,1080p,2026-01-21T05:52:29.430Z,,,,,,,18,1,87,La Trinidad,Betag,SF,pechay,,,,TECNO_TECNO_CM8_DF2CAC,controlled,agricapture_data.csv,2
7b6db291,29,4,5,images/2026/01/21/latrinidad_betag_sf_20260121_055232_7b6db291.jpg,1080,1080,1080p,2026-01-21T05:52:32.652Z,,,,,,,8,0,89,La Trinidad,Betag,SF,pechay,,,,TECNO_TECNO_CM8_DF2CAC,controlled,agricapture_data.csv,2
308e5d2d,165,1,5,images/atok/paoay/no_farm/cabbage/atok_paoay_20260206_045257_308e5d2d.jpg,1920,1080,1080p,2026-02-06T04:52:58.117Z,16.622862,120.758331,2432.0,13.0,2.2,1.0,37,-14,233,Atok,Paoay,,carrot,21.7,27.0,,TECNO_TECNO_CM8_2703FE,field,agricapture_collections.csv,last-atok
4a6e59f2,165,2,5,images/atok/paoay/no_farm/cabbage/atok_paoay_20260206_045301_4a6e59f2.jpg,1920,1080,1080p,2026-02-06T04:53:02.025Z,16.622954,120.758317,2422.0,35.0,4.6,1.0,29,6,210,Atok,Paoay,,carrot,21.7,27.0,,TECNO_TECNO_CM8_2703FE,field,agricapture_collections.csv,last-atok
69b98559,165,3,5,images/atok/paoay/no_farm/cabbage/atok_paoay_20260206_045307_69b98559.jpg,1920,1080,1080p,2026-02-06T04:53:07.608Z,16.62304,120.75834,2422.0,8.0,2.8,1.0,41,-21,266,Atok,Paoay,,carrot,21.7,27.0,,TECNO_TECNO_CM8_2703FE,field,agricapture_collections.csv,last-atok
de7a355b,165,4,5,images/atok/paoay/no_farm/cabbage/atok_paoay_20260206_045312_de7a355b.jpg,1920,1080,1080p,2026-02-06T04:53:12.846Z,16.62304,120.75834,2422.0,8.0,2.8,1.0,47,-13,229,Atok,Paoay,,carrot,21.7,27.0,,TECNO_TECNO_CM8_2703FE,field,agricapture_collections.csv,last-atok
9c0f518a,165,5,5,images/atok/paoay/no_farm/cabbage/atok_paoay_20260206_045328_9c0f518a.jpg,1920,1080,1080p,2026-02-06T04:53:28.918Z,16.623007,120.75835,2422.0,31.0,3.0,1.0,6,-14,170,Atok,Paoay,,carrot,21.7,27.0,,TECNO_TECNO_CM8_2703FE,field,agricapture_collections.csv,last-atok
ca14a19b,166,1,5,images/atok/paoay/no_farm/cabbage/atok_paoay_20260206_045543_ca14a19b.jpg,1920,1080,1080p,2026-02-06T04:55:44.292Z,16.623003,120.758223,2436.0,17.0,1.6,1.0,-6,-42,250,Atok,Paoay,,carrot,21.7,27.0,,TECNO_TECNO_CM8_2703FE,field,agricapture_collections.csv,last-atok
71566258,166,2,5,images/atok/paoay/no_farm/cabbage/atok_paoay_20260206_045557_71566258.jpg,1920,1080,1080p,2026-02-06T04:55:57.791Z,16.622962,120.758218,2442.0,27.0,1.5,1.0,-15,-12,252,Atok,Paoay,,carrot,21.7,27.0,,TECNO_TECNO_CM8_2703FE,field,agricapture_collections.csv,last-atok
39f8e121,166,3,5,images/atok/paoay/no_farm/cabbage/atok_paoay_20260206_045601_39f8e121.jpg,1920,1080,1080p,2026-02-06T04:56:01.672Z,16.622962,120.758218,2442.0,27.0,1.5,1.0,-8,-27,237,Atok,Paoay,,carrot,21.7,27.0,,TECNO_TECNO_CM8_2703FE,field,agricapture_collections.csv,last-atok
4e078f51,166,4,5,images/atok/paoay/no_farm/cabbage/atok_paoay_20260206_045639_4e078f51.jpg,1920,1080,1080p,2026-02-06T04:56:40.324Z,16.622962,120.758218,2442.0,27.0,1.5,1.0,1,-58,26,Atok,Paoay,,carrot,21.7,27.0,,TECNO_TECNO_CM8_2703FE,field,agricapture_collections.csv,last-atok
44b60c6f,166,5,5,images/atok/paoay/no_farm/cabbage/atok_paoay_20260206_045656_44b60c6f.jpg,1920,1080,1080p,2026-02-06T04:56:57.359Z,16.622962,120.758218,2442.0,27.0,1.5,1.0,36,33,248,Atok,Paoay,,carrot,21.7,27.0,,TECNO_TECNO_CM8_2703FE,field,agricapture_collections.csv,last-atok
0e97491f,171,1,5,images/atok/paoay/no_farm/cabbage/atok_paoay_20260206_051346_0e97491f.jpg,1920,1080,1080p,2026-02-06T05:13:47.034Z,16.62386,120.757994,2410.0,21.0,3.1,1.0,31,2,240,Atok,Paoay,,cabbage,21.5,28.0,,TECNO_TECNO_CM8_2703FE,field,agricapture_collections.csv,last-atok
5d778c89,171,2,5,images/atok/paoay/no_farm/cabbage/atok_paoay_20260206_051351_5d778c89.jpg,1920,1080,1080p,2026-02-06T05:13:52.140Z,16.62386,120.757994,2410.0,21.0,3.1,1.0,33,15,193,Atok,Paoay,,cabbage,21.5,28.0,,TECNO_TECNO_CM8_2703FE,field,agricapture_collections.csv,last-atok
13229594,171,3,5,images/atok/paoay/no_farm/cabbage/atok_paoay_20260206_051402_13229594.jpg,1920,1080,1080p,2026-02-06T05:14:03.229Z,16.623889,120.758001,2399.0,19.0,3.6,1.0,25,9,194,Atok,Paoay,,cabbage,21.5,28.0,,TECNO_TECNO_CM8_2703FE,field,agricapture_collections.csv,last-atok
a6cce91e,171,4,5,images/atok/paoay/no_farm/cabbage/atok_paoay_20260206_051430_a6cce91e.jpg,1920,1080,1080p,2026-02-06T05:14:31.248Z,16.623889,120.758001,2399.0,19.0,3.6,1.0,35,16,213,Atok,Paoay,,cabbage,21.5,28.0,,TECNO_TECNO_CM8_2703FE,field,agricapture_collections.csv,last-atok
ce6a1687,171,5,5,images/atok/paoay/no_farm/cabbage/atok_paoay_20260206_051441_ce6a1687.jpg,1920,1080,1080p,2026-02-06T05:14:41.879Z,16.623889,120.758001,2399.0,19.0,3.6,1.0,14,-1,189,Atok,Paoay,,cabbage,21.5,28.0,,TECNO_TECNO_CM8_2703FE,field,agricapture_collections.csv,last-atok
839a13f9,172,1,5,images/atok/paoay/no_farm/cabbage/atok_paoay_20260206_051759_839a13f9.jpg,1920,1080,1080p,2026-02-06T05:18:00.644Z,16.62383,120.758376,2399.0,8.0,3.3,1.0,33,-9,133,Atok,Paoay,,cabbage,21.5,28.0,,TECNO_TECNO_CM8_2703FE,field,agricapture_collections.csv,last-atok
da418a3a,172,2,5,images/atok/paoay/no_farm/cabbage/atok_paoay_20260206_051805_da418a3a.jpg,1920,1080,1080p,2026-02-06T05:18:05.769Z,16.623865,120.758341,2399.0,8.0,3.0,1.0,25,-26,154,Atok,Paoay,,cabbage,21.5,28.0,,TECNO_TECNO_CM8_2703FE,field,agricapture_collections.csv,last-atok
de2fbb70,172,3,5,images/atok/paoay/no_farm/cabbage/atok_paoay_20260206_051810_de2fbb70.jpg,1920,1080,1080p,2026-02-06T05:18:11.257Z,16.623865,120.758341,2399.0,8.0,3.0,1.0,34,-14,136,Atok,Paoay,,cabbage,21.5,28.0,,TECNO_TECNO_CM8_2703FE,field,agricapture_collections.csv,last-atok
250bd6d7,172,4,5,images/atok/paoay/no_farm/cabbage/atok_paoay_20260206_051816_250bd6d7.jpg,1920,1080,1080p,2026-02-06T05:18:17.232Z,16.623848,120.758334,2399.0,10.0,3.0,1.0,39,-4,133,Atok,Paoay,,cabbage,21.5,28.0,,TECNO_TECNO_CM8_2703FE,field,agricapture_collections.csv,last-atok
c1c34fd9,172,5,5,images/atok/paoay/no_farm/cabbage/atok_paoay_20260206_051823_c1c34fd9.jpg,1920,1080,1080p,2026-02-06T05:18:23.731Z,16.623831,120.758318,2399.0,17.0,3.0,1.0,37,17,122,Atok,Paoay,,cabbage,21.5,28.0,,TECNO_TECNO_CM8_2703FE,field,agricapture_collections.csv,last-atok
6a768c9a,174,1,5,images/atok/paoay/no_farm/cabbage/atok_paoay_20260206_051523_6a768c9a.jpg,1920,1080,1080p,2026-02-06T05:15:23.819Z,16.623877,120.758175,2399.0,12.0,3.0,1.0,20,2,272,Atok,Paoay,,cabbage,21.5,28.0,,TECNO_TECNO_CM8_2703FE,field,agricapture_collections.csv,last-atok
bacc2486,174,2,5,images/atok/paoay/no_farm/cabbage/atok_paoay_20260206_051532_bacc2486.jpg,1920,1080,1080p,2026-02-06T05:15:32.759Z,16.623877,120.758175,2399.0,12.0,3.0,1.0,16,-52,277,Atok,Paoay,,cabbage,21.5,28.0,,TECNO_TECNO_CM8_2703FE,field,agricapture_collections.csv,last-atok
7fe62467,174,3,5,images/atok/paoay/no_farm/cabbage/atok_paoay_20260206_051537_7fe62467.jpg,1920,1080,1080p,2026-02-06T05:15:38.361Z,16.623877,120.758175,2399.0,12.0,3.0,1.0,8,-47,288,Atok,Paoay,,cabbage,21.5,28.0,,TECNO_TECNO_CM8_2703FE,field,agricapture_collections.csv,last-atok
05e0b585,174,4,5,images/atok/paoay/no_farm/cabbage/atok_paoay_20260206_051547_05e0b585.jpg,1920,1080,1080p,2026-02-06T05:15:48.250Z,16.623877,120.758175,2399.0,12.0,3.0,1.0,1,-23,174,Atok,Paoay,,cabbage,21.5,28.0,,TECNO_TECNO_CM8_2703FE,field,agricapture_collections.csv,last-atok
00987b57,174,5,5,images/atok/paoay/no_farm/cabbage/atok_paoay_20260206_051554_00987b57.jpg,1920,1080,1080p,2026-02-06T05:15:54.962Z,16.623877,120.758175,2399.0,12.0,3.0,1.0,16,-37,182,Atok,Paoay,,cabbage,21.5,28.0,,TECNO_TECNO_CM8_2703FE,field,agricapture_collections.csv,last-atok
c4a75c02,175,1,5,images/atok/paoay/no_farm/cabbage/atok_paoay_20260206_052037_c4a75c02.jpg,1920,1080,1080p,2026-02-06T05:20:37.855Z,16.62382,120.758106,2399.0,6.0,3.1,1.0,11,-44,108,Atok,Paoay,,cabbage,21.5,28.0,,TECNO_TECNO_CM8_2703FE,field,agricapture_collections.csv,last-atok
d349fa5d,175,2,5,images/atok/paoay/no_farm/cabbage/atok_paoay_20260206_052042_d349fa5d.jpg,1920,1080,1080p,2026-02-06T05:20:42.549Z,16.623831,120.758142,2399.0,6.0,3.1,1.0,-3,-23,137,Atok,Paoay,,cabbage,21.5,28.0,,TECNO_TECNO_CM8_2703FE,field,agricapture_collections.csv,last-atok
bab2f753,175,3,5,images/atok/paoay/no_farm/cabbage/atok_paoay_20260206_052057_bab2f753.jpg,1920,1080,1080p,2026-02-06T05:20:57.700Z,16.623814,120.758198,2421.0,8.0,3.0,1.0,37,-6,296,Atok,Paoay,,cabbage,21.5,28.0,,TECNO_TECNO_CM8_2703FE,field,agricapture_collections.csv,last-atok
1eb065a2,175,4,5,images/atok/paoay/no_farm/cabbage/atok_paoay_20260206_052108_1eb065a2.jpg,1920,1080,1080p,2026-02-06T05:21:08.530Z,16.623796,120.758208,2421.0,8.0,3.0,1.0,13,-21,328,Atok,Paoay,,cabbage,21.5,28.0,,TECNO_TECNO_CM8_2703FE,field,agricapture_collections.csv,last-atok
8c802ee5,175,5,5,images/atok/paoay/no_farm/cabbage/atok_paoay_20260206_052128_8c802ee5.jpg,1920,1080,1080p,2026-02-06T05:21:29.348Z,16.623778,120.75822,2421.0,8.0,3.0,1.0,-10,-18,293,Atok,Paoay,,cabbage,21.5,28.0,,TECNO_TECNO_CM8_2703FE,field,agricapture_collections.csv,last-atok
6defe3b3,183,1,5,images/atok/paoay/no_farm/cabbage/atok_paoay_20260206_052439_6defe3b3.jpg,1920,1080,1080p,2026-02-06T05:24:40.183Z,16.623702,120.757957,2421.0,10.0,2.0,1.0,33,-2,73,Atok,Paoay,,cabbage,21.6,27.0,,TECNO_TECNO_CM8_2703FE,field,agricapture_collections.csv,last-atok
13129b91,183,2,5,images/atok/paoay/no_farm/cabbage/atok_paoay_20260206_052452_13129b91.jpg,1920,1080,1080p,2026-02-06T05:24:53.281Z,16.6237,120.757944,2421.0,10.0,2.3,1.0,36,-3,81,Atok,Paoay,,carrot,21.6,27.0,,TECNO_TECNO_CM8_2703FE,field,agricapture_collections.csv,last-atok
83323c56,183,3,5,images/atok/paoay/no_farm/cabbage/atok_paoay_20260206_052458_83323c56.jpg,1920,1080,1080p,2026-02-06T05:24:59.276Z,16.623722,120.75795,2421.0,12.0,2.7,1.0,28,-10,118,Atok,Paoay,,carrot,21.6,27.0,,TECNO_TECNO_CM8_2703FE,field,agricapture_collections.csv,last-atok
c95fc84a,183,4,5,images/atok/paoay/no_farm/cabbage/atok_paoay_20260206_052509_c95fc84a.jpg,1920,1080,1080p,2026-02-06T05:25:10.330Z,16.62374,120.757945,2421.0,12.0,3.0,1.0,39,-4,359,Atok,Paoay,,carrot,21.6,27.0,,TECNO_TECNO_CM8_2703FE,field,agricapture_collections.csv,last-atok
1e5553d1,183,5,5,images/atok/paoay/no_farm/cabbage/atok_paoay_20260206_052519_1e5553d1.jpg,1920,1080,1080p,2026-02-06T05:25:20.294Z,16.623729,120.75796,2421.0,13.0,3.0,1.0,27,-16,292,Atok,Paoay,,carrot,21.6,27.0,,TECNO_TECNO_CM8_2703FE,field,agricapture_collections.csv,last-atok
de933859,184,1,5,images/atok/paoay/no_farm/cabbage/atok_paoay_20260206_052617_de933859.jpg,1920,1080,1080p,2026-02-06T05:26:18.480Z,16.623824,120.757932,2421.0,6.0,3.0,1.0,14,-58,125,Atok,Paoay,,carrot,,,,TECNO_TECNO_CM8_2703FE,field,agricapture_collections.csv,last-atok
69073346,184,2,5,images/atok/paoay/no_farm/cabbage/atok_paoay_20260206_052623_69073346.jpg,1920,1080,1080p,2026-02-06T05:26:23.897Z,16.623824,120.757932,2421.0,6.0,3.0,1.0,5,-20,132,Atok,Paoay,,carrot,21.6,27.0,,TECNO_TECNO_CM8_2703FE,field,agricapture_collections.csv,last-atok
c275d0a7,184,3,5,images/atok/paoay/no_farm/cabbage/atok_paoay_20260206_052640_c275d0a7.jpg,1920,1080,1080p,2026-02-06T05:26:40.898Z,16.62379,120.757931,2421.0,7.0,3.0,1.0,11,-45,256,Atok,Paoay,,carrot,21.6,27.0,,TECNO_TECNO_CM8_2703FE,field,agricapture_collections.csv,last-atok
7d1c5d50,184,4,5,images/atok/paoay/no_farm/cabbage/atok_paoay_20260206_052652_7d1c5d50.jpg,1920,1080,1080p,2026-02-06T05:26:52.925Z,16.62379,120.757931,2421.0,7.0,3.0,1.0,17,-34,252,Atok,Paoay,,carrot,21.6,27.0,,TECNO_TECNO_CM8_2703FE,field,agricapture_collections.csv,last-atok
bdf2c6f1,184,5,5,images/atok/paoay/no_farm/cabbage/atok_paoay_20260206_052703_bdf2c6f1.jpg,1920,1080,1080p,2026-02-06T05:27:03.761Z,16.62377,120.757951,2421.0,11.0,2.7,1.0,39,-4,179,Atok,Paoay,,carrot,21.6,27.0,,TECNO_TECNO_CM8_2703FE,field,agricapture_collections.csv,last-atok
5ab2b1b7,1,1,5,images/2026/01/23/latrinidad_alapang_20260123_031118_5ab2b1b7.jpg,1080,1080,1080p,2026-01-23T03:11:19.734Z,16.384862,120.588518,1364.0,8.0,56.1,1.0,38,-33,0,La Trinidad,Alapang,,"cabbage,carrot,potato,lettuce,pechay,sayote,beans",17.3,60.0,,TECNO_TECNO_CM8_0B7B99,field,agricapture_data.csv,La_Trinidad
31ce78e2,1,2,5,images/2026/01/23/latrinidad_alapang_20260123_031124_31ce78e2.jpg,1080,1080,1080p,2026-01-23T03:11:24.416Z,16.384862,120.588518,1364.0,8.0,56.1,1.0,35,-45,14,La Trinidad,Alapang,,"cabbage,carrot,potato,lettuce,pechay,sayote,beans",17.3,60.0,,TECNO_TECNO_CM8_0B7B99,field,agricapture_data.csv,La_Trinidad
7a990a07,1,1,5,images/2026/01/23/latrinidad_alapang_20260123_034710_7a990a07.jpg,1080,1080,1080p,2026-01-23T03:47:11.531Z,16.384913,120.588476,1364.0,5.0,20.0,1.0,-14,-23,50,La Trinidad,Alapang,,"cabbage,carrot,potato,lettuce,pechay,sayote,beans",17.9,55.0,,TECNO_TECNO_CM8_D7B1E1,field,agricapture_data.csv,La_Trinidad
328ba780,1,2,5,images/2026/01/23/latrinidad_alapang_20260123_034713_328ba780.jpg,1080,1080,1080p,2026-01-23T03:47:14.252Z,16.384913,120.588476,1364.0,5.0,20.0,1.0,-16,-20,49,La Trinidad,Alapang,,"cabbage,carrot,potato,lettuce,pechay,sayote,beans",17.9,55.0,,TECNO_TECNO_CM8_D7B1E1,field,agricapture_data.csv,La_Trinidad
f19746b3,1,3,5,images/2026/01/23/latrinidad_alapang_20260123_034717_f19746b3.jpg,1080,1080,1080p,2026-01-23T03:47:17.670Z,16.384913,120.588476,1364.0,5.0,20.0,1.0,-15,-20,48,La Trinidad,Alapang,,"cabbage,carrot,potato,lettuce,pechay,sayote,beans",17.9,55.0,,TECNO_TECNO_CM8_D7B1E1,field,agricapture_data.csv,La_Trinidad
d17e9c8b,1,4,5,images/2026/01/23/latrinidad_alapang_20260123_034720_d17e9c8b.jpg,1080,1080,1080p,2026-01-23T03:47:21.181Z,16.384913,120.588476,1364.0,5.0,20.0,1.0,-14,-17,54,La Trinidad,Alapang,,"cabbage,carrot,potato,lettuce,pechay,sayote,beans",17.9,55.0,,TECNO_TECNO_CM8_D7B1E1,field,agricapture_data.csv,La_Trinidad
1d1c8613,1,5,5,images/2026/01/23/latrinidad_alapang_20260123_034726_1d1c8613.jpg,1080,1080,1080p,2026-01-23T03:47:27.228Z,16.384913,120.588476,1364.0,5.0,20.0,1.0,-24,-17,45,La Trinidad,Alapang,,"cabbage,carrot,potato,lettuce,pechay,sayote,beans",17.9,55.0,,TECNO_TECNO_CM8_D7B1E1,field,agricapture_data.csv,La_Trinidad
347380d3,2,1,5,images/2026/01/23/latrinidad_alapang_20260123_034735_347380d3.jpg,1080,1080,1080p,2026-01-23T03:47:36.118Z,16.384912,120.588456,1364.0,11.0,25.7,1.0,-6,-16,38,La Trinidad,Alapang,,"cabbage,carrot,potato,lettuce,pechay,sayote,beans",17.9,55.0,,TECNO_TECNO_CM8_D7B1E1,field,agricapture_data.csv,La_Trinidad
8eeeaa39,2,2,5,images/2026/01/23/latrinidad_alapang_20260123_034739_8eeeaa39.jpg,1080,1080,1080p,2026-01-23T03:47:39.892Z,16.384912,120.588456,1364.0,11.0,25.7,1.0,-3,-19,38,La Trinidad,Alapang,,"cabbage,carrot,potato,lettuce,pechay,sayote,beans",17.9,55.0,,TECNO_TECNO_CM8_D7B1E1,field,agricapture_data.csv,La_Trinidad
d935a997,2,3,5,images/2026/01/23/latrinidad_alapang_20260123_034743_d935a997.jpg,1080,1080,1080p,2026-01-23T03:47:44.099Z,16.384912,120.588456,1364.0,11.0,25.7,1.0,0,-20,40,La Trinidad,Alapang,,"cabbage,carrot,potato,lettuce,pechay,sayote,beans",17.9,55.0,,TECNO_TECNO_CM8_D7B1E1,field,agricapture_data.csv,La_Trinidad
bb7b09fa,2,4,5,images/2026/01/23/latrinidad_alapang_20260123_034747_bb7b09fa.jpg,1080,1080,1080p,2026-01-23T03:47:48.223Z,16.384912,120.588456,1364.0,11.0,25.7,1.0,-4,-21,39,La Trinidad,Alapang,,"cabbage,carrot,potato,lettuce,pechay,sayote,beans",17.9,55.0,,TECNO_TECNO_CM8_D7B1E1,field,agricapture_data.csv,La_Trinidad
f5c2a813,2,5,5,images/2026/01/23/latrinidad_alapang_20260123_034752_f5c2a813.jpg,1080,1080,1080p,2026-01-23T03:47:52.292Z,16.384897,120.588472,1364.0,7.0,34.6,1.0,5,-13,39,La Trinidad,Alapang,,"cabbage,carrot,potato,lettuce,pechay,sayote,beans",17.9,55.0,,TECNO_TECNO_CM8_D7B1E1,field,agricapture_data.csv,La_Trinidad
ed6fc014,50,1,5,images/atok/paoay/no_farm/cabbage/atok_paoay_20260213_020214_ed6fc014.jpg,1920,1080,1080p,2026-02-13T02:02:15.292Z,16.453517,120.590899,1358.0,6.0,3.4,1.0,3,-11,122,Atok,Paoay,,cabbage,19.7,70.0,,TECNO_TECNO_CM8_2703FE,field,agricapture_collections.csv,SoilScan_export_2026-02-13
a60e8ff8,50,2,5,images/atok/paoay/no_farm/cabbage/atok_paoay_20260213_020233_a60e8ff8.jpg,1920,1080,1080p,2026-02-13T02:02:33.710Z,16.453398,120.590812,1360.0,10.0,5.1,1.0,57,42,277,Atok,Paoay,,cabbage,19.7,70.0,,TECNO_TECNO_CM8_2703FE,field,agricapture_collections.csv,SoilScan_export_2026-02-13
368f12ab,50,3,5,images/atok/paoay/no_farm/cabbage/atok_paoay_20260213_020243_368f12ab.jpg,1920,1080,1080p,2026-02-13T02:02:43.826Z,16.453394,120.590862,1363.0,14.0,3.1,1.0,47,-4,295,Atok,Paoay,,cabbage,22.7,49.0,,TECNO_TECNO_CM8_2703FE,field,agricapture_collections.csv,SoilScan_export_2026-02-13
83a87945,50,4,5,images/atok/paoay/no_farm/cabbage/atok_paoay_20260213_020250_83a87945.jpg,1920,1080,1080p,2026-02-13T02:02:51.193Z,16.453396,120.590889,1360.0,17.0,3.2,1.0,59,1,357,Atok,Paoay,,cabbage,22.7,49.0,,TECNO_TECNO_CM8_2703FE,field,agricapture_collections.csv,SoilScan_export_2026-02-13
95a6baee,50,5,5,images/atok/paoay/no_farm/cabbage/atok_paoay_20260213_020324_95a6baee.jpg,1920,1080,1080p,2026-02-13T02:03:24.837Z,16.453399,120.590902,1358.0,3.0,3.0,1.0,45,4,340,Atok,Paoay,,cabbage,19.7,70.0,,TECNO_TECNO_CM8_2703FE,field,agricapture_collections.csv,SoilScan_export_2026-02-13
6bc77824,51,1,5,images/atok/paoay/no_farm/cabbage/atok_paoay_20260213_020641_6bc77824.jpg,1920,1080,1080p,2026-02-13T02:06:41.979Z,16.453375,120.590934,1360.0,3.0,6.8,1.0,39,-4,118,Atok,Paoay,,cabbage,19.7,69.0,,TECNO_TECNO_CM8_2703FE,field,agricapture_collections.csv,SoilScan_export_2026-02-13
42b6ed46,51,2,5,images/atok/paoay/no_farm/cabbage/atok_paoay_20260213_020655_42b6ed46.jpg,1920,1080,1080p,2026-02-13T02:06:55.579Z,16.453401,120.590871,1358.0,3.0,4.6,1.0,42,-43,180,Atok,Paoay,,cabbage,19.7,69.0,,TECNO_TECNO_CM8_2703FE,field,agricapture_collections.csv,SoilScan_export_2026-02-13
aa967836,51,3,5,images/atok/paoay/no_farm/cabbage/atok_paoay_20260213_020703_aa967836.jpg,1920,1080,1080p,2026-02-13T02:07:03.823Z,16.453419,120.590867,1358.0,3.0,4.2,1.0,42,2,305,Atok,Paoay,,cabbage,19.7,69.0,,TECNO_TECNO_CM8_2703FE,field,agricapture_collections.csv,SoilScan_export_2026-02-13
7abbb413,51,4,5,images/atok/paoay/no_farm/cabbage/atok_paoay_20260213_020712_7abbb413.jpg,1920,1080,1080p,2026-02-13T02:07:13.374Z,16.453427,120.590843,1360.0,5.0,3.0,1.0,51,15,307,Atok,Paoay,,cabbage,19.7,69.0,,TECNO_TECNO_CM8_2703FE,field,agricapture_collections.csv,SoilScan_export_2026-02-13
77dbbeda,51,5,5,images/atok/paoay/no_farm/cabbage/atok_paoay_20260213_020727_77dbbeda.jpg,1920,1080,1080p,2026-02-13T02:07:27.483Z,16.453427,120.590843,1360.0,5.0,3.0,1.0,10,-4,25,Atok,Paoay,,cabbage,19.7,69.0,,TECNO_TECNO_CM8_2703FE,field,agricapture_collections.csv,SoilScan_export_2026-02-13
67233c6f,52,1,5,images/atok/paoay/no_farm/cabbage/atok_paoay_20260213_020923_67233c6f.jpg,1920,1080,1080p,2026-02-13T02:09:23.799Z,16.453402,120.591229,1358.0,3.0,20.8,1.0,22,12,293,Atok,Paoay,,cabbage,19.7,69.0,,TECNO_TECNO_CM8_2703FE,field,agricapture_collections.csv,SoilScan_export_2026-02-13
758f733d,52,2,5,images/atok/paoay/no_farm/cabbage/atok_paoay_20260213_020929_758f733d.jpg,1920,1080,1080p,2026-02-13T02:09:29.536Z,16.453424,120.591048,1358.0,3.0,3.6,1.0,29,6,295,Atok,Paoay,,cabbage,19.7,69.0,,TECNO_TECNO_CM8_2703FE,field,agricapture_collections.csv,SoilScan_export_2026-02-13
cf2bca1e,52,3,5,images/atok/paoay/no_farm/cabbage/atok_paoay_20260213_020945_cf2bca1e.jpg,1920,1080,1080p,2026-02-13T02:09:45.829Z,16.453396,120.590983,1360.0,3.0,3.4,1.0,22,3,85,Atok,Paoay,,cabbage,19.7,69.0,,TECNO_TECNO_CM8_2703FE,field,agricapture_collections.csv,SoilScan_export_2026-02-13
f5153a2f,52,4,5,images/atok/paoay/no_farm/cabbage/atok_paoay_20260213_020953_f5153a2f.jpg,1920,1080,1080p,2026-02-13T02:09:53.562Z,16.453405,120.590944,1360.0,2.0,3.7,1.0,38,31,264,Atok,Paoay,,cabbage,19.7,69.0,,TECNO_TECNO_CM8_2703FE,field,agricapture_collections.csv,SoilScan_export_2026-02-13
b6e803cd,52,5,5,images/atok/paoay/no_farm/cabbage/atok_paoay_20260213_020959_b6e803cd.jpg,1920,1080,1080p,2026-02-13T02:09:59.779Z,16.453401,120.590921,1360.0,5.0,3.9,1.0,45,12,281,Atok,Paoay,,cabbage,19.7,69.0,,TECNO_TECNO_CM8_2703FE,field,agricapture_collections.csv,SoilScan_export_2026-02-13
cb266dec,53,1,5,images/atok/paoay/no_farm/cabbage/atok_paoay_20260213_021121_cb266dec.jpg,1920,1080,1080p,2026-02-13T02:11:22.156Z,16.453443,120.590377,1358.0,14.0,5.4,1.0,36,-12,337,Atok,Paoay,,cabbage,19.7,69.0,,TECNO_TECNO_CM8_2703FE,field,agricapture_collections.csv,SoilScan_export_2026-02-13
79610d58,53,2,5,images/atok/paoay/no_farm/cabbage/atok_paoay_20260213_021159_79610d58.jpg,1920,1080,1080p,2026-02-13T02:11:59.632Z,16.453441,120.590857,1360.0,3.0,3.2,1.0,48,7,86,Atok,Paoay,,cabbage,19.7,69.0,,TECNO_TECNO_CM8_2703FE,field,agricapture_collections.csv,SoilScan_export_2026-02-13
fc894f12,53,3,5,images/atok/paoay/no_farm/cabbage/atok_paoay_20260213_021210_fc894f12.jpg,1920,1080,1080p,2026-02-13T02:12:10.864Z,16.45343,120.590872,1360.0,4.0,3.0,1.0,3,-21,193,Atok,Paoay,,cabbage,19.7,69.0,,TECNO_TECNO_CM8_2703FE,field,agricapture_collections.csv,SoilScan_export_2026-02-13
5eb5fbbc,53,4,5,images/atok/paoay/no_farm/cabbage/atok_paoay_20260213_021220_5eb5fbbc.jpg,1920,1080,1080p,2026-02-13T02:12:20.782Z,16.45343,120.590872,1360.0,4.0,3.0,1.0,33,-26,165,Atok,Paoay,,cabbage,19.7,69.0,,TECNO_TECNO_CM8_2703FE,field,agricapture_collections.csv,SoilScan_export_2026-02-13
a6279151,53,5,5,images/atok/paoay/no_farm/cabbage/atok_paoay_20260213_021233_a6279151.jpg,1920,1080,1080p,2026-02-13T02:12:34.034Z,16.45343,120.590872,1360.0,4.0,3.0,1.0,4,-18,196,Atok,Paoay,,cabbage,19.7,69.0,,TECNO_TECNO_CM8_2703FE,field,agricapture_collections.csv,SoilScan_export_2026-02-13
a542c8ce,70,1,5,images/atok/paoay/no_farm/mixed_crops/atok_paoay_20260205_233813_a542c8ce.jpg,1920,1080,1080p,2026-02-05T23:38:14.298Z,16.62974,120.7601,2426.0,19.0,1.7,1.0,17,-5,326,Atok,Paoay,,"cabbage,custom_chinese_cabbage",8.4,57.0,,TECNO_TECNO_CM8_2703FE,field,agricapture_collections.csv,umaga-atok
ee4123d5,70,2,5,images/atok/paoay/no_farm/mixed_crops/atok_paoay_20260205_233817_ee4123d5.jpg,1920,1080,1080p,2026-02-05T23:38:18.026Z,16.62974,120.7601,2426.0,19.0,1.7,1.0,13,-8,329,Atok,Paoay,,"cabbage,custom_chinese_cabbage",8.4,57.0,,TECNO_TECNO_CM8_2703FE,field,agricapture_collections.csv,umaga-atok
574ed42a,70,3,5,images/atok/paoay/no_farm/mixed_crops/atok_paoay_20260205_233821_574ed42a.jpg,1920,1080,1080p,2026-02-05T23:38:22.346Z,16.62974,120.7601,2426.0,19.0,1.7,1.0,20,-4,330,Atok,Paoay,,"cabbage,custom_chinese_cabbage",8.4,57.0,,TECNO_TECNO_CM8_2703FE,field,agricapture_collections.csv,umaga-atok
2ab2dcfd,70,4,5,images/atok/paoay/no_farm/mixed_crops/atok_paoay_20260205_233826_2ab2dcfd.jpg,1920,1080,1080p,2026-02-05T23:38:26.977Z,16.62974,120.7601,2426.0,19.0,1.7,1.0,21,3,322,Atok,Paoay,,"cabbage,custom_chinese_cabbage",8.4,57.0,,TECNO_TECNO_CM8_2703FE,field,agricapture_collections.csv,umaga-atok
655350f9,70,5,5,images/atok/paoay/no_farm/mixed_crops/atok_paoay_20260205_233836_655350f9.jpg,1920,1080,1080p,2026-02-05T23:38:36.577Z,16.62974,120.7601,2426.0,19.0,1.7,1.0,25,-8,331,Atok,Paoay,,"cabbage,custom_chinese_cabbage",8.4,57.0,,TECNO_TECNO_CM8_2703FE,field,agricapture_collections.csv,umaga-atok
916d253b,71,1,5,images/atok/paoay/no_farm/mixed_crops/atok_paoay_20260205_233858_916d253b.jpg,1920,1080,1080p,2026-02-05T23:38:59.161Z,16.62974,120.7601,2426.0,19.0,1.7,1.0,20,-19,152,Atok,Paoay,,"cabbage,custom_chinese_cabbage",8.4,57.0,,TECNO_TECNO_CM8_2703FE,field,agricapture_collections.csv,umaga-atok
a042b2f3,71,2,5,images/atok/paoay/no_farm/mixed_crops/atok_paoay_20260205_233908_a042b2f3.jpg,1920,1080,1080p,2026-02-05T23:39:09.580Z,16.62974,120.7601,2426.0,19.0,1.7,1.0,15,-23,161,Atok,Paoay,,"cabbage,custom_chinese_cabbage",8.4,57.0,,TECNO_TECNO_CM8_2703FE,field,agricapture_collections.csv,umaga-atok
201d42db,71,3,5,images/atok/paoay/no_farm/mixed_crops/atok_paoay_20260205_233915_201d42db.jpg,1920,1080,1080p,2026-02-05T23:39:15.430Z,16.62974,120.7601,2426.0,19.0,1.7,1.0,9,-4,147,Atok,Paoay,,"cabbage,custom_chinese_cabbage",8.4,57.0,,TECNO_TECNO_CM8_2703FE,field,agricapture_collections.csv,umaga-atok
f087367a,71,4,5,images/atok/paoay/no_farm/mixed_crops/atok_paoay_20260205_233920_f087367a.jpg,1920,1080,1080p,2026-02-05T23:39:20.649Z,16.62974,120.7601,2426.0,19.0,1.7,1.0,27,-13,156,Atok,Paoay,,"cabbage,custom_chinese_cabbage",8.4,57.0,,TECNO_TECNO_CM8_2703FE,field,agricapture_collections.csv,umaga-atok
e079d418,71,5,5,images/atok/paoay/no_farm/mixed_crops/atok_paoay_20260205_233929_e079d418.jpg,1920,1080,1080p,2026-02-05T23:39:29.684Z,16.62974,120.7601,2426.0,19.0,1.7,1.0,48,-17,169,Atok,Paoay,,"cabbage,custom_chinese_cabbage",8.4,57.0,,TECNO_TECNO_CM8_2703FE,field,agricapture_collections.csv,umaga-atok
afb4653c,72,1,5,images/atok/paoay/no_farm/mixed_crops/atok_paoay_20260205_233953_afb4653c.jpg,1920,1080,1080p,2026-02-05T23:39:54.424Z,16.62974,120.7601,2426.0,19.0,1.7,1.0,22,-22,164,Atok,Paoay,,"cabbage,custom_chinese_cabbage",8.4,57.0,,TECNO_TECNO_CM8_2703FE,field,agricapture_collections.csv,umaga-atok
d2c6cf48,72,2,5,images/atok/paoay/no_farm/mixed_crops/atok_paoay_20260205_233958_d2c6cf48.jpg,1920,1080,1080p,2026-02-05T23:39:59.307Z,16.62974,120.7601,2426.0,19.0,1.7,1.0,8,-40,175,Atok,Paoay,,"cabbage,custom_chinese_cabbage",8.4,57.0,,TECNO_TECNO_CM8_2703FE,field,agricapture_collections.csv,umaga-atok
9e352d1f,72,3,5,images/atok/paoay/no_farm/mixed_crops/atok_paoay_20260205_234003_9e352d1f.jpg,1920,1080,1080p,2026-02-05T23:40:03.517Z,16.62974,120.7601,2426.0,19.0,1.7,1.0,4,8,149,Atok,Paoay,,"cabbage,custom_chinese_cabbage",8.4,57.0,,TECNO_TECNO_CM8_2703FE,field,agricapture_collections.csv,umaga-atok
4fca79cf,72,4,5,images/atok/paoay/no_farm/mixed_crops/atok_paoay_20260205_234007_4fca79cf.jpg,1920,1080,1080p,2026-02-05T23:40:07.814Z,16.62974,120.7601,2426.0,19.0,1.7,1.0,12,-11,159,Atok,Paoay,,"cabbage,custom_chinese_cabbage",8.4,57.0,,TECNO_TECNO_CM8_2703FE,field,agricapture_collections.csv,umaga-atok
1bb443e9,72,5,5,images/atok/paoay/no_farm/mixed_crops/atok_paoay_20260205_234011_1bb443e9.jpg,1920,1080,1080p,2026-02-05T23:40:11.976Z,16.62974,120.7601,2426.0,19.0,1.7,1.0,22,-14,157,Atok,Paoay,,"cabbage,custom_chinese_cabbage",8.4,57.0,,TECNO_TECNO_CM8_2703FE,field,agricapture_collections.csv,umaga-atok
148417d7,73,1,5,images/atok/paoay/no_farm/mixed_crops/atok_paoay_20260205_234203_148417d7.jpg,1920,1080,1080p,2026-02-05T23:42:03.783Z,16.62973,120.76008,2426.0,2.0,2.2,1.0,19,-7,166,Atok,Paoay,,"cabbage,custom_chinese_cabbage",10.9,50.0,,TECNO_TECNO_CM8_2703FE,field,agricapture_collections.csv,umaga-atok
dcc2a4d8,73,2,5,images/atok/paoay/no_farm/mixed_crops/atok_paoay_20260205_234209_dcc2a4d8.jpg,1920,1080,1080p,2026-02-05T23:42:09.523Z,16.629712,120.760108,2426.0,1.0,1.9,1.0,30,-7,181,Atok,Paoay,,"cabbage,custom_chinese_cabbage",10.9,50.0,,TECNO_TECNO_CM8_2703FE,field,agricapture_collections.csv,umaga-atok
e9b7009c,73,3,5,images/atok/paoay/no_farm/mixed_crops/atok_paoay_20260205_234214_e9b7009c.jpg,1920,1080,1080p,2026-02-05T23:42:15.581Z,16.629712,120.760108,2426.0,1.0,1.9,1.0,35,-11,151,Atok,Paoay,,"cabbage,custom_chinese_cabbage",10.9,50.0,,TECNO_TECNO_CM8_2703FE,field,agricapture_collections.csv,umaga-atok
831b05b7,73,4,5,images/atok/paoay/no_farm/mixed_crops/atok_paoay_20260205_234220_831b05b7.jpg,1920,1080,1080p,2026-02-05T23:42:20.715Z,16.629712,120.760108,2426.0,1.0,1.9,1.0,27,-8,160,Atok,Paoay,,"cabbage,custom_chinese_cabbage",10.9,50.0,,TECNO_TECNO_CM8_2703FE,field,agricapture_collections.csv,umaga-atok
88d8fd8b,73,5,5,images/atok/paoay/no_farm/mixed_crops/atok_paoay_20260205_234228_88d8fd8b.jpg,1920,1080,1080p,2026-02-05T23:42:28.837Z,16.629712,120.760108,2426.0,1.0,1.9,1.0,30,-9,193,Atok,Paoay,,"cabbage,custom_chinese_cabbage",10.9,50.0,,TECNO_TECNO_CM8_2703FE,field,agricapture_collections.csv,umaga-atok
e9fb2a4b,74,1,5,images/atok/paoay/no_farm/mixed_crops/atok_paoay_20260205_234356_e9fb2a4b.jpg,1920,1080,1080p,2026-02-05T23:43:57.047Z,16.629677,120.760205,2426.0,2.0,4.2,1.0,19,-1,316,Atok,Paoay,,"cabbage,custom_chinese_cabbage",10.9,50.0,,TECNO_TECNO_CM8_2703FE,field,agricapture_collections.csv,umaga-atok
7adda024,74,2,5,images/atok/paoay/no_farm/mixed_crops/atok_paoay_20260205_234400_7adda024.jpg,1920,1080,1080p,2026-02-05T23:44:01.039Z,16.629718,120.760165,2426.0,3.0,2.9,1.0,10,1,317,Atok,Paoay,,"cabbage,custom_chinese_cabbage",10.9,50.0,,TECNO_TECNO_CM8_2703FE,field,agricapture_collections.csv,umaga-atok
cd9a137e,74,3,5,images/atok/paoay/no_farm/mixed_crops/atok_paoay_20260205_234404_cd9a137e.jpg,1920,1080,1080p,2026-02-05T23:44:04.780Z,16.629737,120.760132,2426.0,3.0,2.5,1.0,11,4,319,Atok,Paoay,,"cabbage,custom_chinese_cabbage",10.9,50.0,,TECNO_TECNO_CM8_2703FE,field,agricapture_collections.csv,umaga-atok
b105c107,74,4,5,images/atok/paoay/no_farm/mixed_crops/atok_paoay_20260205_234408_b105c107.jpg,1920,1080,1080p,2026-02-05T23:44:08.827Z,16.629745,120.760107,2426.0,6.0,1.8,1.0,-16,-5,316,Atok,Paoay,,"cabbage,custom_chinese_cabbage",10.9,50.0,,TECNO_TECNO_CM8_2703FE,field,agricapture_collections.csv,umaga-atok
cf8ce437,74,5,5,images/atok/paoay/no_farm/mixed_crops/atok_paoay_20260205_234412_cf8ce437.jpg,1920,1080,1080p,2026-02-05T23:44:12.608Z,16.629745,120.760107,2426.0,6.0,1.8,1.0,-9,-14,328,Atok,Paoay,,"cabbage,custom_chinese_cabbage",10.9,50.0,,TECNO_TECNO_CM8_2703FE,field,agricapture_collections.csv,umaga-atok
3404efb8,75,1,5,images/atok/paoay/no_farm/mixed_crops/atok_paoay_20260205_234528_3404efb8.jpg,1920,1080,1080p,2026-02-05T23:45:29.172Z,16.629742,120.760105,2427.0,3.0,4.0,1.0,20,3,321,Atok,Paoay,,"cabbage,custom_chinese_cabbage",10.9,50.0,,TECNO_TECNO_CM8_2703FE,field,agricapture_collections.csv,umaga-atok
2ef8781e,75,2,5,images/atok/paoay/no_farm/mixed_crops/atok_paoay_20260205_234532_2ef8781e.jpg,1920,1080,1080p,2026-02-05T23:45:32.998Z,16.629758,120.76012,2426.0,9.0,18.8,1.0,-1,2,325,Atok,Paoay,,"cabbage,custom_chinese_cabbage",10.9,50.0,,TECNO_TECNO_CM8_2703FE,field,agricapture_collections.csv,umaga-atok
1078942b,75,3,5,images/atok/paoay/no_farm/mixed_crops/atok_paoay_20260205_234536_1078942b.jpg,1920,1080,1080p,2026-02-05T23:45:36.845Z,16.629758,120.76012,2426.0,9.0,18.8,1.0,15,4,325,Atok,Paoay,,"cabbage,custom_chinese_cabbage",10.9,50.0,,TECNO_TECNO_CM8_2703FE,field,agricapture_collections.csv,umaga-atok
f069c9e5,75,4,5,images/atok/paoay/no_farm/mixed_crops/atok_paoay_20260205_234540_f069c9e5.jpg,1920,1080,1080p,2026-02-05T23:45:40.806Z,16.629758,120.76012,2426.0,9.0,18.8,1.0,6,36,316,Atok,Paoay,,"cabbage,custom_chinese_cabbage",10.9,50.0,,TECNO_TECNO_CM8_2703FE,field,agricapture_collections.csv,umaga-atok
1cec6679,75,5,5,images/atok/paoay/no_farm/mixed_crops/atok_paoay_20260205_234545_1cec6679.jpg,1920,1080,1080p,2026-02-05T23:45:45.850Z,16.629738,120.760117,2426.0,7.0,1.9,1.0,59,-63,278,Atok,Paoay,,"cabbage,custom_chinese_cabbage",10.9,50.0,,TECNO_TECNO_CM8_2703FE,field,agricapture_collections.csv,umaga-atok
3e78be4f,76,1,5,images/atok/paoay/no_farm/mixed_crops/atok_paoay_20260206_000149_3e78be4f.jpg,1920,1080,1080p,2026-02-06T00:01:49.539Z,16.630133,120.759182,2427.0,11.0,1.9,1.0,40,3,89,Atok,Paoay,,"cabbage,custom_chinese_cabbage",11.0,50.0,,TECNO_TECNO_CM8_2703FE,field,agricapture_collections.csv,umaga-atok
58255c29,76,2,5,images/atok/paoay/no_farm/mixed_crops/atok_paoay_20260206_000152_58255c29.jpg,1920,1080,1080p,2026-02-06T00:01:53.267Z,16.630142,120.75916,2427.0,11.0,1.9,1.0,42,3,118,Atok,Paoay,,"cabbage,custom_chinese_cabbage",11.0,50.0,,TECNO_TECNO_CM8_2703FE,field,agricapture_collections.csv,umaga-atok
c13df78c,76,3,5,images/atok/paoay/no_farm/mixed_crops/atok_paoay_20260206_000157_c13df78c.jpg,1920,1080,1080p,2026-02-06T00:01:57.489Z,16.630168,120.759155,2427.0,11.0,4.3,1.0,40,-1,70,Atok,Paoay,,"cabbage,custom_chinese_cabbage",11.0,50.0,,TECNO_TECNO_CM8_2703FE,field,agricapture_collections.csv,umaga-atok
6f8aca75,76,4,5,images/atok/paoay/no_farm/mixed_crops/atok_paoay_20260206_000200_6f8aca75.jpg,1920,1080,1080p,2026-02-06T00:02:01.155Z,16.630192,120.759148,2427.0,11.0,2.0,1.0,4,1,92,Atok,Paoay,,"cabbage,custom_chinese_cabbage",11.0,50.0,,TECNO_TECNO_CM8_2703FE,field,agricapture_collections.csv,umaga-atok
af69ce65,76,5,5,images/atok/paoay/no_farm/mixed_crops/atok_paoay_20260206_000205_af69ce65.jpg,1920,1080,1080p,2026-02-06T00:02:05.524Z,16.630192,120.759148,2427.0,11.0,2.0,1.0,16,-1,95,Atok,Paoay,,"cabbage,custom_chinese_cabbage",11.0,50.0,,TECNO_TECNO_CM8_2703FE,field,agricapture_collections.csv,umaga-atok
9cfea872,77,1,5,images/atok/paoay/no_farm/mixed_crops/atok_paoay_20260206_000236_9cfea872.jpg,1920,1080,1080p,2026-02-06T00:02:37.680Z,16.630135,120.759178,2427.0,12.0,2.0,1.0,3,-8,229,Atok,Paoay,,"cabbage,custom_chinese_cabbage",11.0,50.0,,TECNO_TECNO_CM8_2703FE,field,agricapture_collections.csv,umaga-atok
f6901395,77,2,5,images/atok/paoay/no_farm/mixed_crops/atok_paoay_20260206_000241_f6901395.jpg,1920,1080,1080p,2026-02-06T00:02:41.677Z,16.630135,120.759178,2427.0,12.0,2.0,1.0,3,4,231,Atok,Paoay,,"cabbage,custom_chinese_cabbage",11.0,50.0,,TECNO_TECNO_CM8_2703FE,field,agricapture_collections.csv,umaga-atok
2f88a12b,77,3,5,images/atok/paoay/no_farm/mixed_crops/atok_paoay_20260206_000244_2f88a12b.jpg,1920,1080,1080p,2026-02-06T00:02:45.501Z,16.630118,120.75917,2427.0,12.0,1.7,1.0,24,-9,225,Atok,Paoay,,"cabbage,custom_chinese_cabbage",11.0,50.0,,TECNO_TECNO_CM8_2703FE,field,agricapture_collections.csv,umaga-atok
c678b57a,77,4,5,images/atok/paoay/no_farm/mixed_crops/atok_paoay_20260206_000249_c678b57a.jpg,1920,1080,1080p,2026-02-06T00:02:50.123Z,16.630118,120.75917,2427.0,12.0,1.7,1.0,-40,-9,236,Atok,Paoay,,"cabbage,custom_chinese_cabbage",11.0,50.0,,TECNO_TECNO_CM8_2703FE,field,agricapture_collections.csv,umaga-atok
d29130d5,77,5,5,images/atok/paoay/no_farm/mixed_crops/atok_paoay_20260206_000307_d29130d5.jpg,1920,1080,1080p,2026-02-06T00:03:08.100Z,16.630095,120.759188,2427.0,12.0,1.6,1.0,8,-39,195,Atok,Paoay,,"cabbage,custom_chinese_cabbage",11.0,50.0,,TECNO_TECNO_CM8_2703FE,field,agricapture_collections.csv,umaga-atok
9b77660c,78,1,5,images/atok/paoay/no_farm/mixed_crops/atok_paoay_20260206_000338_9b77660c.jpg,1920,1080,1080p,2026-02-06T00:03:38.497Z,16.630145,120.759126,2433.0,9.0,3.1,1.0,1,-35,359,Atok,Paoay,,"cabbage,custom_chinese_cabbage",11.0,50.0,,TECNO_TECNO_CM8_2703FE,field,agricapture_collections.csv,umaga-atok
ff1967fd,78,2,5,images/atok/paoay/no_farm/mixed_crops/atok_paoay_20260206_000346_ff1967fd.jpg,1920,1080,1080p,2026-02-06T00:03:46.501Z,16.630145,120.759126,2433.0,9.0,3.1,1.0,1,-16,0,Atok,Paoay,,"cabbage,custom_chinese_cabbage",11.0,50.0,,TECNO_TECNO_CM8_2703FE,field,agricapture_collections.csv,umaga-atok
234ac36e,78,3,5,images/atok/paoay/no_farm/mixed_crops/atok_paoay_20260206_000350_234ac36e.jpg,1920,1080,1080p,2026-02-06T00:03:51.257Z,16.630145,120.759126,2433.0,9.0,3.1,1.0,2,18,1,Atok,Paoay,,"cabbage,custom_chinese_cabbage",11.0,50.0,,TECNO_TECNO_CM8_2703FE,field,agricapture_collections.csv,umaga-atok
7cfd7291,78,4,5,images/atok/paoay/no_farm/mixed_crops/atok_paoay_20260206_000358_7cfd7291.jpg,1920,1080,1080p,2026-02-06T00:03:58.633Z,16.630145,120.759126,2433.0,9.0,3.1,1.0,27,4,343,Atok,Paoay,,"cabbage,custom_chinese_cabbage",11.0,50.0,,TECNO_TECNO_CM8_2703FE,field,agricapture_collections.csv,umaga-atok
8d9246fc,78,5,5,images/atok/paoay/no_farm/mixed_crops/atok_paoay_20260206_000404_8d9246fc.jpg,1920,1080,1080p,2026-02-06T00:04:04.907Z,16.630145,120.759126,2433.0,9.0,3.1,1.0,-1,-21,20,Atok,Paoay,,"cabbage,custom_chinese_cabbage",11.0,50.0,,TECNO_TECNO_CM8_2703FE,field,agricapture_collections.csv,umaga-atok
d0499518,80,1,5,images/atok/paoay/no_farm/mixed_crops/atok_paoay_20260206_000706_d0499518.jpg,1920,1080,1080p,2026-02-06T00:07:06.983Z,16.630089,120.758938,2441.0,20.0,12.0,1.0,9,-26,195,Atok,Paoay,,"cabbage,custom_chinese_cabbage",11.0,50.0,,TECNO_TECNO_CM8_2703FE,field,agricapture_collections.csv,umaga-atok
95bf75a9,80,2,5,images/atok/paoay/no_farm/mixed_crops/atok_paoay_20260206_000715_95bf75a9.jpg,1920,1080,1080p,2026-02-06T00:07:15.567Z,16.630073,120.758996,2440.0,16.0,16.7,1.0,14,2,171,Atok,Paoay,,"cabbage,custom_chinese_cabbage",11.0,50.0,,TECNO_TECNO_CM8_2703FE,field,agricapture_collections.csv,umaga-atok
b2c8ad23,80,3,5,images/atok/paoay/no_farm/mixed_crops/atok_paoay_20260206_000718_b2c8ad23.jpg,1920,1080,1080p,2026-02-06T00:07:19.368Z,16.630073,120.758996,2440.0,16.0,16.7,1.0,49,2,163,Atok,Paoay,,"cabbage,custom_chinese_cabbage",11.0,50.0,,TECNO_TECNO_CM8_2703FE,field,agricapture_collections.csv,umaga-atok
dd1b7be2,80,4,5,images/atok/paoay/no_farm/mixed_crops/atok_paoay_20260206_000726_dd1b7be2.jpg,1920,1080,1080p,2026-02-06T00:07:26.987Z,16.63006,120.759021,2434.0,10.0,1.6,1.0,4,-10,176,Atok,Paoay,,"cabbage,custom_chinese_cabbage",11.0,50.0,,TECNO_TECNO_CM8_2703FE,field,agricapture_collections.csv,umaga-atok
afc08a30,80,5,5,images/atok/paoay/no_farm/mixed_crops/atok_paoay_20260206_000733_afc08a30.jpg,1920,1080,1080p,2026-02-06T00:07:34.391Z,16.630053,120.759051,2434.0,9.0,1.6,1.0,33,-23,146,Atok,Paoay,,"cabbage,custom_chinese_cabbage",11.0,50.0,,TECNO_TECNO_CM8_2703FE,field,agricapture_collections.csv,umaga-atok
cf354b3f,81,1,5,images/atok/paoay/no_farm/mixed_crops/atok_paoay_20260206_000925_cf354b3f.jpg,1920,1080,1080p,2026-02-06T00:09:26.139Z,16.63004,120.759045,2434.0,26.0,4.3,1.0,20,-3,129,Atok,Paoay,,"cabbage,custom_chinese_cabbage",11.0,50.0,,TECNO_TECNO_CM8_2703FE,field,agricapture_collections.csv,umaga-atok
7efc055a,81,2,5,images/atok/paoay/no_farm/mixed_crops/atok_paoay_20260206_000929_7efc055a.jpg,1920,1080,1080p,2026-02-06T00:09:30.156Z,16.629992,120.758982,2433.0,21.0,18.7,1.0,10,-20,143,Atok,Paoay,,"cabbage,custom_chinese_cabbage",17.0,51.0,,TECNO_TECNO_CM8_2703FE,field,agricapture_collections.csv,umaga-atok
72882062,81,3,5,images/atok/paoay/no_farm/mixed_crops/atok_paoay_20260206_000946_72882062.jpg,1920,1080,1080p,2026-02-06T00:09:46.783Z,16.629919,120.758882,2433.0,11.0,1.6,1.0,20,33,150,Atok,Paoay,,"cabbage,custom_chinese_cabbage",17.0,51.0,,TECNO_TECNO_CM8_2703FE,field,agricapture_collections.csv,umaga-atok
3c3c3213,81,4,5,images/atok/paoay/no_farm/mixed_crops/atok_paoay_20260206_000953_3c3c3213.jpg,1920,1080,1080p,2026-02-06T00:09:54.249Z,16.629919,120.758882,2433.0,11.0,1.6,1.0,28,24,75,Atok,Paoay,,"cabbage,custom_chinese_cabbage",17.0,51.0,,TECNO_TECNO_CM8_2703FE,field,agricapture_collections.csv,umaga-atok
9a5da00f,81,5,5,images/atok/paoay/no_farm/mixed_crops/atok_paoay_20260206_001001_9a5da00f.jpg,1920,1080,1080p,2026-02-06T00:10:02.260Z,16.629917,120.758906,2433.0,12.0,3.0,1.0,7,32,54,Atok,Paoay,,"cabbage,custom_chinese_cabbage",17.0,51.0,,TECNO_TECNO_CM8_2703FE,field,agricapture_collections.csv,umaga-atok
73c5854b,84,1,5,images/atok/paoay/no_farm/mixed_crops/atok_paoay_20260206_001335_73c5854b.jpg,1920,1080,1080p,2026-02-06T00:13:36.743Z,16.629675,120.758576,2436.0,12.0,3.0,1.0,43,1,129,Atok,Paoay,,"cabbage,custom_chinese_cabbage",17.0,51.0,,TECNO_TECNO_CM8_2703FE,field,agricapture_collections.csv,umaga-atok
0ee3c852,84,2,5,images/atok/paoay/no_farm/mixed_crops/atok_paoay_20260206_001347_0ee3c852.jpg,1920,1080,1080p,2026-02-06T00:13:47.724Z,16.629675,120.758576,2436.0,12.0,3.0,1.0,19,3,128,Atok,Paoay,,"cabbage,custom_chinese_cabbage",17.0,51.0,,TECNO_TECNO_CM8_2703FE,field,agricapture_collections.csv,umaga-atok
316e2164,84,3,5,images/atok/paoay/no_farm/mixed_crops/atok_paoay_20260206_001359_316e2164.jpg,1920,1080,1080p,2026-02-06T00:13:59.816Z,16.629675,120.758576,2436.0,12.0,3.0,1.0,3,5,130,Atok,Paoay,,"cabbage,custom_chinese_cabbage",17.0,51.0,,TECNO_TECNO_CM8_2703FE,field,agricapture_collections.csv,umaga-atok
34005069,84,4,5,images/atok/paoay/no_farm/mixed_crops/atok_paoay_20260206_001412_34005069.jpg,1920,1080,1080p,2026-02-06T00:14:12.821Z,16.629675,120.758576,2436.0,12.0,3.0,1.0,19,40,136,Atok,Paoay,,"cabbage,custom_chinese_cabbage",17.0,51.0,,TECNO_TECNO_CM8_2703FE,field,agricapture_collections.csv,umaga-atok
b397aaa8,84,5,5,images/atok/paoay/no_farm/mixed_crops/atok_paoay_20260206_001428_b397aaa8.jpg,1920,1080,1080p,2026-02-06T00:14:29.362Z,16.629675,120.758576,2436.0,12.0,3.0,1.0,34,0,160,Atok,Paoay,,"cabbage,custom_chinese_cabbage",17.0,51.0,,TECNO_TECNO_CM8_2703FE,field,agricapture_collections.csv,umaga-atok
ca6df197,88,1,5,images/atok/paoay/no_farm/mixed_crops/atok_paoay_20260206_001600_ca6df197.jpg,1920,1080,1080p,2026-02-06T00:16:01.370Z,16.629668,120.758679,2440.0,13.0,3.0,1.0,16,-15,280,Atok,Paoay,,"cabbage,custom_chinese_cabbage",17.0,51.0,,TECNO_TECNO_CM8_2703FE,field,agricapture_collections.csv,umaga-atok
35c52428,88,2,5,images/atok/paoay/no_farm/mixed_crops/atok_paoay_20260206_001608_35c52428.jpg,1920,1080,1080p,2026-02-06T00:16:09.607Z,16.629668,120.758679,2440.0,13.0,3.0,1.0,-36,-11,326,Atok,Paoay,,"cabbage,custom_chinese_cabbage",17.0,51.0,,TECNO_TECNO_CM8_2703FE,field,agricapture_collections.csv,umaga-atok
783aaf4f,88,3,5,images/atok/paoay/no_farm/mixed_crops/atok_paoay_20260206_001614_783aaf4f.jpg,1920,1080,1080p,2026-02-06T00:16:14.890Z,16.629668,120.758679,2440.0,13.0,3.0,1.0,-50,1,343,Atok,Paoay,,"cabbage,custom_chinese_cabbage",17.0,51.0,,TECNO_TECNO_CM8_2703FE,field,agricapture_collections.csv,umaga-atok
f82cc7b8,88,4,5,images/atok/paoay/no_farm/mixed_crops/atok_paoay_20260206_001619_f82cc7b8.jpg,1920,1080,1080p,2026-02-06T00:16:20.142Z,16.629668,120.758679,2440.0,13.0,3.0,1.0,-14,-46,318,Atok,Paoay,,"cabbage,custom_chinese_cabbage",17.0,51.0,,TECNO_TECNO_CM8_2703FE,field,agricapture_collections.csv,umaga-atok
fb68c534,88,5,5,images/atok/paoay/no_farm/mixed_crops/atok_paoay_20260206_001625_fb68c534.jpg,1920,1080,1080p,2026-02-06T00:16:26.185Z,16.629668,120.758679,2440.0,13.0,3.0,1.0,-16,-30,341,Atok,Paoay,,"cabbage,custom_chinese_cabbage",17.0,51.0,,TECNO_TECNO_CM8_2703FE,field,agricapture_collections.csv,umaga-atok
6bf82def,89,1,5,images/atok/paoay/no_farm/mixed_crops/atok_paoay_20260206_001746_6bf82def.jpg,1920,1080,1080p,2026-02-06T00:17:46.712Z,16.629677,120.758755,2431.0,15.0,3.9,1.0,34,0,64,Atok,Paoay,,"cabbage,custom_chinese_cabbage",17.0,51.0,,TECNO_TECNO_CM8_2703FE,field,agricapture_collections.csv,umaga-atok
20d74583,89,2,5,images/atok/paoay/no_farm/mixed_crops/atok_paoay_20260206_001751_20d74583.jpg,1920,1080,1080p,2026-02-06T00:17:51.877Z,16.629692,120.758768,2432.0,12.0,3.0,1.0,25,8,66,Atok,Paoay,,"cabbage,custom_chinese_cabbage",17.0,51.0,,TECNO_TECNO_CM8_2703FE,field,agricapture_collections.csv,umaga-atok
707ab5b0,89,3,5,images/atok/paoay/no_farm/mixed_crops/atok_paoay_20260206_001756_707ab5b0.jpg,1920,1080,1080p,2026-02-06T00:17:57.634Z,16.629692,120.758768,2432.0,12.0,3.0,1.0,24,-19,169,Atok,Paoay,,"cabbage,custom_chinese_cabbage",17.0,51.0,,TECNO_TECNO_CM8_2703FE,field,agricapture_collections.csv,umaga-atok
a029f7ab,89,4,5,images/atok/paoay/no_farm/mixed_crops/atok_paoay_20260206_001806_a029f7ab.jpg,1920,1080,1080p,2026-02-06T00:18:07.129Z,16.629692,120.758768,2432.0,12.0,3.0,1.0,-8,-26,204,Atok,Paoay,,"cabbage,custom_chinese_cabbage",17.0,51.0,,TECNO_TECNO_CM8_2703FE,field,agricapture_collections.csv,umaga-atok
8b97961b,89,5,5,images/atok/paoay/no_farm/mixed_crops/atok_paoay_20260206_001811_8b97961b.jpg,1920,1080,1080p,2026-02-06T00:18:12.227Z,16.629692,120.758768,2432.0,12.0,3.0,1.0,8,-38,182,Atok,Paoay,,"cabbage,custom_chinese_cabbage",17.0,51.0,,TECNO_TECNO_CM8_2703FE,field,agricapture_collections.csv,umaga-atok
a49477b8,90,1,5,images/atok/paoay/no_farm/mixed_crops/atok_paoay_20260206_002103_a49477b8.jpg,1920,1080,1080p,2026-02-06T00:21:03.367Z,16.629694,120.758801,2436.0,17.0,3.4,1.0,39,-4,260,Atok,Paoay,,"cabbage,custom_chinese_cabbage",17.0,51.0,,TECNO_TECNO_CM8_2703FE,field,agricapture_collections.csv,umaga-atok
fe474abf,90,2,5,images/atok/paoay/no_farm/mixed_crops/atok_paoay_20260206_002109_fe474abf.jpg,1920,1080,1080p,2026-02-06T00:21:09.585Z,16.629673,120.758798,2436.0,14.0,18.1,1.0,11,-3,258,Atok,Paoay,,"cabbage,custom_chinese_cabbage",17.0,51.0,,TECNO_TECNO_CM8_2703FE,field,agricapture_collections.csv,umaga-atok
36721ded,90,3,5,images/atok/paoay/no_farm/mixed_crops/atok_paoay_20260206_002117_36721ded.jpg,1920,1080,1080p,2026-02-06T00:21:18.532Z,16.629673,120.758798,2436.0,14.0,18.1,1.0,40,1,103,Atok,Paoay,,"cabbage,custom_chinese_cabbage",17.0,51.0,,TECNO_TECNO_CM8_2703FE,field,agricapture_collections.csv,umaga-atok
5c189753,90,4,5,images/atok/paoay/no_farm/mixed_crops/atok_paoay_20260206_002124_5c189753.jpg,1920,1080,1080p,2026-02-06T00:21:24.652Z,16.629673,120.758798,2436.0,14.0,18.1,1.0,36,-3,125,Atok,Paoay,,"cabbage,custom_chinese_cabbage",17.0,51.0,,TECNO_TECNO_CM8_2703FE,field,agricapture_collections.csv,umaga-atok
a8d580c7,90,5,5,images/atok/paoay/no_farm/mixed_crops/atok_paoay_20260206_002135_a8d580c7.jpg,1920,1080,1080p,2026-02-06T00:21:36.310Z,16.629673,120.758798,2436.0,14.0,18.1,1.0,27,-6,11,Atok,Paoay,,"cabbage,custom_chinese_cabbage",17.0,51.0,,TECNO_TECNO_CM8_2703FE,field,agricapture_collections.csv,umaga-atok
794e4c26,91,1,5,images/atok/paoay/no_farm/mixed_crops/atok_paoay_20260206_002823_794e4c26.jpg,1920,1080,1080p,2026-02-06T00:28:24.226Z,16.630202,120.759012,2422.0,46.0,2.0,1.0,25,-1,241,Atok,Paoay,,"cabbage,custom_chinese_cabbage",,,,TECNO_TECNO_CM8_2703FE,field,agricapture_collections.csv,umaga-atok
c05d97ef,91,2,5,images/atok/paoay/no_farm/mixed_crops/atok_paoay_20260206_002829_c05d97ef.jpg,1920,1080,1080p,2026-02-06T00:28:30.270Z,16.630197,120.75903,2422.0,24.0,2.0,1.0,41,0,252,Atok,Paoay,,"cabbage,custom_chinese_cabbage",,,,TECNO_TECNO_CM8_2703FE,field,agricapture_collections.csv,umaga-atok
c969be88,91,3,5,images/atok/paoay/no_farm/mixed_crops/atok_paoay_20260206_002834_c969be88.jpg,1920,1080,1080p,2026-02-06T00:28:34.626Z,16.630197,120.75903,2422.0,24.0,2.0,1.0,22,-21,249,Atok,Paoay,,"cabbage,custom_chinese_cabbage",17.0,51.0,,TECNO_TECNO_CM8_2703FE,field,agricapture_collections.csv,umaga-atok
e84fcdbc,91,4,5,images/atok/paoay/no_farm/mixed_crops/atok_paoay_20260206_002842_e84fcdbc.jpg,1920,1080,1080p,2026-02-06T00:28:42.490Z,16.63018,120.759007,2422.0,21.0,1.9,1.0,33,-4,47,Atok,Paoay,,"cabbage,custom_chinese_cabbage",17.0,51.0,,TECNO_TECNO_CM8_2703FE,field,agricapture_collections.csv,umaga-atok
6b7f8b50,91,5,5,images/atok/paoay/no_farm/mixed_crops/atok_paoay_20260206_002847_6b7f8b50.jpg,1920,1080,1080p,2026-02-06T00:28:47.974Z,16.630208,120.759027,2421.0,17.0,1.6,1.0,48,-6,46,Atok,Paoay,,"cabbage,custom_chinese_cabbage",17.0,51.0,,TECNO_TECNO_CM8_2703FE,field,agricapture_collections.csv,umaga-atok
b78157dd,93,1,5,images/atok/paoay/no_farm/mixed_crops/atok_paoay_20260206_003011_b78157dd.jpg,1920,1080,1080p,2026-02-06T00:30:12.521Z,16.6303,120.759013,2422.0,34.0,4.2,1.0,43,-1,115,Atok,Paoay,,"cabbage,custom_chinese_cabbage",17.0,51.0,,TECNO_TECNO_CM8_2703FE,field,agricapture_collections.csv,umaga-atok
4c8bf96a,93,2,5,images/atok/paoay/no_farm/mixed_crops/atok_paoay_20260206_003016_4c8bf96a.jpg,1920,1080,1080p,2026-02-06T00:30:16.567Z,16.630308,120.758987,2417.0,17.0,5.8,1.0,45,1,142,Atok,Paoay,,"cabbage,custom_chinese_cabbage",18.7,45.0,,TECNO_TECNO_CM8_2703FE,field,agricapture_collections.csv,umaga-atok
35f05eeb,93,3,5,images/atok/paoay/no_farm/mixed_crops/atok_paoay_20260206_003021_35f05eeb.jpg,1920,1080,1080p,2026-02-06T00:30:21.558Z,16.630308,120.758987,2417.0,17.0,5.8,1.0,46,-6,90,Atok,Paoay,,"cabbage,custom_chinese_cabbage",18.7,45.0,,TECNO_TECNO_CM8_2703FE,field,agricapture_collections.csv,umaga-atok
c0d02fc9,93,4,5,images/atok/paoay/no_farm/mixed_crops/atok_paoay_20260206_003025_c0d02fc9.jpg,1920,1080,1080p,2026-02-06T00:30:25.964Z,16.630308,120.758987,2417.0,17.0,5.8,1.0,8,3,95,Atok,Paoay,,"cabbage,custom_chinese_cabbage",18.7,45.0,,TECNO_TECNO_CM8_2703FE,field,agricapture_collections.csv,umaga-atok
5a238577,93,5,5,images/atok/paoay/no_farm/mixed_crops/atok_paoay_20260206_003048_5a238577.jpg,1920,1080,1080p,2026-02-06T00:30:49.190Z,16.630312,120.758967,2420.0,13.0,1.5,1.0,76,47,62,Atok,Paoay,,"cabbage,custom_chinese_cabbage",18.7,45.0,,TECNO_TECNO_CM8_2703FE,field,agricapture_collections.csv,umaga-atok
1cc47a2a,96,1,5,images/atok/paoay/no_farm/mixed_crops/atok_paoay_20260206_003200_1cc47a2a.jpg,1920,1080,1080p,2026-02-06T00:32:00.817Z,16.630338,120.758788,2421.0,18.0,3.5,1.0,41,-1,265,Atok,Paoay,,"cabbage,custom_chinese_cabbage",18.7,45.0,,TECNO_TECNO_CM8_2703FE,field,agricapture_collections.csv,umaga-atok
4b51ef8a,96,2,5,images/atok/paoay/no_farm/mixed_crops/atok_paoay_20260206_003213_4b51ef8a.jpg,1920,1080,1080p,2026-02-06T00:32:13.833Z,16.63035,120.758815,2422.0,14.0,1.6,1.0,41,-17,244,Atok,Paoay,,"cabbage,custom_chinese_cabbage",18.7,45.0,,TECNO_TECNO_CM8_2703FE,field,agricapture_collections.csv,umaga-atok
c61bbee9,96,3,5,images/atok/paoay/no_farm/cabbage/atok_paoay_20260206_003231_c61bbee9.jpg,1920,1080,1080p,2026-02-06T00:32:32.025Z,16.63033,120.75881,2420.0,15.0,1.5,1.0,34,11,106,Atok,Paoay,,cabbage,18.7,45.0,,TECNO_TECNO_CM8_2703FE,field,agricapture_collections.csv,umaga-atok
4848d6a0,96,4,5,images/atok/paoay/no_farm/cabbage/atok_paoay_20260206_003235_4848d6a0.jpg,1920,1080,1080p,2026-02-06T00:32:36.495Z,16.63033,120.75881,2420.0,15.0,1.5,1.0,19,6,74,Atok,Paoay,,cabbage,18.7,45.0,,TECNO_TECNO_CM8_2703FE,field,agricapture_collections.csv,umaga-atok
baddcb43,96,5,5,images/atok/paoay/no_farm/cabbage/atok_paoay_20260206_003240_baddcb43.jpg,1920,1080,1080p,2026-02-06T00:32:41.119Z,16.63033,120.75881,2420.0,15.0,1.5,1.0,38,4,77,Atok,Paoay,,cabbage,18.7,45.0,,TECNO_TECNO_CM8_2703FE,field,agricapture_collections.csv,umaga-atok
94e1d618,99,1,5,images/atok/paoay/no_farm/cabbage/atok_paoay_20260206_003519_94e1d618.jpg,1920,1080,1080p,2026-02-06T00:35:19.656Z,16.630534,120.758829,2413.0,11.0,3.1,1.0,38,5,179,Atok,Paoay,,cabbage,18.7,45.0,,TECNO_TECNO_CM8_2703FE,field,agricapture_collections.csv,umaga-atok
b494b096,99,2,5,images/atok/paoay/no_farm/cabbage/atok_paoay_20260206_003523_b494b096.jpg,1920,1080,1080p,2026-02-06T00:35:24.232Z,16.630534,120.758829,2413.0,11.0,3.1,1.0,35,6,179,Atok,Paoay,,cabbage,18.7,45.0,,TECNO_TECNO_CM8_2703FE,field,agricapture_collections.csv,umaga-atok
bb079fec,99,3,5,images/atok/paoay/no_farm/cabbage/atok_paoay_20260206_003528_bb079fec.jpg,1920,1080,1080p,2026-02-06T00:35:28.694Z,16.630534,120.758829,2413.0,11.0,3.1,1.0,43,-3,199,Atok,Paoay,,cabbage,18.7,45.0,,TECNO_TECNO_CM8_2703FE,field,agricapture_collections.csv,umaga-atok
3d2fc631,99,4,5,images/atok/paoay/no_farm/cabbage/atok_paoay_20260206_003542_3d2fc631.jpg,1920,1080,1080p,2026-02-06T00:35:42.658Z,16.630534,120.758829,2413.0,11.0,3.1,1.0,40,5,13,Atok,Paoay,,cabbage,18.7,45.0,,TECNO_TECNO_CM8_2703FE,field,agricapture_collections.csv,umaga-atok
1f25e6a0,99,5,5,images/atok/paoay/no_farm/cabbage/atok_paoay_20260206_003551_1f25e6a0.jpg,1920,1080,1080p,2026-02-06T00:35:51.640Z,16.630534,120.758829,2413.0,11.0,3.1,1.0,33,-37,49,Atok,Paoay,,cabbage,18.7,45.0,,TECNO_TECNO_CM8_2703FE,field,agricapture_collections.csv,umaga-atok
